tree
version=v4
num_class=1
num_tree_per_iteration=1
label_index=0
max_feature_idx=19
objective=binary sigmoid:1
feature_names=ap1_cancelreason_3545846M_nunique ap1_count ap1_credamount_590A_mean ap1_annuity_853A_mean ap1_credacc_actualbalance_314A_mean ap1_actualdpd_943P_mean ap1_credamount_590A_max ap1_annuity_853A_max s0_credamount_770A s0_annuity_780A s0_currdebt_22A burb1_count bura1_count taxa_count taxb_count per1_total_persons fe_month fe_year fe_dayofweek WEEK_NUM
feature_infos=[1:9] [1:20] [0:400000] [0:94089] [-32947.32421875:200000] [0:3676] [0:479614] [0:94089] [2000:500000] [83:56326] [0:1028338.1875] [1:9] [1:246] [1:48] [1:38] [1:8] [1:12] [2019:2020] [0:6] [0:72]
tree_sizes=5336 5335 5334 5347 5351 5375 5390 5396 5437 5417 5426 5412 5413 5438 5412 5443 5428 5417 5439 5434 5437 5429 5428 5439 5438 5412 5437 5443 5440 5438 5450 5434 5429 5426 5437 5446 5435 5456 5443 5452 5433 5470 5459 5469 5451 5449 5452 5456 5465 5464 5456 5480 5464 5447 5471 5462 5479 5460 5468 5486 5476 5463 5487 5479 5475 5521 5489 5483 5477 5471 5465 5469 5513 5465 5495 5497 5448 5469 5467 5463 5479 5477 5468 5490 5515 5463 5462 5493 5492 5499 5478 5493 5464 5483 5449 5457 5507 5483 5487 5512 5487 5485 5509 5487 5496 5460 5489 5459 5459 5434 5475 5490 5475 5445 5502 5482 5491 5480 5475 5460 5436 5464 5447 5447 5474 5485 5470 5466 5479 5466 5456 5428 5515 5476 5492 5447 5489 5503 5441 5425 5505 5427 5456 5462 5487 5458 5406 5456 5539 5468 5426 5469 5433 5423

Tree=0
num_leaves=50
num_cat=0
split_feature=13 6 7 0 0 12 12 1 18 10 12 18 8 8 12 1 8 12 12 8 8 18 8 8 19 6 7 16 19 10 8 8 11 6 8 8 5 19 10 8 7 16 6 10 9 19 10 0 13
split_gain=9439.7 7307.51 7132.3 4839.36 3856.1 2259.9 2222.98 1895.77 1852.93 1342.04 1342.84 1268.76 1268.54 1265.63 1256.49 1217.18 1255.91 929.175 862.637 841.251 808.025 786.068 742.626 729.674 707.562 699.944 1150.58 696.363 662.292 650.956 637.191 915.745 632.516 626.967 617.684 599.173 576.869 554.282 590.858 552.281 893.083 646.404 598.627 545.405 545.318 746.738 530.624 525.842 524.778
threshold=5.5000000000000009 58896.099609375007 4398.1000976562509 1.5000000000000002 1.5000000000000002 10.500000000000002 11.500000000000002 4.5000000000000009 3.5000000000000004 29278.400390625004 11.500000000000002 3.5000000000000004 99999.902343750015 135545.80468750003 11.500000000000002 6.5000000000000009 16237.000000000002 10.500000000000002 10.500000000000002 70003.000000000015 150010.00000000003 4.5000000000000009 87727.300781250015 59255.500000000007 56.500000000000007 156387.00000000003 9565.1000976562518 5.5000000000000009 54.500000000000007 97231.214843750015 59979.000000000007 44574.500000000007 1.5000000000000002 50000.099609375007 27998.100585937504 119036.90234375001 0.97499999403953563 36.500000000000007 40614.601562500007 110006.30078125001 7785.1000976562509 1.5000000000000002 156387.00000000003 133517.00000000003 5604.5000000000009 37.500000000000007 118006.20312500001 2.5000000000000004 8.5000000000000018
decision_type=2 2 2 2 2 2 2 2 2 2 2 2 2 2 2 2 2 2 2 2 2 2 2 2 2 2 2 2 2 2 2 2 2 2 2 2 2 2 2 2 2 2 2 2 2 2 2 2 2
left_child=7 2 3 6 14 25 8 13 30 10 11 32 36 21 39 16 -13 34 -9 27 -18 -1 24 -19 -20 26 37 -7 -8 -16 31 -2 -4 -33 -5 47 -10 38 -6 40 -3 -41 43 -42 -21 -46 -28 48 -34
right_child=1 4 9 17 5 19 28 18 12 -11 -12 15 -14 -15 29 -17 20 23 22 44 -22 -23 -24 -25 -26 -27 46 -29 -30 -31 -32 33 35 -35 -36 -37 -38 -39 -40 41 42 -43 -44 -45 45 -47 -48 -49 -50
leaf_value=-2.5538581749346059 -2.6052793599415787 -2.6195359046026656 -2.4842226755250865 -2.5089228566840935 -2.5594888976818906 -2.5925577587362203 -2.7546665671356299 -2.4607208839546577 -2.676225562946053 -2.5831617942955081 -2.7570494763799198 -2.6431814320484333 -2.5481822920014268 -2.4411665158209486 -2.737662424887513 -2.5470873511565157 -2.7301596387583138 -2.6098618436794987 -2.667224436123965 -2.5197620471226805 -2.5663227318313195 -2.6198409216585761 -2.4544466233788964 -2.5187838477039017 -2.5005981933603323 -2.5048387493767041 -2.6649337774151367 -2.6390118290042355 -2.6234430674104732 -2.613939701368881 -2.5609394917069892 -2.7468084562111259 -2.6637090041070577 -2.4744302815046018 -2.5722206612445357 -2.5776619761822976 -2.3829200526594962 -2.5317293773655312 -2.6636116677811947 -2.8390290129688873 -2.7739036907394357 -2.5568026677300533 -2.5974165999752938 -2.5850473265232656 -2.6185717153969552 -2.5411339837880171 -2.4731529755219777 -2.557187941097804 -2.7554500994149094
leaf_weight=538.18630927801132 754.44284296035767 570.25937688350677 18.844977676868439 342.85742062330246 250.52586585283279 695.33297616243362 177.02666705846786 328.53119802474976 751.03484445810318 124.55608856678009 208.02684491872787 215.09528869390488 79.898666381835938 70.709688425064087 156.23786693811417 44.25351095199585 796.13404566049576 382.12515485286713 55.272711098194122 153.5871993303299 28.04657769203186 232.77902185916901 49.302399694919586 99.854399561882019 39.204622030258179 286.56230974197388 111.6940444111824 498.72924393415451 43.029155492782593 50.690844357013702 254.64071029424667 66.039466798305511 1041.6110218763351 8.5957332849502546 233.06933265924454 75.745955348014832 6.0839110612869254 696.14079719781876 60.990577757358551 7.7121778130531302 83.344533562660217 137.94826620817184 34.281955480575562 16.484622180461884 259.34879958629608 197.36106592416763 14.692266583442686 39.457066535949707 59.311822354793549
leaf_count=4663 7757 6119 122 2486 2215 6871 2652 1884 9398 1194 3132 2468 678 362 2257 374 11313 3984 676 1166 254 2500 273 755 274 2041 1358 5657 467 535 2263 973 12624 53 2154 713 20 5547 739 136 1299 1208 344 159 2775 1631 90 346 890
internal_value=-2.6113 -2.62111 -2.64291 -2.61275 -2.59133 -2.57503 -2.63869 -2.53565 -2.62834 -2.67929 -2.68403 -2.67748 -2.66187 -2.56264 -2.64106 -2.70118 -2.70774 -2.56026 -2.48754 -2.59732 -2.72458 -2.57378 -2.54883 -2.59099 -2.59808 -2.54673 -2.55732 -2.61196 -2.72901 -2.70735 -2.60245 -2.6152 -2.6567 -2.71544 -2.53454 -2.65937 -2.67387 -2.54661 -2.57987 -2.62492 -2.63592 -2.57175 -2.70558 -2.74272 -2.56866 -2.58511 -2.64264 -2.66479 -2.66865
internal_weight=11445.7 10131.7 5849.78 3198.7 4281.92 3224.97 2140.79 1313.99 1920.74 2651.08 2526.53 2318.5 837.017 841.675 1056.96 1083.53 1039.28 1057.91 472.311 1804.36 824.181 770.965 143.78 481.98 94.4773 1420.61 1134.04 1194.06 220.056 206.929 1083.72 829.078 1234.97 74.6352 575.927 1216.13 757.119 1007.66 311.516 850.031 704.37 145.66 134.111 99.8292 610.297 456.71 126.386 1140.38 1100.92
internal_count=119849 109217 67070 33640 42147 30090 24261 10632 21142 33430 32236 29104 10096 7525 12057 14409 14035 9379 3107 18100 11567 7163 1223 4739 950 11990 9949 12528 3119 2792 11046 8783 14695 1026 4640 14573 9418 8501 2954 9265 7921 1344 1802 1458 5572 4406 1448 13860 13514
is_linear=0
shrinkage=1


Tree=1
num_leaves=50
num_cat=0
split_feature=4 1 3 6 0 15 15 8 13 13 15 0 8 0 18 13 15 3 2 10 3 6 6 8 4 3 7 2 18 3 3 15 10 2 15 8 15 10 2 3 10 10 13 16 10 13 1 6 0
split_gain=5352.88 4280.86 2765.4 2678.82 2600.63 1886.07 1794.24 1475.69 1415.32 1233.76 1139.55 1276.61 943.622 942.39 935.285 916.072 852.836 824.952 946.716 637.762 630.807 618.272 616.602 665.718 606.752 597.632 566.175 796.747 560.089 557.364 539.745 530.114 521.93 501.413 484.519 468.414 559.177 563.845 466.926 462.583 455.28 498.533 453.976 485.533 448.151 490.685 445.495 428.157 421.657
threshold=12782.000000000002 4.5000000000000009 2975.3857421875005 58896.099609375007 1.5000000000000002 3.5000000000000004 2.5000000000000004 119036.90234375001 4.5000000000000009 5.5000000000000009 2.5000000000000004 1.5000000000000002 29096.500000000004 1.5000000000000002 4.5000000000000009 5.5000000000000009 2.5000000000000004 3168.116821289063 39726.658203125007 13223.200195312502 1.0000000180025095e-35 39999.900390625007 24757.500000000004 49999.000000000007 47985.736328125007 7917.7250976562509 1733.7000122070315 11704.166503906252 1.5000000000000002 3623.4250488281255 5669.9001464843759 2.5000000000000004 173919.31250000003 13000.199707031252 1.5000000000000002 146495.50000000003 2.5000000000000004 32317.000000000004 33900.357421875007 2626.4555664062505 34761.501953125007 1.0000000180025095e-35 8.5000000000000018 9.5000000000000018 40021.599609375007 6.5000000000000009 1.5000000000000002 56999.000000000007 2.5000000000000004
decision_type=2 2 2 2 2 2 2 2 2 2 2 2 2 2 2 2 2 2 2 2 2 2 2 2 2 2 2 2 2 2 2 2 2 2 2 2 2 2 2 2 2 2 2 2 2 2 2 2 2
left_child=1 2 8 5 31 12 15 13 -1 -6 11 19 -4 28 -14 -5 17 -11 29 26 -12 -15 -21 39 30 32 -10 -28 40 -19 -23 -3 -17 -29 -27 36 37 -16 -35 -24 41 -2 43 -7 -18 -46 -8 -37 -26
right_child=7 4 3 6 9 42 46 -9 10 16 20 -13 14 21 35 25 44 18 -20 22 -22 24 23 -25 48 34 27 33 -30 -31 -32 -33 -34 38 -36 47 -38 -39 -40 -41 -42 -43 -44 -45 45 -47 -48 -49 -50
leaf_value=0.27883405746005563 0.15025776056709786 0.16302999057148115 0.17276517951638679 0.26612597549914979 0.28013447130726593 0.19715864351351411 0.20769352801792412 0.22629280992014611 0.20079496442461686 0.23916086588805791 0.13681296021170453 0.23226835015773711 0.153865389616335 0.037279291726353393 0.044664871954057606 0.17878421894588375 0.26690873973312002 0.19813429592952531 0.2201688630524487 0.28525166334729607 0.24282408812319151 0.18240706481557106 0.10599092520471698 0.25857673962207589 0.0238441215107227 0.046972757413336563 0.095512686920116441 0.2456755135081124 0.044592417097836734 0.11952255586068763 -0.032271831127023407 0.22667094760134765 0.2793243519803455 0.15099614516135432 0.1971137855956181 0.31679897611789193 0.1264723006268263 0.24618170318674057 0.23406797957491871 0.23547759668018917 0.26118198691086841 -0.032143575594496793 0.10922167556074609 0.25125380617763754 0.20214430671074471 0.29177578023573314 0.26693559352446211 0.071091504505796529 0.16001077244496234
leaf_weight=289.22692384570837 46.706049975007772 575.65296840667725 1312.561071395874 117.73222959041595 534.81103245168924 580.66239987313747 150.94551723450422 119.42586022615433 390.88043405860662 1390.869825836271 53.568571090698242 640.00974585488439 1016.3547435700893 45.929812099784613 187.51763247326016 744.41846354678273 751.04925376549363 175.66516114026308 1069.3757899925113 92.269676938652992 886.73265638202429 280.28556272760034 80.958082210272551 78.740492802113295 47.451474107801914 53.831551041454077 154.33308311551809 72.832531582564116 208.26833175495267 150.9011656306684 10.952142957597969 148.10560341924429 49.564388960599899 468.10954551398754 30.194888666272163 16.780489537864923 231.84854784607887 13.388459503650664 70.001441493630409 35.814976237714291 19.966380212455988 18.960603978484869 41.478094782680273 201.02727993950248 229.41751354932785 72.291172001510859 469.8251301124692 10.300905566662552 35.991609685122967
leaf_count=1526 481 5735 12977 623 2274 5317 1246 830 3393 9345 567 4324 10542 601 2744 6630 4345 1445 7753 556 6234 2399 956 513 645 731 1861 532 2902 1643 168 1139 282 4830 271 74 2802 91 526 274 132 306 527 1409 1803 346 2753 123 323
internal_value=0.202464 0.206975 0.193991 0.180402 0.22873 0.166037 0.212501 0.12868 0.215433 0.237445 0.20937 0.197 0.154259 0.112365 0.137803 0.187546 0.231499 0.222809 0.206516 0.181367 0.236785 0.141165 0.22133 0.191163 0.153899 0.177009 0.17142 0.156416 0.0711481 0.161809 0.174334 0.176053 0.18506 0.171801 0.100926 0.102302 0.0947277 0.058094 0.161803 0.145705 0.135734 0.0975912 0.205938 0.21107 0.254503 0.223621 0.25253 0.22334 0.0825771
internal_weight=14474 13640 8541.91 5228.43 5098.14 3611.92 1616.51 833.938 3313.48 4374.38 3024.25 2083.95 2788.75 714.512 1476.19 995.742 3839.57 2786.81 1395.94 1443.94 940.301 420.611 287.783 195.514 374.681 878.009 1156.16 765.277 293.901 326.566 291.238 723.759 793.983 610.944 84.0264 459.836 432.755 200.906 538.111 116.773 85.633 65.6667 823.168 781.69 1052.76 301.709 620.771 27.0814 83.4431
internal_count=119849 111062 75234 49142 35828 36606 12536 8787 26092 28954 24566 17765 29353 7957 16376 8537 26680 20186 10841 13441 6801 4136 2299 1743 3535 7914 11142 7749 3821 3088 2567 6874 6912 5888 1002 5834 5637 2835 5356 1230 919 787 7253 6726 6494 2149 3999 197 968
is_linear=0
shrinkage=0.03


Tree=2
num_leaves=50
num_cat=0
split_feature=4 19 8 12 13 10 8 3 19 13 3 15 0 0 10 0 15 0 7 3 3 0 15 12 8 15 8 3 7 4 7 10 13 0 19 7 10 3 9 15 16 7 8 9 8 3 7 3 12
split_gain=3135.12 2821.52 1624.43 1220.9 1044.64 1126.25 1004.77 924.738 801.541 837.811 685.309 1390.22 1079.87 595.68 587.055 553.395 534.368 510.988 499.37 465.552 652.199 692.595 845.431 562.295 463.668 441.115 409.97 401.623 399.927 377.207 378.938 398.421 361.66 349.854 345.33 344.102 357.825 344.031 359.945 324.646 322.376 321.692 316.508 314.969 305.831 301.8 299.561 293.631 293.436
threshold=13766.459960937502 35.500000000000007 140024.00000000003 11.500000000000002 4.5000000000000009 13223.200195312502 96029.000000000015 2961.8200683593755 63.500000000000007 11.500000000000002 3006.7373046875005 2.5000000000000004 1.5000000000000002 1.5000000000000002 76103.500000000015 1.5000000000000002 3.5000000000000004 1.5000000000000002 4834.7001953125009 2975.3857421875005 3006.7373046875005 1.5000000000000002 2.5000000000000004 10.500000000000002 58501.300781250007 2.5000000000000004 57183.000000000007 6397.6374511718759 12921.800292968752 40751.919921875007 6243.7001953125009 18751.349609375004 9.5000000000000018 1.5000000000000002 52.500000000000007 11435.300292968752 9055.0000000000018 5538.5002441406259 1485.9000244140627 4.5000000000000009 3.5000000000000004 10973.899902343752 196047.80468750003 1236.3000488281252 47172.000000000007 4359.2800292968759 2995.900024414063 3375.471557617188 11.500000000000002
decision_type=2 2 2 2 2 2 2 2 2 2 2 2 2 2 2 2 2 2 2 2 2 2 2 2 2 2 2 2 2 2 2 2 2 2 2 2 2 2 2 2 2 2 2 2 2 2 2 2 2
left_child=1 3 4 7 -3 8 14 15 9 16 -9 12 -12 32 17 24 19 -2 -5 23 -21 22 43 33 25 40 47 -20 39 -8 -31 41 37 46 -25 -14 -37 38 -7 -19 -1 -32 -29 -22 -27 -15 -6 -23 -45
right_child=6 2 -4 18 5 13 29 10 -10 -11 11 -13 35 45 -16 -17 -18 28 27 20 21 26 -24 34 -26 44 -28 42 -30 30 31 -33 -34 -35 -36 36 -38 -39 -40 -41 -42 -43 -44 48 -46 -47 -48 -49 -50
leaf_value=0.1081977077409772 0.051650902253650106 0.20201838720084869 0.22324420273708229 0.096348908530311986 0.18129298902462126 0.10042407635140407 0.19542702807093792 0.13372296160524549 0.11255464612526384 0.12195683276724861 0.11237282797282824 0.19160487526008096 0.17046495325368702 0.20671086318048873 0.17801312000231737 0.18888038909554855 0.19454642633696917 0.10879164052515729 0.14609086615400466 0.13364695789675507 0.20943894763012724 0.20755596396554432 0.20057713213070785 0.11896341842449222 0.19058160424468801 0.18517761229285751 0.21194923883600211 0.027847424899623014 -0.032459906264530825 0.012417385975115016 0.25107321675617317 -0.032769690105670969 0.092913508023651739 0.20333236269474639 0.18104980326490067 0.06134097999011371 0.16849365635462754 0.073337918745278188 0.18736162230784459 0.28065912166959606 0.15113791687470632 0.034530292713243219 0.23269308752353057 0.11611945001578609 0.057396239660514881 0.17447376476731544 0.12981706852945016 0.15488833481526498 0.025745411026142018
leaf_weight=226.95979236811399 260.12931918352842 1148.5694399178028 696.11903665214777 371.77739061042666 555.07556691020727 48.014941163361073 142.3064696714282 1470.7927278205752 263.95301869884133 354.76569521799684 617.309380505234 811.56346914917231 809.73307474702597 1173.1651172563434 65.7230579033494 1121.3036454543471 669.8719535022974 335.11274361610413 634.45706102997065 750.28485642001033 28.607361946254969 128.45175768435001 146.14248771220446 207.21645429730415 355.19716784358025 334.78879640251398 321.85632378235459 44.043318759649992 17.671102989464998 23.615181848406792 28.140062302350998 7.8113044723868361 59.381859477609396 597.01957785338163 131.98128513246775 56.636710040271282 55.566911414265633 30.153839401900768 399.31675614789128 10.192403480410574 513.07408836483955 7.9099796600639811 8.0254938527941686 272.328030269593 17.751142363995314 336.28650479391217 124.58285699784756 368.80571557581425 36.691240161657333
leaf_count=2123 3314 5361 2845 3685 3771 445 800 13398 2314 3105 5800 4736 5423 5607 455 6178 3849 3062 4913 6960 181 643 920 1813 2082 2095 1540 521 255 284 115 102 573 2744 821 591 374 312 2592 30 4136 86 39 2601 193 1938 1066 2569 489
internal_value=0.164795 0.167803 0.179256 0.154198 0.1755 0.171151 0.110243 0.159141 0.163422 0.166283 0.149784 0.159833 0.143081 0.189876 0.092737 0.173059 0.169907 0.0837424 0.124353 0.165408 0.155928 0.168759 0.140297 0.177454 0.160806 0.151125 0.185569 0.139517 0.106741 0.167726 0.109306 0.161472 0.162735 0.186576 0.143121 0.163642 0.114406 0.171419 0.17803 0.113865 0.137969 0.20356 0.0594208 0.114205 0.178744 0.199529 0.171857 0.168493 0.105389
internal_weight=17196.2 16297.6 8848.64 7448.98 8152.52 7003.95 898.612 6390.68 4957.63 4693.68 3821.6 2350.81 1539.25 2046.32 688.829 2569.07 4338.92 623.106 1058.3 3669.04 2053.17 1302.88 483.769 1615.88 1447.77 1092.57 819.114 686.526 362.976 209.783 67.4765 43.8613 536.867 1276.68 339.198 921.937 112.204 477.486 447.332 345.305 740.034 36.05 52.0688 337.627 352.54 1509.45 679.658 497.257 309.019
internal_count=119849 111346 55059 56287 52214 46853 8503 47129 35386 33072 30322 16924 12188 11467 7116 16807 29967 6661 9158 26118 15903 8943 4191 10215 10629 8547 4752 5473 3347 1387 587 303 3922 7581 2634 6388 965 3349 3037 3092 6259 201 560 3271 2288 7545 4837 3212 3090
is_linear=0
shrinkage=0.03


Tree=3
num_leaves=50
num_cat=0
split_feature=12 1 15 18 1 19 6 5 6 7 19 7 7 3 2 3 10 7 12 2 3 6 13 15 19 10 7 19 3 19 10 19 9 19 9 7 6 3 12 15 1 7 3 3 9 6 9 15 6
split_gain=1909.99 1685.89 1331.83 1287.98 967.517 660.72 547.592 666.869 533.939 685.61 527.432 504.569 662.679 485.285 828.885 459.656 444.234 383.871 379.774 405.551 443.205 359.517 385.867 358.772 356.48 356.375 335.504 325.722 324.241 304.891 299.534 277.848 275.828 273.188 267.54 377.683 338.494 321.58 261.036 317.698 259.682 257.085 255.442 264.465 253.076 241.648 238.962 234.808 233.447
threshold=9.5000000000000018 4.5000000000000009 2.5000000000000004 4.5000000000000009 9.5000000000000018 64.500000000000014 100002.00000000001 0.13809524476528171 90001.000000000015 4823.3000488281259 53.500000000000007 4437.5000000000009 4834.7001953125009 2862.233276367188 21504.102539062504 521.17501831054699 22790.924804687504 4398.1000976562509 15.500000000000002 53370.031250000007 2366.5163574218755 67999.000000000015 8.5000000000000018 2.5000000000000004 66.500000000000014 3313.700073242188 9038.5004882812518 51.500000000000007 6743.3000488281259 32.500000000000007 133517.00000000003 39.500000000000007 600.10000610351574 69.500000000000014 2762.700073242188 4012.900024414063 33801.099609375007 983.62228393554699 11.500000000000002 3.5000000000000004 5.5000000000000009 693.20001220703136 2667.129272460938 2516.3786621093755 6657.9001464843759 31671.700195312504 1700.100036621094 1.5000000000000002 79938.800781250015
decision_type=2 2 2 2 2 2 2 2 2 2 2 2 2 2 2 2 2 2 2 2 2 2 2 2 2 2 2 2 2 2 2 2 2 2 2 2 2 2 2 2 2 2 2 2 2 2 2 2 2
left_child=1 3 4 5 6 16 7 13 9 41 11 15 27 34 -15 -4 17 31 -14 20 -20 22 29 -11 -12 -17 32 38 -21 -19 -28 -1 -16 47 35 42 40 -38 -13 -40 45 -5 43 -2 -42 -36 -10 -6 -34
right_child=2 -3 10 8 33 -7 -8 -9 46 23 24 12 18 14 26 25 -18 21 19 28 -22 -23 -24 -25 -26 -27 30 -29 -30 -31 -32 -33 48 -35 36 -37 37 -39 39 -41 44 -43 -44 -45 -46 -47 -48 -49 -50
leaf_value=0.1403044840717392 0.11715571305473953 0.16803043592917236 0.063309714266154282 0.060204930966965532 0.15019830004338533 0.072907549657314955 0.13973178245187085 0.25354668968663358 0.073929881771179831 0.060486557059398885 0.17802899431697305 0.12311055636925572 0.15744455097091151 0.035534214828453647 0.23424261174079206 0.17240513378555003 0.1740438458056697 0.10102060055047177 0.20363274335447706 0.17039668395470214 0.039010060640638299 0.15960336542084858 0.074170646142738064 0.10656226782357907 0.011604874092575686 0.13041355616190453 0.057632967194243712 -0.032952014799442209 -0.033158436180821926 0.14044105169423848 0.25183940590659171 0.16478645797865718 0.1020315191600952 0.04766388751154408 0.12333620146369058 0.07250215697225032 0.045236318733132358 0.15063801666705584 0.007579776841850492 0.13489571870695369 4.5683677843663777e-05 0.13327776558821047 0.17484144784073663 0.030966201152206836 0.16979135620961822 0.0018528971422796664 0.17262334068109422 0.11639700215310148 0.12728640849264514
leaf_weight=631.88405279815197 850.7576748020947 2949.5499259419739 44.236392356455326 45.753342553973198 1253.5841294974089 100.48595997691154 748.07615123316646 29.71808485686779 24.834696311503649 251.16099946945906 465.72251949086785 1235.7752865850925 951.43074074760079 163.61070066317916 15.94008247554302 745.51716349646449 628.91862580180168 210.74041935801506 17.981485404074192 91.432640969753265 81.114217959344387 482.61798543855548 104.64723369479179 385.60849791020155 11.879118874669073 240.60082405805588 164.61364736780524 12.670979209244249 7.6305793374776831 1089.3840247318149 7.4720573648810378 1228.0619489699602 1219.3349643349648 26.301078759133816 439.15346495062113 196.63247918337584 27.26600119844079 584.95822651684284 39.710842810571194 31.737689785659313 32.129874415695667 818.75269282609224 66.586302019655704 33.294572498649359 10.48433071747422 15.248130552470682 199.04352122917771 216.9799422621727 451.34742312505841
leaf_count=3707 6243 12234 410 444 6901 868 4521 81 199 2538 1944 9504 4747 1762 60 3578 2852 1747 70 412 755 2304 1048 3143 121 1433 1597 157 90 7061 19 5993 10105 228 3108 1691 282 3355 488 235 351 5199 359 340 50 168 926 1424 2997
internal_value=0.139334 0.149359 0.130622 0.140479 0.122311 0.148966 0.116039 0.111926 0.118456 0.112011 0.144317 0.140281 0.132923 0.110942 0.10027 0.157916 0.150712 0.146797 0.149575 0.111793 0.0688818 0.137265 0.129591 0.0883886 0.17389 0.16216 0.105968 0.11842 0.154717 0.134051 0.0660655 0.156469 0.110039 0.143497 0.120506 0.110349 0.131012 0.145944 0.119887 0.064134 0.112619 0.12941 0.118178 0.11391 0.041808 0.11926 0.161675 0.145211 0.108854
internal_weight=19682.4 9151.44 10530.9 6201.89 6553.49 4476.74 5056.62 4308.55 1725.15 1501.28 3977.44 3499.84 2469.48 4278.83 2022.32 1030.35 4376.25 3747.34 1149.59 198.159 99.0957 1887.39 1404.77 636.769 477.602 986.118 1858.71 1319.89 99.0632 1300.12 172.086 1859.95 1686.62 1496.87 2256.51 1147.27 1109.24 612.224 1307.22 71.4485 497.016 864.506 950.639 884.052 42.6142 454.402 223.878 1470.56 1670.68
internal_count=119849 50263 69586 38029 45642 25580 37089 32568 12449 11324 23944 21879 16458 32487 16540 5421 24712 21860 6074 1327 825 12160 9856 5681 2065 5011 14778 10384 502 8808 1616 9700 13162 8553 15947 8633 7314 3637 10227 723 3677 5643 6942 6583 401 3276 1125 8325 13102
is_linear=0
shrinkage=0.03


Tree=4
num_leaves=50
num_cat=0
split_feature=4 19 8 13 0 15 3 2 7 15 19 6 7 13 10 8 8 10 3 7 13 10 7 10 5 19 6 2 10 13 0 3 4 8 3 2 7 8 19 19 19 9 9 2 8 6 15 19 19
split_gain=1885.73 1296.55 863.117 623.551 560.75 873.748 578.351 1068.63 510.787 501.842 495.627 475.09 747.226 466.38 463.225 439.073 422.778 407.641 388.943 351.734 343.287 315.399 313.745 309.703 308.239 306.72 303.785 302.891 291.287 280.874 269.64 264.833 264.323 258.553 251.121 239.464 239.026 298.601 309.18 238.359 237.025 263.424 252.008 227.877 227.623 226.545 225.604 221.217 261.317
threshold=24002.000000000004 35.500000000000007 140024.00000000003 4.5000000000000009 1.5000000000000002 2.5000000000000004 3002.6901855468755 33460.654296875007 3786.099975585938 3.5000000000000004 61.500000000000007 58019.400390625007 3877.099975585938 8.5000000000000018 97231.214843750015 36999.000000000007 99999.902343750015 103755.30078125001 7917.7250976562509 693.20001220703136 9.5000000000000018 73745.414062500015 9163.7001953125018 21420.396484375004 0.45804196596145635 12.500000000000002 148001.02343750003 85396.699218750015 24828.400390625004 14.500000000000002 1.5000000000000002 2132.3500976562505 2.0160000324249272 124020.00000000001 3513.911743164063 30000.333007812504 2858.3000488281255 99999.902343750015 7.5000000000000009 21.500000000000004 64.500000000000014 2893.500122070313 2050.099975585938 11957.100097656252 9563.8999023437518 199999.89843750003 1.5000000000000002 9.5000000000000018 29.500000000000004
decision_type=2 2 2 2 2 2 2 2 2 2 2 2 2 2 2 2 2 2 2 2 2 2 2 2 2 2 2 2 2 2 2 2 2 2 2 2 2 2 2 2 2 2 2 2 2 2 2 2 2
left_child=1 9 3 -3 5 8 29 10 28 11 13 12 21 35 16 22 -2 20 32 -11 27 25 43 31 -22 30 -20 -10 -5 33 36 -17 34 -6 -13 -8 -1 -38 -39 -27 42 -42 -9 -14 -45 -36 -30 -46 -49
right_child=14 2 -4 4 6 -7 7 40 17 19 -12 18 15 -15 -16 23 -18 -19 26 -21 24 -23 -24 -25 -26 39 -28 -29 46 -31 -32 -33 -34 -35 45 -37 37 38 -40 -41 41 -43 -44 44 47 -47 -48 48 -50
leaf_value=0.098113399046585406 0.049457313684990414 0.14433000407957344 0.15633075297876123 0.10906677101368457 0.14286315573230246 0.13659925613274407 0.14213107138125919 0.11516975140691137 0.077856844346225612 -0.033231955114684422 0.044330359707179773 0.10948004902638242 -0.0029041698508990971 0.064427749971742637 0.15035121790472503 0.16820217392943396 0.10789129200600252 0.13839901582130587 0.015165366601939647 0.13048628964614495 0.00708523973932439 0.21272479184685697 -0.032976388117789912 0.12762667988434745 0.31307497689945646 0.13773933420950876 0.11038851882219695 0.15912493552572396 0.16951955618783299 0.056730856929589943 0.12461855464456745 0.066397056898876788 0.12383139392674519 0.0074896771520707945 -0.01738857074810678 0.10883258202357425 0.028826063825837862 -0.033547023840867905 0.23121792489520859 0.11409888101886322 0.14315314453142408 0.036845926183895511 0.14213538377754487 0.14612242502144329 0.12327343279653082 0.13071069174202288 0.055554872344518093 0.083662247418864466 0.11851945992038028
leaf_weight=340.07843788713217 464.40505660325289 1538.0979781076312 960.46428840607405 1019.7915876433253 2243.7694264650345 953.30864138528705 232.99952645599842 378.22915185987949 613.33767457306385 11.896474935114382 116.7145701944828 96.652452237904072 17.552852429449558 191.32510295510292 60.732889480888844 23.72545649856329 146.61667741090059 108.29016973078251 55.107366889715195 1631.2875941842794 79.617277801036835 30.241510853171349 15.107725746929644 92.430992722511292 3.07742054760456 578.06785564124584 66.585381925106049 44.253204472362995 123.18931698799133 35.229822941124439 235.16502311825752 749.2506722137332 2994.4339841641486 12.769944116473196 33.024015046656132 1172.4576233848929 102.99218782782555 5.5282845497131374 14.077614374458788 1142.4902861975133 39.120977498590946 45.235983043909073 1779.0180565267801 115.69722072035074 326.63535516709089 12.937714099884031 17.905495941638947 624.22688781842589 280.56229327619076
leaf_count=2344 4381 5490 2941 6467 8550 4586 1059 1851 4868 137 1066 546 186 1770 267 90 859 526 575 8419 863 73 186 489 4 3005 411 222 503 244 1154 6577 15872 102 338 7960 992 59 32 6655 179 359 6865 629 2144 60 137 4925 1832
internal_value=0.120823 0.122383 0.129083 0.126648 0.123695 0.112946 0.128793 0.121845 0.101725 0.114208 0.104009 0.111089 0.10498 0.108371 0.0713328 0.0924795 0.0634787 0.0840339 0.11989 0.129301 0.0760813 0.116441 0.102986 0.0757278 0.0184724 0.115237 0.0672676 0.0833259 0.114656 0.140785 0.0984616 0.0695218 0.121931 0.142097 0.0820281 0.114353 0.0851667 0.0492536 0.156562 0.122042 0.135478 0.0861464 0.137408 0.104491 0.105891 0.0242997 0.155057 0.102111 0.094471
internal_weight=21975.7 21304 11708.2 10747.7 9209.64 2962.77 6246.87 3955.1 2009.46 9595.76 1713.5 7952.57 4693.83 1596.78 671.755 2245.19 611.022 848.576 3258.74 1643.18 740.286 2448.64 1379.78 865.407 82.6947 2418.4 121.693 657.591 1160.89 2291.77 697.842 772.976 3137.05 2256.54 142.614 1405.46 462.677 122.598 19.6059 1720.56 2241.6 84.357 2157.25 1364.67 1347.12 45.9617 141.095 1231.42 904.789
internal_count=119849 114342 56612 53671 48181 18176 30005 21109 13590 57730 11855 49174 31372 10789 5507 17058 5240 6483 17802 8556 5957 14314 9902 7156 867 14241 986 5090 7107 8896 4581 6667 16816 8652 944 9019 3427 1083 91 9660 9254 538 8716 9716 9530 398 640 8901 6757
is_linear=0
shrinkage=0.03


Tree=5
num_leaves=50
num_cat=0
split_feature=0 12 15 8 3 3 3 8 15 12 13 19 6 8 5 8 10 11 12 3 16 19 9 19 9 5 15 10 16 8 10 1 19 13 3 8 8 16 19 19 16 19 3 19 9 1 8 1 6
split_gain=1165.08 1624.25 957.069 698.1 828.274 1052.85 534.405 501.289 668.236 416.719 371.43 339.758 367.205 330.484 319.933 304.898 388.961 304.339 301.45 292.12 280.33 274.838 267.92 262.366 253.183 247.504 253.929 294.091 267.042 259.617 322.642 274.512 244.685 227.442 220.44 220.522 255.756 217.004 413.783 215.087 208.222 223.371 206.073 267.961 205.363 205.138 208.024 203.236 226.34
threshold=1.5000000000000002 11.500000000000002 2.5000000000000004 119036.90234375001 3002.6901855468755 3006.7373046875005 3358.7224121093755 41198.099609375007 3.5000000000000004 9.5000000000000018 14.500000000000002 49.500000000000007 40803.900390625007 15272.899902343752 0.15587044507265094 79978.101562500015 52394.400390625007 1.5000000000000002 11.500000000000002 1.0000000180025095e-35 3.5000000000000004 2.5000000000000004 2202.500122070313 48.500000000000007 7663.5000000000009 0.23611111193895343 2.5000000000000004 99039.195312500015 6.5000000000000009 53276.201171875007 29584.799804687504 7.5000000000000009 10.500000000000002 11.500000000000002 1946.2500610351565 146495.50000000003 60000.500000000007 1.5000000000000002 53.500000000000007 37.500000000000007 5.5000000000000009 65.500000000000014 6397.6374511718759 58.500000000000007 1648.3000488281252 3.5000000000000004 30000.500000000004 8.5000000000000018 26789.000000000004
decision_type=2 2 2 2 2 2 2 2 2 2 2 2 2 2 2 2 2 2 2 2 2 2 2 2 2 2 2 2 2 2 2 2 2 2 2 2 2 2 2 2 2 2 2 2 2 2 2 2 2
left_child=1 2 6 4 10 7 14 32 22 39 18 12 -8 -14 15 16 21 -4 -2 44 -21 -1 -9 -5 40 26 27 29 -28 -3 31 34 -6 -13 -31 36 -36 38 -24 -7 41 42 -11 -44 -19 -42 -47 48 -23
right_child=3 25 17 23 5 9 11 8 -10 24 -12 33 13 -15 -16 -17 -18 19 -20 20 -22 47 37 -25 -26 -27 28 -29 -30 30 -32 -33 -34 -35 35 -37 -38 -39 -40 -41 45 -43 43 -45 -46 46 -48 -49 -50
leaf_value=0.043828427870432438 0.12412524299624286 0.028364169335566552 0.18403112055446821 0.11987050701555885 0.11962544019621442 0.10558876890349993 0.039385028337758185 -0.010534329488095608 0.11015202723170987 0.11826543821486882 0.029985337577153409 0.10853314616331769 0.13142161951673328 0.072632683951290689 0.1993872630573704 0.12071828647676616 0.13933613422026506 0.12957952791593663 0.10685271645072013 0.13266916549256871 0.11074972159216727 0.10126644815065307 0.05164660260821187 0.14403830204027823 0.071389062609756013 0.20023837175398276 0.11223719775042411 0.10421446213415998 0.046746384335458621 0.11820542583256428 -0.017701723431158785 0.15296390682117386 0.0947130094172174 -0.0026422195697773411 0.10063396758627649 0.11367236039405268 -0.015407821719951561 0.056343184219951069 0.16921941051506739 0.12698800354576037 0.12584183115622269 0.0400535639113112 0.048662689390446386 0.15132778124269583 0.033564262503222642 0.073895731516169127 0.10264706644899044 0.14534679906704687 0.082930843663063705
leaf_weight=96.43450653553009 3870.8749914541841 389.18426666036248 60.931983299553394 937.72347150743008 427.52203215658665 551.26661093533039 263.28304614126682 46.912935294210911 329.11378087848425 1611.7706889882684 41.532933197915554 355.08084995299578 99.913372196257114 620.69247567653656 29.587949015200138 552.87810984253883 178.09029433131218 29.320146806538105 1188.6250012814999 796.64152234047651 1540.634376861155 1528.2818640843034 62.612519778311253 710.65437103807926 186.3781920671463 11.360433675348757 142.07200774550438 80.865586988627911 92.530652225017548 49.206620965152979 33.686854772269726 40.002451449632645 2086.7963638082147 17.371591337025166 23.875833988189697 28.858010239899158 60.178108155727386 593.81668104976416 47.285915568470955 1812.9457700774074 193.0971846729517 36.059868298470974 83.694717608392239 31.489189475774765 63.401633232831955 359.98797195404768 610.71094789355993 71.322574324905872 1003.9552265368402
leaf_count=810 13665 3779 128 3725 2443 2506 2315 506 1806 6933 311 1964 496 4321 43 2374 738 144 5745 2967 6849 8623 528 1834 1103 24 765 421 706 325 349 212 13429 183 180 154 688 4998 211 6053 883 283 599 88 538 2223 3055 313 6639
internal_value=0.107044 0.0979109 0.102712 0.111812 0.109662 0.104224 0.0949049 0.0916069 0.0745098 0.112503 0.119334 0.0789439 0.0697058 0.0807839 0.101161 0.100314 0.096394 0.11781 0.120067 0.116149 0.118221 0.0935615 0.0588824 0.13029 0.105292 0.0610485 0.0593672 0.0503802 0.0864067 0.0434147 0.0682546 0.0825806 0.098949 0.103348 0.0652137 0.0421201 0.0175543 0.06351 0.102235 0.121998 0.107451 0.113952 0.115495 0.0767295 0.0639259 0.0976021 0.0919845 0.0954036 0.0939969
internal_weight=24080.5 8259.64 7307.82 15820.9 14172.5 9071.46 4816.89 3594.06 1079.74 5477.4 5101.03 1356.34 983.889 720.606 3460.55 3430.96 2878.08 2490.93 5059.5 2430 2337.28 2699.99 750.628 1648.38 3113.19 951.821 940.46 705.858 234.603 624.992 235.808 202.121 2514.32 372.452 162.119 112.912 84.0539 703.715 109.898 2364.21 2926.81 1763.01 1726.95 115.184 92.7218 1163.8 970.699 2603.56 2532.24
internal_count=119975 47048 39445 72927 67368 47647 28819 23921 8049 23726 19721 9279 7132 4817 19540 19497 17123 10626 19410 10498 9816 16385 6243 5559 15167 7603 7579 6108 1471 5687 1908 1559 15872 2147 1347 1022 868 5737 739 8559 14064 7903 7620 687 682 6161 5278 15575 15262
is_linear=0
shrinkage=0.03


Tree=6
num_leaves=50
num_cat=0
split_feature=13 15 0 12 3 3 8 18 15 12 18 7 12 3 5 19 6 7 7 19 19 6 19 19 3 19 19 7 7 8 5 8 8 7 19 9 3 6 7 15 19 6 8 9 8 10 3 13 6
split_gain=1000.86 957.001 756.537 927.427 497.081 920.092 477.105 419.908 485.725 340.745 337.109 315.039 261.264 257.607 257.334 267.757 251.909 595.844 339.299 364.381 244.155 240.373 231.103 215.722 205.853 204 279.067 241.679 255.279 221.661 201.776 200.991 198.274 195.54 181.008 182.191 173.602 207.129 355.845 256.812 195.025 211.457 175.169 201.685 172.947 172.606 168.783 163.452 219.501
threshold=5.5000000000000009 3.5000000000000004 1.5000000000000002 11.500000000000002 2975.3857421875005 3006.7373046875005 41494.300781250007 4.5000000000000009 1.5000000000000002 11.500000000000002 3.5000000000000004 6473.1999511718759 11.500000000000002 521.17501831054699 0.45804196596145635 1.5000000000000002 156387.00000000003 15704.500488281252 7099.9001464843759 63.500000000000007 53.500000000000007 110010.00000000001 53.500000000000007 59.500000000000007 3623.4250488281255 52.500000000000007 62.500000000000007 10506.899902343752 14422.899902343752 79978.101562500015 0.23611111193895343 81496.402343750015 74000.300781250015 10973.899902343752 61.500000000000007 956.70001220703136 6122.1999511718759 80000.500000000015 5768.7001953125009 1.5000000000000002 25.500000000000004 17804.000000000004 53276.201171875007 3044.500122070313 8943.4003906250018 44401.001953125007 2516.3786621093755 3.5000000000000004 13001.000000000002
decision_type=2 2 2 2 2 2 2 2 2 2 2 2 2 2 2 2 2 2 2 2 2 2 2 2 2 2 2 2 2 2 2 2 2 2 2 2 2 2 2 2 2 2 2 2 2 2 2 2 2
left_child=31 2 3 7 9 6 12 14 11 -4 -8 -9 34 -3 15 -2 17 18 -7 21 -12 24 -15 -22 -20 27 29 -17 -29 -27 36 47 -18 -10 -6 -36 37 38 39 42 41 -41 45 -44 -13 -5 -42 -1 -49
right_child=1 13 4 30 5 16 10 8 33 -11 20 44 -14 22 -16 25 32 -19 19 -21 23 -23 -24 -25 -26 26 -28 28 -30 -31 -32 -33 -34 -35 35 -37 -38 -39 -40 40 46 -43 43 -45 -46 -47 -48 48 -50
leaf_value=0.11504987602126454 0.043480200966078679 0.026790809563370297 0.10809213504485014 0.016606721278078152 0.088493212091589307 0.10389613620122193 0.075627379500053923 0.066586314131245841 0.096302447761649562 0.08864199944693138 0.026593266777955205 0.18758732245269463 0.013679116012032264 0.10495038524787301 0.17984331882016402 0.090469401406227654 0.098993073081991748 0.015793315206308611 0.10318464340748962 -0.0060661558427625951 0.12321777763692485 0.10085995288239151 0.12501736205177941 -0.0018468748764925017 0.071101688569606095 0.10476214401135253 0.070739897531499521 -0.019445413717774453 0.1010740769444117 0.14618466310907402 0.17043304144385665 0.12452299082300987 0.12367439087952989 -0.034267537425911321 0.21944171647727526 0.013054891475980853 -0.0081814739792538099 0.08111948277244628 -0.018086038082042902 -0.033564977727780033 0.019929281626425398 0.14524303450452825 0.17092962216560448 0.054282106836649843 0.0033215299558581918 0.10227167261709569 0.098780967169538325 0.041593883713410704 0.10245675710653596
leaf_weight=1227.6696801930666 103.1124819740653 35.132303595542908 3335.1969217211008 213.69841705262661 1636.6803287193179 2225.0932531729341 423.35944393277168 878.92347338050604 635.72094086557627 1070.9324878677726 328.81973301619291 4.8029535040259352 45.183679983019829 2986.7451951280236 29.704221151769161 3382.7537442445755 651.8199066594243 85.027280978858471 235.32700382918119 37.542037710547447 47.476312734186649 780.15208041667938 624.51842600852251 16.806901201605797 765.44874112308025 413.11761158704758 152.2346209064126 37.108712129294872 27.569000840187073 161.80651551485062 12.956918716430662 769.66415400803089 532.04196654260159 10.493016779422758 4.2040707394480696 45.642869725823402 42.143658436834812 194.4181716516614 70.006247878074646 6.652469463646411 49.552680805325508 56.560989677906036 15.634820379316805 90.900573663413525 100.66070848703384 23.496095098555088 48.191812694072723 55.559061497449875 1329.4608478397131
leaf_count=3729 764 293 11343 2129 10055 8926 2841 5871 3212 5123 3084 12 428 12231 34 17669 2648 665 965 307 250 3127 1832 168 4156 1916 933 367 151 460 22 1733 1456 99 8 416 439 1248 767 71 423 275 72 723 945 144 295 319 4831
internal_value=0.0958258 0.0935551 0.0908572 0.0828006 0.0952985 0.0907771 0.0759573 0.0869398 0.0739736 0.103365 0.057052 0.0607074 0.0848707 0.107634 0.0918483 0.0912372 0.0978855 0.0943873 0.09604 0.0864272 0.037047 0.0883769 0.108421 0.0905195 0.0786458 0.0924168 0.106857 0.0893711 0.0319263 0.11642 0.05298 0.111049 0.110085 0.0941823 0.086778 0.0304615 0.0511041 0.0543527 0.0452975 0.0540895 0.0853626 0.126426 0.0394453 0.071401 0.0117132 0.0250925 0.0588062 0.10708 0.100015
internal_weight=26057.7 22675.4 19029 6762.22 12266.8 7860.63 2548.17 5938.01 1630.6 4406.13 816.462 984.387 1731.71 3646.4 4307.41 4277.7 5312.45 4128.59 4043.56 1818.47 393.103 1780.93 3611.26 64.2832 1000.78 4174.59 727.159 3447.43 64.6777 574.924 824.213 3382.35 1183.86 646.214 1686.53 49.8469 811.256 769.112 574.694 504.688 160.958 63.2135 343.73 106.535 105.464 237.195 97.7445 2612.69 1385.02
internal_count=119975 109363 95007 39041 55966 39500 17250 32433 10139 16466 6343 6828 10907 14356 22294 22260 22250 18146 17481 8555 3502 8248 14063 418 5121 21496 3309 18187 518 2376 6608 10612 4104 3311 10479 424 6586 6147 4899 4132 1064 346 3068 795 957 2273 718 8879 5150
is_linear=0
shrinkage=0.03


Tree=7
num_leaves=50
num_cat=0
split_feature=4 13 15 1 12 7 18 8 4 0 0 6 12 6 8 2 3 2 8 9 7 9 3 3 12 15 3 6 8 19 7 2 2 6 19 19 19 6 19 8 7 9 19 9 18 4 7 4 8
split_gain=1205.69 775.115 657.833 559.292 665.315 596.835 475.634 477.745 445.27 368.551 357.908 332.818 329.386 306.2 294.489 293.55 442.116 284.785 268.855 291.522 264.56 260.965 251.076 235.688 258.602 249.051 283.251 233.157 227.408 224.922 221.981 227.854 221.05 231.129 220.976 249.178 231.651 217.865 216.159 208.682 202.115 189.598 184.624 255.629 181.618 177.061 206.964 181.388 173.075
threshold=28758.100585937504 5.5000000000000009 3.5000000000000004 7.5000000000000009 11.500000000000002 4798.9001464843759 4.5000000000000009 30986.600585937504 12782.000000000002 1.5000000000000002 2.5000000000000004 99996.902343750015 11.500000000000002 79999.601562500015 45601.000000000007 31111.534179687504 2048.413452148438 48148.000000000007 13578.600097656252 3539.700073242188 4012.900024414063 1498.3000488281252 7036.2397460937509 4148.6916503906259 44.500000000000007 1.5000000000000002 3569.496459960938 79999.601562500015 13779.000000000002 7.5000000000000009 7099.9001464843759 68862.437500000015 19433.166992187504 20302.500000000004 64.500000000000014 33.500000000000007 21.500000000000004 58019.400390625007 50.500000000000007 63438.000000000007 3719.099975585938 3567.3000488281255 43.500000000000007 1834.5000000000002 3.5000000000000004 46363.501953125007 9812.0000000000018 95427.296875000015 15902.000000000002
decision_type=2 2 2 2 2 2 2 2 2 2 2 2 2 2 2 2 2 2 2 2 2 2 2 2 2 2 2 2 2 2 2 2 2 2 2 2 2 2 2 2 2 2 2 2 2 2 2 2 2
left_child=1 -1 3 4 5 8 11 38 9 15 44 34 -5 20 -13 16 -3 23 -10 -20 40 48 -16 25 39 29 -27 -9 -19 -14 -29 -32 33 -18 35 36 -7 -4 -8 -25 -6 -23 -35 -44 45 -2 -47 -48 -22
right_child=10 2 37 12 13 6 7 27 18 -11 -12 14 17 -15 22 -17 32 28 19 -21 21 41 -24 24 -26 26 -28 30 -30 -31 31 -33 -34 42 -36 -37 -38 -39 -40 -41 -42 -43 43 -45 -46 46 47 -49 -50
leaf_value=0.10071290650299354 0.071917056997445647 0.090907313791387126 0.091046004007030765 0.099690782481995935 0.059108710780773316 0.078068689124175292 0.08493816653093747 0.036518544041245687 0.1148143381988702 0.099789119945061594 0.083001132640493594 0.077261300681333453 0.017298374946180611 0.079469373360026227 0.10979856972904371 0.098633241763520174 0.06455622240252247 -0.0051784075971433212 -0.013668376366498376 0.06818420059295538 0.038202059445168079 0.0018451258718407972 0.065206783988884034 -0.034563210356685962 0.20763300263904225 0.064049010861956079 -0.034882228316209872 0.096652775009587882 0.10356258196076777 0.089358348838979057 0.0035048303178593855 0.07201370074595391 0.078590452705807126 -0.0082827086204617009 0.015639308576855276 0.085487803779004501 0.055205460014541012 0.1054731283033196 0.043143142956431124 0.062817563900484111 0.10818119239541632 0.043989733428227366 0.1464823582849443 0.012447034580088617 0.01431952601338553 -0.0014413224150381944 0.012429996506598413 0.17759466929249537 0.12679749262044826
leaf_weight=3578.1804877519608 150.21090564876795 1710.3274851664901 2274.88923420012 2619.0384857803583 484.58266958594322 994.26808873564005 771.28554301708937 575.16425240784883 39.248769573867321 2437.7990261912346 180.55220165848732 652.3276889026165 40.806254677474499 632.68397381901741 805.57952696084976 1084.6372759789228 494.08542174100876 17.842759050428867 78.799527645111084 77.848610900342464 36.8054234161973 164.0517008677125 132.30597569048405 41.248219639062881 6.6001290157437316 241.59166087210178 29.193774841725826 140.91392119973898 578.16553004831076 873.00461660325527 69.058795690536499 118.95067752152681 831.67287409305573 81.2766422778368 53.621915057301521 1599.8972496911883 666.00706848502159 1607.8693769648671 130.16455533355474 38.09782413393259 89.487673208117485 231.83822157606483 20.58397613465786 33.890456587076187 231.76067450642586 81.884294904768467 11.449221439659597 12.537585742771624 43.065676935017109
leaf_count=10205 885 7591 9486 8524 3144 5522 4033 4641 177 7547 840 2804 275 3005 2459 4560 2811 129 733 466 273 1501 637 366 11 1203 247 491 1929 3744 493 542 4213 663 443 8004 4240 4594 846 198 397 1726 62 244 2002 734 96 28 211
internal_value=0.0867227 0.0876998 0.085731 0.0835136 0.0807797 0.0829814 0.0766127 0.0634488 0.0891832 0.0904878 0.0469159 0.0814593 0.0928278 0.0629836 0.0927413 0.0851607 0.0805536 0.083198 0.0446015 0.0270095 0.0530483 0.0365054 0.103508 0.0751722 0.0272024 0.0786525 0.0533831 0.0480396 0.100307 0.0861405 0.0681856 0.0468493 0.0684372 0.0550303 0.0760454 0.0770389 0.0688973 0.0970203 0.0789032 0.0121939 0.0667583 0.0265255 0.0203596 0.0630943 0.0335607 0.0509744 0.0212608 0.0987594 0.0859718
internal_weight=27897.2 27228.8 23650.6 19767.8 15282.2 13599.7 6709.55 1805.54 6890.17 6694.27 668.395 4904.01 4485.59 1682.52 1590.21 4256.47 3171.84 1866.55 195.897 156.648 1049.83 475.761 937.886 1270.54 85.9462 1184.6 270.785 904.088 596.008 913.811 328.923 188.009 1461.51 629.836 3313.79 3260.17 1660.28 3882.76 901.45 79.346 574.07 395.89 135.751 54.4744 487.843 256.082 105.871 23.9868 79.8711
internal_count=119975 115390 105185 91105 74479 64222 35155 11046 29067 27691 4585 24109 16626 10257 5900 20144 15584 8102 1376 1199 7252 3711 3096 6044 575 5469 1450 6167 2058 4019 1526 1035 7993 3780 18209 17766 9762 14080 4879 564 3541 3227 969 306 3745 1743 858 124 484
is_linear=0
shrinkage=0.03


Tree=8
num_leaves=50
num_cat=0
split_feature=4 13 15 18 10 12 0 7 8 8 1 1 12 6 10 11 0 19 19 15 8 1 10 10 2 3 10 6 2 7 12 3 8 12 7 6 8 10 19 8 0 10 18 7 19 6 11 10 11
split_gain=977.154 640.367 524.513 484.366 480.694 402.687 339.017 471.475 370.169 319.268 351.159 314.697 307.589 261.801 248.532 204.905 195.56 192.831 185.781 176.391 169.389 165.023 164.244 161.904 301.014 235.759 223.75 233.931 287.686 206.215 172.544 166.175 161.345 160.292 159.302 267.725 262.528 177.257 172.943 171.548 193.429 183.014 157.952 153.611 211.517 198.839 151.865 148.356 148.206
threshold=28758.100585937504 5.5000000000000009 3.5000000000000004 5.5000000000000009 97231.214843750015 9.5000000000000018 1.5000000000000002 6927.1000976562509 85976.199218750015 24000.799804687504 6.5000000000000009 4.5000000000000009 12.500000000000002 100002.00000000001 10029.100097656252 1.5000000000000002 2.5000000000000004 70.500000000000014 53.500000000000007 1.5000000000000002 128007.00000000001 17.500000000000004 219815.40625000003 1999.9000244140627 29436.166992187504 2961.8200683593755 55242.601562500007 26789.000000000004 21132.596679687504 4921.7001953125009 11.500000000000002 649.35000610351574 81496.402343750015 10.500000000000002 3970.500122070313 65981.000000000015 18357.000000000004 63528.201171875007 4.5000000000000009 27172.500000000004 2.5000000000000004 26447.799804687504 3.5000000000000004 4361.5000000000009 44.500000000000007 18204.000000000004 2.5000000000000004 27839.000000000004 1.5000000000000002
decision_type=2 2 2 2 2 2 2 2 2 2 2 2 2 2 2 2 2 2 2 2 2 2 2 2 2 2 2 2 2 2 2 2 2 2 2 2 2 2 2 2 2 2 2 2 2 2 2 2 2
left_child=1 32 3 5 16 11 7 12 -9 -5 22 14 13 23 15 -3 20 43 48 -10 42 -13 -11 24 30 26 27 -25 -29 -28 -7 -26 -1 -30 38 36 -36 39 -8 -37 -41 46 -2 44 -17 -45 -42 -18 -4
right_child=4 2 18 9 -6 6 34 8 19 10 -12 21 -14 -15 -16 17 47 -19 -20 -21 -22 -23 -24 25 31 -27 29 28 33 -31 -32 -33 -34 -35 35 37 -38 -39 -40 40 41 -43 -44 45 -46 -47 -48 -49 -50
leaf_value=0.088114020565033743 0.035807378754418799 0.12648765576909854 0.13174097869580037 0.076389327490441972 0.11397083125546791 0.070906406975888681 0.051252575549059334 0.012144446361613832 0.093967919797011995 0.044050168362003712 0.080284981670277464 0.089408676452098768 0.047302702005114938 0.12717206416828936 0.09055852370038607 0.070577128411136739 0.075690324608825743 0.020191891003049384 0.10188706177986831 0.023120585162352245 0.069692052396245777 0.12238837254904265 0.13329294459608987 0.083187211461907135 -0.034723867436842817 0.034396168971015342 0.12577306726589535 -0.034573118368502381 -0.03492718624428074 -0.035473254062256113 0.011886219377966474 0.096841848170976533 0.10282324353373697 0.066517212689474373 0.083151581590723334 0.072610464701341568 0.061429023081003238 0.070110938617834004 0.090622090880007652 0.098273255014417304 0.063311944690926755 0.10236181125556386 -0.0023150767348362562 -0.013675668174461152 0.08993091271657952 0.070258301667111764 0.15569617555757501 -0.0097472038461402146 0.084279613337568768
leaf_weight=2949.0757127404213 205.48575223982334 68.949180096387863 60.274419270455837 1034.6489500328898 78.225107043981552 1061.3539941459894 109.67787739634514 240.32504601031542 103.51660443842411 1025.7146555259824 352.72795803844929 2668.9942921921611 444.95807589590549 81.738497905433178 1229.6242589130998 953.33543682098389 134.40556941181421 58.353709183633327 718.98222993314266 45.542868740856647 65.752364449203014 143.91334620118141 18.902399733662605 224.79473882913589 8.7696712613105756 215.05701500922441 89.152279317378998 39.004304811358452 15.560778670012949 7.7593849152326575 46.534840673208237 585.06207720935345 868.88825590163469 141.43023845553398 716.89650911092758 664.25835406035185 1660.5378281921148 933.76504094153643 1189.8484445884824 1079.6335910782218 424.11337912082672 184.87943846732378 186.67602394521236 25.736554592847824 1088.5110338106751 1954.2880427390337 16.642618753015995 21.173017203807831 3367.6692996025085
leaf_count=8559 1523 178 115 4692 219 5339 481 1890 500 6383 1311 7909 3212 197 4221 4168 610 424 1800 286 293 247 42 965 75 1334 239 348 131 60 403 2344 1646 708 3303 2780 9368 3690 3862 3411 1814 555 1779 219 3856 10144 16 161 12165
internal_value=0.0791721 0.080015 0.0782739 0.0763448 0.0439346 0.0779975 0.0740586 0.0662145 0.0351807 0.0637573 0.054404 0.082965 0.0702954 0.0743613 0.0787127 0.0752022 0.0350045 0.0743355 0.0880222 0.0723216 0.0251317 0.091096 0.045665 0.0725881 0.0776649 0.0607982 0.0717658 0.0623009 0.0383456 0.112863 0.0684274 0.0948989 0.0914615 0.0564622 0.0778238 0.0756561 0.0679793 0.0811813 0.0872994 0.0855438 0.0905818 0.077309 0.0176604 0.0751211 0.0808947 0.0691673 0.0668003 0.064063 0.0851141
internal_weight=29611.1 28919.4 25101.4 20954.5 691.718 18522.5 10330.8 3350.56 389.385 2431.99 1397.35 8191.71 2961.18 2516.22 5378.8 4149.17 613.493 4080.22 4146.93 149.059 457.914 2812.91 1044.62 2434.48 1701.72 732.759 517.702 420.79 195.995 96.9117 1107.89 593.832 3817.96 156.991 6980.25 5680.73 2377.43 3303.29 1299.53 2369.53 1705.27 625.635 392.162 4021.87 2041.85 1980.02 440.756 155.579 3427.94
internal_count=119975 115390 105185 91105 4585 78677 47311 18031 2676 12428 7736 31366 15355 12143 23210 18989 4366 18811 14080 786 3595 8156 6425 11946 8161 3785 2451 2152 1187 299 5742 2419 10205 839 29280 24937 12671 12266 4343 8576 5796 2385 3302 18387 8024 10363 1830 771 12280
is_linear=0
shrinkage=0.03


Tree=9
num_leaves=50
num_cat=0
split_feature=4 13 1 18 8 8 9 8 15 3 10 8 18 1 10 13 2 16 2 3 10 0 18 2 3 13 13 8 3 16 9 16 15 3 0 2 16 8 2 2 8 3 8 6 4 6 6 3 2
split_gain=846.409 506.348 498.699 497.157 332.009 314.027 464.934 270.589 240.107 280.14 294.204 324.635 231.216 288.925 237.987 231.131 225.516 219.56 214.18 402.569 220.063 204.505 201.488 198.033 196.293 227.782 188.14 186.393 229.663 198.257 177.013 175.139 191.206 229.872 306.916 372.118 181.335 172.304 171.903 168.568 172.838 167.141 188.6 163.365 162.646 158.021 264.617 155.27 154.709
threshold=9321.4658203125018 4.5000000000000009 6.5000000000000009 4.5000000000000009 75496.500000000015 24595.299804687504 1467.9000244140627 124020.00000000001 2.5000000000000004 3002.6901855468755 30659.400390625004 119036.90234375001 3.5000000000000004 6.5000000000000009 52394.400390625007 11.500000000000002 32178.869140625004 5.5000000000000009 61256.400390625007 4359.2800292968759 1.0000000180025095e-35 1.5000000000000002 5.5000000000000009 12300.600097656252 1800.330017089844 6.5000000000000009 8.5000000000000018 38999.000000000007 2820.0700683593755 7.5000000000000009 2893.500122070313 8.5000000000000018 2.5000000000000004 2762.5786132812505 1.5000000000000002 25530.833007812504 5.5000000000000009 8943.4003906250018 11184.216308593752 43067.000000000007 59255.500000000007 1135.799987792969 32978.300781250007 17002.500000000004 5137.1708984375009 26789.000000000004 30398.100585937504 4051.8332519531255 26870.629882812504
decision_type=2 2 2 2 2 2 2 2 2 2 2 2 2 2 2 2 2 2 2 2 2 2 2 2 2 2 2 2 2 2 2 2 2 2 2 2 2 2 2 2 2 2 2 2 2 2 2 2 2
left_child=1 -1 3 4 26 15 -7 12 9 23 11 45 -2 14 -14 -5 22 -6 19 20 43 -22 27 41 -25 -26 31 29 30 -10 -29 32 33 37 35 -35 -34 38 -3 -39 -41 -8 -43 -4 -45 -11 47 -47 -37
right_child=7 2 18 5 17 6 8 -9 16 10 -12 -13 13 -15 -16 -17 -18 -19 -20 -21 21 -23 -24 24 25 -27 -28 28 -30 -31 -32 -33 36 34 -36 48 -38 39 -40 40 -42 42 -44 44 -46 46 -48 -49 -50
leaf_value=0.086899102935627304 0.058885542100930853 0.080567413654073425 -0.036098582769777121 0.072924580796609795 0.089336413854486804 -0.026123987498427689 0.070680830668432379 0.081427522694400289 0.11285261446617303 -0.033763630654976243 0.069937774072611869 0.078744640371173166 0.010755930488502435 0.05892986714121988 0.073671607926706531 0.015017149415141014 0.084861544538893607 0.073772784677807762 0.090992497799070968 0.052006326800683067 0.049772497331920941 0.076890320103380289 0.041302871974131218 0.093845249599923353 0.066803986064632143 0.002481841236346774 0.055416129055603731 -0.036023743517599863 0.039397935631261434 0.046966099830287572 0.099768884900635527 0.077720019979871241 0.079590528712175035 0.0081282305355800406 0.06702448110951098 0.11635699401989134 0.064290170842327965 0.075843387706994725 -0.011219002912246095 -0.009643803621414879 0.11148920709508214 0.064674708621261345 -0.025955130188878378 0.062477319497188502 0.089919871643763041 0.14650347817356305 0.020157484989930745 -0.03344295699185755 0.051569593423194934
leaf_weight=2513.9425829797983 835.8573440387845 32.018965728580952 9.695381708443163 2143.0626489296556 1659.419086560607 60.134306989610195 60.177139662206173 256.47886182367802 140.21089731901884 44.295383095741272 210.87263044714928 101.95258292555809 365.57998624071479 287.57675813883543 63.510461531579494 63.883599996566772 451.42989225685596 1604.6323391720653 1234.2907964587212 518.56718847900629 274.68372946232557 2817.9280502721667 355.67938652634621 213.28536928445101 419.82039904594421 56.180430166423321 671.7956223487854 9.3282706141471845 229.92691642045975 58.150310218334198 117.03113067150116 3141.7537302598357 2196.2885713204741 199.40090045332909 1358.8793886378407 35.16993136703968 1021.3319664224982 1810.1678645461798 43.061527736485004 40.166387751698494 14.402541667222975 31.999290347099304 58.344036936759949 214.7941576987505 2044.4389083981514 23.573679521679882 505.57794060558081 5.2827282547950736 584.09060706943274
leaf_count=5851 4263 122 72 9103 5133 491 266 770 476 457 846 385 2946 1425 296 435 1377 5826 3066 2249 1407 8709 2130 700 1781 378 3256 68 1501 307 291 11440 8031 1498 6026 124 4457 7035 287 256 33 159 464 807 5854 88 3739 58 3236
internal_value=0.0727983 0.0740238 0.0728199 0.0703691 0.0732702 0.0625688 0.056494 0.0528812 0.0581002 0.0506874 0.0389754 0.0293834 0.0481653 0.0356622 0.0200682 0.0712484 0.0675249 0.0816852 0.0796313 0.0772464 0.0796877 0.0744817 0.0589277 0.0631211 0.0699288 0.0592123 0.0708064 0.0702301 0.0572536 0.0935377 0.0897442 0.0717933 0.0692548 0.0649729 0.0582825 0.0437719 0.0747339 0.0724832 0.0279244 0.0742773 0.0223272 0.0319464 0.00614564 0.0867835 0.0873108 0.0206877 0.0252007 0.113561 0.0552491
internal_weight=31210.1 29401.1 26887.2 19772.8 14412.6 5360.2 3153.25 1809 3093.12 1731.36 891.555 680.682 1552.52 716.667 429.09 2206.95 1361.76 3264.05 7114.4 5880.11 5361.54 3092.61 910.327 839.807 689.286 476.001 11148.5 554.648 356.286 198.361 126.359 10476.7 7334.98 4117.36 2177.54 818.661 3217.62 1939.82 75.0805 1864.74 54.5689 150.52 90.3433 2268.93 2259.23 578.73 534.434 28.8564 619.261
internal_count=119975 110275 104424 82260 56760 25500 15962 9700 15471 9321 5573 4727 8930 4667 3242 9538 6150 10959 22164 19098 16849 10116 4773 3748 2859 2159 45801 2643 1860 783 359 42545 31105 18617 10884 4858 12488 7733 409 7324 289 889 623 6733 6661 4342 3885 146 3360
is_linear=0
shrinkage=0.03


Tree=10
num_leaves=50
num_cat=0
split_feature=4 19 1 13 12 12 2 2 7 9 4 6 18 7 6 19 9 7 12 11 19 6 5 6 2 3 2 18 9 9 2 4 16 3 6 18 19 7 9 19 13 9 9 3 19 9 12 6 19
split_gain=647.042 558.693 347.502 339.543 281.665 248.315 270.301 229.05 226.056 221.761 216.717 311.982 263.512 215.593 313.05 215.051 214.419 209.092 185.128 170.506 198.089 163.79 160.485 152.537 147.934 140.919 140.365 139.988 200.762 139.794 134.791 203.014 173.957 132.345 153.518 202.412 179.555 165.627 151.903 176.921 138.65 130.582 130.252 197.499 198.373 147.891 135.634 135.463 127.805
threshold=9321.4658203125018 36.500000000000007 4.5000000000000009 11.500000000000002 11.500000000000002 10.500000000000002 17218.169921875004 16238.066406250002 2651.900024414063 1798.7000122070315 46363.501953125007 55393.000000000007 3.5000000000000004 4759.3000488281259 75998.101562500015 67.500000000000014 3539.700073242188 1893.0000610351565 9.5000000000000018 2.5000000000000004 70.500000000000014 17002.500000000004 0.34313726425170904 19580.200195312504 26663.666992187504 1749.5000000000002 31748.536132812504 4.5000000000000009 4676.1000976562509 6997.4001464843759 27009.318359375004 22327.022460937504 2.5000000000000004 7642.9501953125009 58019.400390625007 3.5000000000000004 30.500000000000004 4895.1000976562509 4631.7001953125009 32.500000000000007 11.500000000000002 600.10000610351574 3016.700073242188 2033.631286621094 56.500000000000007 1379.7000122070315 28.500000000000004 21197.000000000004 12.500000000000002
decision_type=2 2 2 2 2 2 2 2 2 2 2 2 2 2 2 2 2 2 2 2 2 2 2 2 2 2 2 2 2 2 2 2 2 2 2 2 2 2 2 2 2 2 2 2 2 2 2 2 2
left_child=1 4 3 5 33 13 17 8 9 -6 11 12 16 41 15 21 48 -7 -4 20 42 -15 -13 -18 -25 -9 -23 28 -5 -8 31 -14 -33 34 35 37 -37 -1 -39 -40 -36 -3 43 -20 45 -45 -46 -44 -2
right_child=10 2 18 27 7 6 29 25 -10 -11 -12 22 30 14 -16 -17 23 -19 19 -21 -22 26 -24 24 -26 -27 -28 -29 -30 -31 -32 32 -34 -35 40 36 -38 38 39 -41 -42 -43 47 44 46 -47 -48 -49 -50
leaf_value=0.070063363989432678 -0.034629964322592958 -0.036838953171062241 0.082327216840778317 0.03635568085731599 -0.034891823671964375 0.054634475830120377 0.055231222747073129 0.090829098476858425 -0.019966184477112774 0.075953428863711023 0.028594771095200332 0.065643051121109713 0.0056987779038680259 -0.035267665467812945 0.08050567040951323 -0.00089614428730503673 0.13021546679019244 -0.015163918245260687 0.088155373033761142 0.10803207113706401 0.013878261769654461 0.081784114202298766 0.17296434210661507 0.035644337685015633 0.096785689106717074 0.055008857598949495 0.061369597434537869 0.023720591171773484 0.080104873820447745 0.084695311479071181 -0.018547741095964486 -0.034279739630536245 0.081280989327125894 0.044698652078398383 0.07159853151900096 0.062078062770959036 0.044582190754298999 0.061962008245480135 0.0003606930321130018 0.090219342365402785 -0.036674829010794913 0.077328451532662545 -0.035921357772547083 0.011522847303877908 0.080082182671528224 0.053636093990683253 -0.036722808265433254 0.077610461353481305 0.043027697547908812
leaf_weight=4207.8303112462163 21.489303410053253 9.0371777489781362 3753.181255325675 206.79024574905634 20.972101703286171 76.42772464454174 554.88841534405947 105.04408391565084 71.537282139062881 72.052179761230946 327.34022238850594 866.48634802550077 130.27569302171469 15.117158465087412 1167.2354237884283 47.823498725891113 41.576347678899765 78.097862750291824 242.62947102636099 116.92702112346888 53.461360901594162 342.80128435045481 12.724375404417513 74.389229759573936 68.330179966986179 1674.9103871509433 2619.1058430373669 172.09043517708778 173.69884198904037 196.15724358707666 67.77848032861948 13.794709280133246 78.088138647377491 250.83922725170851 4226.6687626540661 2731.9572257772088 654.37046910822392 255.85394997894764 88.714778631925583 25.355956584215164 10.671254672110079 3953.5619941353798 9.5072458833456022 88.636440552771091 308.34480183571577 489.59497256577015 9.2145839929580671 1850.3375091403723 169.62940281629562
leaf_count=16021 191 61 8180 1117 180 359 2632 362 590 363 2242 3442 932 124 3006 396 82 570 661 195 315 1197 9 398 244 7746 11341 1132 611 533 624 134 425 1275 13787 12389 3230 1130 579 89 73 11662 72 481 845 1977 63 5109 938
internal_value=0.0678952 0.0689317 0.0726939 0.0690034 0.0646108 0.0703958 0.0554921 0.0539921 0.0201294 0.0509636 0.050768 0.0554672 0.0399682 0.0720509 0.0673084 0.0622157 0.0565599 0.0193581 0.0778192 0.0724796 0.0711174 0.0632296 0.0671963 0.0796482 0.0649172 0.0571228 0.0637323 0.0461729 0.0563278 0.0629266 0.018485 0.0297833 0.0639314 0.066269 0.0667125 0.0642579 0.0586972 0.0683714 0.0491257 0.0203347 0.0713259 0.0770681 0.072138 0.0641459 0.0576428 0.0471806 0.0766929 0.0770301 0.0342959
internal_weight=32803.3 30931.4 16534.7 9612.83 14396.8 9060.25 905.571 1944.52 164.562 93.0243 1871.9 1544.56 665.351 8154.68 4192.08 3024.85 375.414 154.526 6921.83 3168.65 3051.73 2977.02 879.211 184.296 142.719 1779.95 2961.91 552.58 380.489 751.046 289.937 222.159 91.8828 12452.3 12201.4 7964.08 3386.33 4577.75 369.925 114.071 4237.34 3962.6 2998.27 1138.42 895.791 578.231 317.559 1859.84 191.119
internal_count=120114 110453 52639 34741 57814 31881 4094 9241 1133 543 9661 7419 3968 27787 16064 13058 1853 929 17898 9718 9523 12662 3451 724 642 8108 12538 2860 1728 3165 2115 1491 559 48573 47298 33438 15619 17819 1798 668 13860 11723 9208 4027 3366 2458 908 5181 1129
is_linear=0
shrinkage=0.03


Tree=11
num_leaves=50
num_cat=0
split_feature=4 19 8 15 0 13 18 5 18 16 10 6 8 6 8 6 4 13 7 0 7 6 4 7 10 8 5 7 2 18 5 4 19 16 19 10 7 8 8 8 2 0 8 0 6 6 7 8 2
split_gain=548.775 491.13 305.24 296.043 271.094 248.036 228.684 208.479 193.607 210.942 191.525 233.937 188.853 177.634 171.088 167.301 162.216 161.031 149.86 189.097 208.202 412.833 238.126 158.796 185.521 149.643 139.961 135.425 134.884 161.646 141.516 139.873 134.458 151.752 180.676 182.036 145.093 131.76 128.386 165.406 264.626 127.784 127.607 126.073 172.75 138.47 130.348 144.019 130.185
threshold=9321.4658203125018 35.500000000000007 140024.00000000003 2.5000000000000004 1.5000000000000002 11.500000000000002 1.5000000000000002 0.11437908560037614 3.5000000000000004 3.5000000000000004 114.57999801635744 99996.902343750015 124020.00000000001 39596.800781250007 30986.600585937504 30000.500000000004 46363.501953125007 6.5000000000000009 12102.100097656252 1.5000000000000002 3093.700073242188 40480.800781250007 19.818000793457035 8244.7001953125018 260103.21875000003 30384.500000000004 0.73214286565780651 2624.099975585938 14292.375000000002 4.5000000000000009 0.73214286565780651 11998.278320312502 64.500000000000014 11.500000000000002 47.500000000000007 15357.024902343752 6662.5000000000009 146495.50000000003 75496.500000000015 36533.000000000007 17992.339843750004 1.5000000000000002 18998.100585937504 3.5000000000000004 58019.400390625007 51725.500000000007 7591.7001953125009 12924.100097656252 39167.533203125007
decision_type=2 2 2 2 2 2 2 2 2 2 2 2 2 2 2 2 2 2 2 2 2 2 2 2 2 2 2 2 2 2 2 2 2 2 2 2 2 2 2 2 2 2 2 2 2 2 2 2 2
left_child=1 3 5 18 6 7 -2 8 32 -10 11 14 13 15 27 -6 25 -16 19 20 38 26 -23 -24 -25 -15 -22 -11 29 31 -30 -8 33 -3 35 -35 -34 42 39 -1 -41 -7 -20 44 45 -5 47 48 -46
right_child=4 2 -4 43 12 41 28 -9 9 10 -12 -13 -14 16 17 -17 -18 -19 37 -21 21 22 23 24 -26 -27 -28 -29 30 -31 -32 -33 36 34 -36 -37 -38 -39 -40 40 -42 -43 -44 -45 46 -47 -48 -49 -50
leaf_value=0.061945201468491078 0.057776159248169118 0.072419388219828698 0.080417313710108351 0.068470245554729414 0.040513682922606202 0.035497161858361527 -0.036071372552174741 0.10934140244702034 0.070138400157755701 0.074560649830539449 0.067898566876100741 0.072852995805860757 0.082316144089146587 0.074810573401264402 0.04690154058591766 -0.035202000180629932 0.028436502739271174 0.016146346507375495 0.067804146604073384 0.060858356610539843 0.022555269698622413 -0.012469181147028989 0.06109046063365859 0.0081635812593154437 0.11343950902666985 0.048228908548673066 0.14279813678576556 0.051935289747025673 0.012661655898226451 -0.03440528784411534 0.17115224773411997 0.11667348249813486 0.060900803620669602 -0.0097449179742768507 0.06454001724008436 0.085827416748719049 0.011520008129821123 0.076708366111356494 0.080050314274125511 0.0077307629362144675 0.064012142902976826 0.058838573655387374 0.014445644722812543 0.033513551453589835 0.075719308605198765 0.057247269959911355 0.061636917961908518 0.080938951705917292 -0.017240645220461561
leaf_weight=984.34745319932699 216.62959207594395 6831.5402801707387 1474.4134196862578 1752.3990531265736 83.289601713418961 306.67552294582129 6.3786019831895819 104.43641342222691 2336.873409114778 328.54022198915482 1414.677423030138 504.53676629066467 203.2589883133769 368.18606272339821 918.89446599036455 38.361409217119217 167.35461317747831 183.88086532056332 51.176542147994041 4790.0909657776356 591.0731378942728 45.62726054340601 1048.2890708819032 98.916754640638828 17.772006407380104 395.1914941072464 8.8425799682736379 864.86403571069241 405.8151865825057 11.408581912517546 5.1345488280057898 35.013988956809044 273.28783717006445 58.673993922770023 1519.4153866395354 25.833586364984512 66.602727718651295 56.299287803471088 236.40653466433287 146.93714395910501 153.97712180018425 677.24809364229441 190.45341665297747 112.24783584475517 28.173589892685413 2272.5177764371037 590.41940476000309 1188.7222239226103 26.136660531163216
leaf_count=4179 1085 18748 2825 5457 404 1687 47 127 7045 984 4086 1348 455 1265 4150 313 1039 1099 199 17163 3824 315 4549 712 40 1670 4 3560 3160 105 4 114 1106 344 4621 60 373 183 683 906 611 2530 1142 448 74 10372 1871 2882 146
internal_value=0.0630927 0.0640231 0.0673419 0.0598973 0.047579 0.0661675 0.0323285 0.0670987 0.0668108 0.0629089 0.0589011 0.0543564 0.0558426 0.0507294 0.0502921 0.0166375 0.0551854 0.0417733 0.056274 0.0570405 0.0515523 0.0446775 0.0547619 0.0573951 0.0241974 0.0610496 0.0243276 0.058164 0.0204413 0.0655782 0.0146419 0.0931355 0.0697243 0.0704697 0.0621654 0.0194711 0.0512245 0.035377 0.059732 0.0559948 0.0365298 0.0515634 0.0257468 0.0650071 0.0656106 0.0621336 0.0732434 0.0787563 0.0309826
internal_weight=34217.2 32281.2 17890.4 14390.8 1936.02 16416 680.381 15432.1 15327.6 6552.27 4215.39 2800.72 1255.64 1052.38 2296.18 121.651 930.732 1102.78 8420.21 8122.28 3332.19 1810.52 1210.61 1164.98 116.689 763.378 599.916 1193.4 463.751 52.8012 410.95 41.3926 8775.35 8435.46 1603.92 84.5076 339.891 297.929 1521.67 1285.26 300.914 983.924 241.63 5970.62 5858.37 4024.92 1833.45 1243.03 54.3103
internal_count=120114 110453 54693 55760 9661 51868 4515 47651 47524 22272 15227 11141 5146 4691 9793 717 3974 5249 34510 32986 15823 9444 5616 5301 752 2935 3828 4544 3430 266 3164 161 25252 23773 5025 404 1479 1524 6379 5696 1517 4217 1341 21250 20802 15829 4973 3102 220
is_linear=0
shrinkage=0.03


Tree=12
num_leaves=50
num_cat=0
split_feature=19 15 8 13 5 0 15 7 1 10 1 1 8 18 10 0 7 8 7 7 6 2 19 8 2 9 9 9 6 9 6 8 2 1 19 9 9 7 2 18 2 10 19 19 9 1 19 6 18
split_gain=453.56 392.92 303.522 310.706 240.26 230.553 257.545 346.315 222.442 183.629 166.852 166.25 172.907 166.117 182.177 165.858 205.432 188.547 163.528 159.851 319.874 170.522 149.297 160.764 148.123 145.89 179.153 142.425 139.837 151.04 148.997 139.762 159.503 130.537 156.642 137.325 124.57 123.224 121.182 120.595 139.545 120.393 148.94 119.415 114.909 114.611 114.017 130.164 113.129
threshold=35.500000000000007 2.5000000000000004 140024.00000000003 11.500000000000002 0.25833334028720861 1.5000000000000002 2.5000000000000004 2671.900024414063 4.5000000000000009 4548.1000976562509 1.5000000000000002 7.5000000000000009 81496.402343750015 4.5000000000000009 97231.214843750015 1.5000000000000002 12102.100097656252 99999.902343750015 4084.700073242188 3093.700073242188 46737.201171875007 40529.666015625007 69.500000000000014 33994.500000000007 29652.533203125004 1331.5000000000002 1416.7000122070315 7462.1000976562509 178904.50000000003 6078.3000488281259 80000.500000000015 9998.1000976562518 116126.73828125001 9.5000000000000018 63.500000000000007 5839.5000000000009 6810.3000488281259 9897.6000976562518 65398.800781250007 5.5000000000000009 41374.201171875007 10824.100097656252 62.500000000000007 4.5000000000000009 1979.9000244140627 3.5000000000000004 13.500000000000002 69447.500000000015 3.5000000000000004
decision_type=2 2 2 2 2 2 2 2 2 2 2 2 2 2 2 2 2 2 2 2 2 2 2 2 2 2 2 2 2 2 2 2 2 2 2 2 2 2 2 2 2 2 2 2 2 2 2 2 2
left_child=1 15 3 4 5 6 7 36 9 24 -8 48 -13 14 31 17 28 19 -19 27 21 25 -10 -24 -7 -21 -27 39 29 -17 -31 32 -9 34 35 44 -2 -22 -18 -1 -41 -33 -43 -32 -15 -16 47 -20 -5
right_child=2 -3 -4 11 -6 8 10 13 22 -11 -12 12 -14 33 45 16 38 18 46 20 37 -23 23 -25 -26 26 -28 -29 -30 30 43 41 -34 -35 -36 -37 -38 -39 -40 40 -42 42 -44 -45 -46 -47 -48 -49 -50
leaf_value=0.054433774475731583 0.06486853601177385 0.060837518256751336 0.074081743017960514 0.048991053667495087 0.10598877043495564 0.067856936110049934 0.056395407466622319 -0.036697570317343886 0.068408149237612598 0.071511040803972942 0.074774869884830494 0.071372753189446372 -0.0036805588773570217 0.0026209038974467579 0.099915063716354419 0.056620435220026771 0.0097000229823870372 0.076978548665386448 -0.035695875405612282 -0.035077901190058873 0.050967961884745026 0.075589915227966556 0.062531107684020301 -0.00060044851366916803 0.053893178635681653 0.10257871981416529 0.017434698799400166 -0.03601604310936702 0.075513555273640703 0.025188872167973171 -0.01340091136271326 0.052356442407736563 0.12658534866307755 0.086891351852852503 0.079392226648768743 -0.025043278732111818 0.016489882977044321 0.0075120238502185506 0.048572524045320239 0.020371395876698523 0.10679512828333859 0.037577209213890857 -0.036113603313695349 0.058273642752611918 0.036676989330542059 0.051004494727072559 0.057426311220302007 0.042224874515131079 0.026483252903847655
leaf_weight=1326.0232362598181 1376.3427272811532 6381.6991565302014 1688.0804065987468 421.45335508137941 109.97126224637032 854.54012132436037 879.0405840203166 33.054361894726753 6157.946202121675 912.34044104069471 899.34553564339876 282.21917219460011 30.623522043228149 124.36610912531614 96.445505134761333 4359.5669789463282 139.38367985188961 307.14491985738277 28.252508923411369 45.279457710683346 875.54125418514013 47.771975085139275 95.376098774373531 58.611796654760838 3419.6065780520439 23.165677525103092 557.33690517395735 17.027973867952824 305.18417166918516 291.40486062318087 22.272418230772018 1017.994553245604 6.4320252239704123 34.411930412054062 46.252548322081566 50.835268512368202 49.628665760159492 62.949522949755192 149.6900697723031 171.11308137327433 18.647131338715553 320.95984873175621 26.741360917687416 344.6473920494318 315.05300788581371 77.982438534498215 232.67306712269783 60.850385032594204 384.18309658765793
leaf_count=5659 4616 21869 3198 1751 117 2115 2716 229 14278 2105 2186 759 150 797 163 15373 819 861 217 375 4072 189 286 328 13198 83 3707 127 772 1403 126 4295 3 107 187 391 247 475 615 1010 59 1393 197 1129 1664 265 963 275 2195
internal_value=0.0588892 0.0550942 0.061916 0.0607802 0.06179 0.0615016 0.0563599 0.0517206 0.0638961 0.059293 0.0656901 0.0454652 0.0640259 0.0441189 0.0491315 0.0511892 0.0544594 0.046326 0.061321 0.0433272 0.0367319 0.0209576 0.0676785 0.0385016 0.056685 0.016787 0.0208325 0.0502635 0.055797 0.0545979 0.0412039 0.045542 -0.0101001 0.0302499 0.0266169 0.0216379 0.0631848 0.0480531 0.0298292 0.0512327 0.028864 0.0471508 0.0319097 0.0539229 0.0270383 0.0780484 0.0463753 0.017518 0.0382578
internal_weight=35537.5 15767.6 19769.8 18081.8 16963.3 16853.3 5354.89 3576.5 11498.4 5186.49 1778.39 1118.48 312.843 2150.53 1579.61 9385.93 5612.15 3773.78 628.921 3144.86 1612.04 673.554 6311.93 153.988 4274.15 625.782 580.503 1532.81 5323.08 5017.89 658.325 1405.18 39.4864 570.919 536.507 490.254 1425.97 938.491 289.074 1515.78 189.76 1365.7 347.701 366.92 439.419 174.428 321.776 89.1029 805.636
internal_count=120114 60178 59936 56738 51883 51766 19456 14554 32310 17418 4902 4855 909 9691 6545 38309 20237 18072 2316 15756 8901 4354 14892 614 15313 4165 3790 6855 18803 18031 2658 6117 232 3146 3039 2852 4863 4547 1434 6728 1069 5885 1590 1255 2461 428 1455 492 3946
is_linear=0
shrinkage=0.03


Tree=13
num_leaves=50
num_cat=0
split_feature=4 13 6 12 1 7 0 0 19 8 15 10 9 7 2 8 19 6 8 9 19 15 7 8 15 13 0 2 10 7 10 8 6 7 2 6 7 12 0 4 13 19 6 6 7 7 1 8 2
split_gain=463.969 390.134 311.824 297.961 342.343 309.324 251.614 217.633 207.034 204.437 185.384 237.189 232.619 208.762 247.982 170.496 164.298 184.724 169.636 179.021 159.956 156.289 262.183 156.064 155.487 153.657 150.253 142.456 141.302 187.85 140.389 138.403 137.445 135.37 147.411 137.549 132.268 181.887 139.557 128.515 126.874 165.597 121.12 119.351 118.253 117.791 117.317 159.624 149.764
threshold=9321.4658203125018 4.5000000000000009 178904.50000000003 11.500000000000002 6.5000000000000009 4823.3000488281259 1.5000000000000002 1.5000000000000002 70.500000000000014 98789.199218750015 2.5000000000000004 60682.101562500007 6997.4001464843759 3093.700073242188 25302.333007812504 84000.101562500015 53.500000000000007 69999.000000000015 8528.1000976562518 1498.3000488281252 3.5000000000000004 2.5000000000000004 4834.7001953125009 124020.00000000001 2.5000000000000004 8.5000000000000018 1.5000000000000002 45170.400390625007 59074.701171875007 7682.9001464843759 54473.201171875007 161409.89843750003 17804.000000000004 12102.100097656252 34507.121093750007 39596.800781250007 1893.0000610351565 16.500000000000004 1.5000000000000002 41246.144531250007 11.500000000000002 53.500000000000007 19580.200195312504 51006.000000000007 2419.900024414063 693.20001220703136 4.5000000000000009 13379.000000000002 29652.533203125004
decision_type=2 2 2 2 2 2 2 2 2 2 2 2 2 2 2 2 2 2 2 2 2 2 2 2 2 2 2 2 2 2 2 2 2 2 2 2 2 2 2 2 2 2 2 2 2 2 2 2 2
left_child=1 -1 3 4 5 6 9 28 21 10 11 12 13 40 -15 -12 17 18 -5 32 -6 26 25 24 33 31 -7 36 42 -30 -22 -23 -20 35 -35 44 37 -21 -38 -37 -3 -42 -2 -28 -9 -8 47 -40 -49
right_child=7 2 -4 16 20 8 45 23 -10 -11 15 -13 -14 14 -16 -17 -18 -19 19 27 30 22 -24 -25 -26 -27 43 -29 29 -31 -32 -33 -34 34 -36 39 38 -39 46 -41 41 -43 -44 -45 -46 -47 -48 48 -50
leaf_value=0.06639376107125898 0.056052809807269406 0.05366844760472024 0.06614777549802045 -0.036364120595315082 0.036687430795137324 0.038096787341214071 -0.010407011975325673 0.046058672383160991 -0.0030584220122016606 0.067651211686499776 0.060633323167757665 0.084317279146560759 -0.0068300848393893282 0.020400156290669009 0.049463358185643826 -0.0071567666295963015 0.056920209260287673 0.050570220575578216 -0.011281740748853967 0.082499565723688009 0.067007551828997508 0.049830096989974371 0.063242017261578798 0.071573104113415525 0.06456819101577152 0.024217411879957872 0.066690023328070336 -0.02255007555801955 0.081975670134365311 -0.035989958804794123 0.053840689506198136 0.083485398482587944 0.067116460107674428 0.087526793522966134 -0.025841509651741194 0.053154553020273193 0.017554246159092388 -0.012475093655224673 0.10591490682991836 0.022802908979460822 -0.023649349905035394 0.075023393940962163 0.017802137423460422 0.047980748936237161 -0.018222152331975983 0.064567685320784093 0.046864966035656902 0.041224374617288909 -0.0084898198897810102
leaf_weight=2970.7609654292464 86.325609490275383 2392.2920976802707 2116.9237799346447 28.144208960235119 199.06380941718817 1364.3343099877238 18.963056653738022 45.067606873810291 65.217289261519909 880.43447777628899 1975.3525649085641 156.81843593716621 71.799893230199814 472.04439853876829 600.17152127623558 33.964827060699463 1173.1978564187884 1796.5489342808723 21.959160663187504 98.939130909740925 3406.2079797312617 3548.9704878777266 1828.6296709477901 220.50246372818947 255.52918817847967 205.55859240144491 343.43932171165943 39.581319972872734 76.03775842487812 14.459356948733328 927.19165838509798 113.48831763863564 241.09640961885452 12.847693309187887 52.5217539742589 540.37617341428995 393.44023559242487 22.22458191215992 18.679703935980797 163.55599681288004 42.744303368031979 23.84756001085043 544.06946238130331 2882.0069242864847 60.110827520489693 3445.2722660005093 561.26016741991043 101.67749907076359 117.62992335110903
leaf_count=5880 381 8737 4750 203 728 6520 95 197 445 2154 5590 359 435 2641 2509 166 3600 6247 158 367 7736 14710 4576 455 816 1235 1131 284 233 110 2510 233 887 37 383 1901 2612 143 44 939 290 79 3791 11135 418 7979 2052 406 827
internal_value=0.0551746 0.0559979 0.0550246 0.0542294 0.0555223 0.0538701 0.0576015 0.0413821 0.0502245 0.0541861 0.0521311 0.0481997 0.0466276 0.0477146 0.0366682 0.0594874 0.0472252 0.0439199 0.0366552 0.0379265 0.0629824 0.0505624 0.0538816 0.0484867 0.0439817 0.0494564 0.0464427 0.0335251 0.0280725 0.0631275 0.0641903 0.050873 0.060572 0.0379662 -0.00356013 0.0413212 0.0352145 0.0650787 0.0321806 0.0461025 0.0525315 0.0116869 0.0230401 0.0499729 0.00932135 0.0641573 0.0393806 0.0217297 0.0145592
internal_weight=36771.3 34699.9 31729.1 29612.2 24997.8 20465.4 10113.7 2071.4 10351.6 6649.47 5769.04 3759.72 3602.9 3531.1 1072.22 2009.32 4614.38 3441.18 1644.63 1616.49 4532.46 10286.4 5696.65 1350.51 1130.01 3868.02 4589.78 1353.43 720.892 90.4971 4333.4 3662.46 263.056 874.48 65.3694 809.111 1313.85 121.164 1192.69 703.932 2458.88 66.5919 630.395 3225.45 105.178 3464.24 799.247 237.987 219.307
internal_count=120114 110453 104573 99823 81993 71019 31034 9661 39985 22960 20806 15050 14691 14256 5150 5756 17830 14230 7983 7780 10974 39540 20754 5146 4691 16178 18786 6735 4515 343 10246 14943 1045 3875 420 3455 6451 510 5941 2840 9106 369 4172 12266 615 8074 3329 1277 1233
is_linear=0
shrinkage=0.03


Tree=14
num_leaves=50
num_cat=0
split_feature=4 19 1 8 0 15 0 19 18 3 8 19 1 15 6 3 2 2 3 0 3 3 2 3 6 8 10 15 18 16 8 16 19 19 7 2 6 10 8 2 6 4 6 8 7 18 6 2 18
split_gain=405.427 379.629 250.141 276.068 207.399 194.3 192.659 190.658 186.122 174.323 171.052 198.884 140.306 138.946 202.019 138.264 247.58 187.845 168.371 174.554 174.174 245.132 162.929 158.217 141.212 136.724 134.499 134.07 132.587 127.081 125.56 124.147 123.061 121.972 121.608 133.766 125.369 129.179 119.817 118.663 141.254 115.857 113.987 111.054 124.95 137.516 125.192 106.4 129.635
threshold=9321.4658203125018 35.500000000000007 4.5000000000000009 96029.000000000015 1.5000000000000002 2.5000000000000004 1.5000000000000002 53.500000000000007 1.5000000000000002 2300.974975585938 30986.600585937504 50.500000000000007 2.5000000000000004 1.5000000000000002 85500.300781250015 4571.9543457031259 65398.800781250007 32400.120117187504 1961.1546630859377 1.5000000000000002 3939.050170898438 3391.1750488281255 77474.000000000015 6215.6494140625009 81257.101562500015 124020.00000000001 62437.800781250007 2.5000000000000004 3.5000000000000004 3.5000000000000004 10303.000000000002 9.5000000000000018 69.500000000000014 3.5000000000000004 12102.100097656252 34507.121093750007 49999.099609375007 10029.100097656252 33994.500000000007 20384.974609375004 16738.200195312504 45688.001953125007 104001.00000000001 56559.000000000007 3537.3000488281255 4.5000000000000009 29761.400390625004 14292.375000000002 4.5000000000000009
decision_type=2 2 2 2 2 2 2 2 2 2 2 2 2 2 2 2 2 2 2 2 2 2 2 2 2 2 2 2 2 2 2 2 2 2 2 2 2 2 2 2 2 2 2 2 2 2 2 2 2
left_child=1 5 3 10 9 15 8 13 12 30 11 -3 -2 -5 31 17 -17 18 -1 20 21 33 26 24 -18 27 -19 34 -12 -30 -4 -15 -6 -20 36 -36 37 -8 -34 40 -11 -38 43 -21 46 -46 -45 48 -10
right_child=6 2 4 7 32 -7 25 -9 47 39 28 -13 -14 14 -16 16 23 22 19 42 -22 -23 -24 -25 -26 -27 -28 -29 29 -31 -32 -33 38 -35 35 -37 41 -39 -40 -41 -42 -43 -44 44 45 -47 -48 -49 -50
leaf_value=0.05233559845341209 0.070530387895059221 0.058570146146131638 -0.037533973582916061 0.067751807527063251 0.061591344306111954 0.053094115903146194 0.031985755632372249 0.073549148748577889 0.076422406156221576 0.12166120938657052 0.050859823990753499 0.046653724327171318 0.024403502917796648 -0.0016096642803861221 0.068033514436307466 0.025567416756286026 -0.036804000490205289 0.058240787918515342 -0.00063342979441298019 0.049489933677833664 0.06965102002275543 -0.018058243102996741 -0.037859355103789884 0.033412741233603889 0.0660548165880296 0.066910636571779286 0.042536770205181276 0.060252220726913212 0.051211109487537348 0.034919849748497094 0.067012725120856764 0.041282413284488735 0.056414734475504699 0.035703660679801338 0.080361395764313767 -0.025513822770742479 0.05165531403754408 -0.025295975080898401 0.0034523565577201836 0.040003253028182043 -0.025349721793618114 0.019515349510629738 -0.038351571307389885 -0.039045955260759872 0.031428684796667515 -0.024729878423202803 0.081594308115209541 0.011165326703246586 -0.034640471321566071
leaf_weight=1650.6272490993142 124.43298412114382 3297.0210103392601 10.704241670668123 450.86805970221758 7234.4400853589177 6659.2171942964196 140.00867518782616 842.97773639112711 47.078705288469791 6.7252203226089469 2283.6797275319695 2040.7467865198851 113.46614527702332 72.392986953258514 249.59657965600491 728.1898620724678 12.397194534540175 2171.5650079995394 90.738878905773163 1779.9407425001264 101.24529239535332 93.139691852033138 17.224265411496162 278.77133521437645 387.04189953953028 228.66026462614536 634.18540960550308 265.45866122841835 639.11931297928095 1322.9886690154672 302.92269186675549 377.06914443522692 94.86291828006506 992.55639687925577 13.561810478568075 51.614231906831264 516.65681561082602 47.437645778059959 64.639315836131573 504.69085714221001 46.929173193871975 125.45282197743654 14.351455837488173 8.8547667562961561 223.99473308771849 47.578850820660591 61.585183322429657 437.74172479659319 11.836672708392141
leaf_count=5470 477 9646 69 996 14778 21250 691 1579 161 12 7102 6885 608 362 449 3710 83 6589 580 6214 466 706 106 1227 1000 455 2224 816 2251 5675 826 1248 259 4586 37 383 1702 317 325 1912 319 745 85 50 954 355 105 3164 105
internal_value=0.0518728 0.0526284 0.0553986 0.0525523 0.0593848 0.0491828 0.0391364 0.0627116 0.0267109 0.045547 0.0504397 0.0540142 0.0485301 0.0547668 0.046392 0.0463803 0.0377148 0.0479254 0.044469 0.0406655 0.031894 0.0286446 0.0541265 0.0507574 0.0628624 0.0457082 0.0546912 0.0415294 0.0459458 0.0402264 0.0634445 0.034374 0.0610167 0.03266 0.0359746 -0.00348334 0.0390747 0.0174893 0.0349514 0.0354939 -0.00692288 0.0453759 0.0459116 0.0464815 0.0308248 0.0215899 0.066429 0.0162594 0.0541088
internal_weight=37919 35795.6 19842.4 11576.5 8265.91 15953.2 2123.41 1992.9 734.556 871.972 9583.56 5337.77 237.899 1149.93 699.059 9293.99 1406.4 7887.59 5064.61 3413.99 1277.68 1176.43 2822.97 678.21 399.439 1388.85 2805.75 1160.19 4245.79 1962.11 313.627 449.462 7393.94 1083.3 894.732 65.176 829.556 187.446 159.502 558.345 53.6544 642.11 2136.31 2121.95 342.014 271.574 70.44 496.657 58.9154
internal_count=120114 110453 54693 36193 18500 55760 9661 4634 4515 3138 31559 16531 1085 3055 2059 34510 6020 28490 19571 14101 6338 5872 8919 2310 1083 5146 8813 4691 15028 7926 895 1610 15362 5166 3875 420 3455 1008 584 2243 331 2447 7763 7678 1464 1309 155 3430 266
is_linear=0
shrinkage=0.03


Tree=15
num_leaves=50
num_cat=0
split_feature=8 12 1 18 3 16 6 10 15 8 6 7 8 7 19 11 6 11 7 0 8 8 19 0 7 6 3 10 1 8 12 7 8 19 15 8 18 6 6 7 18 7 3 7 3 6 10 11 19
split_gain=475.507 433.699 310.012 364.415 217.708 226.351 223.031 211.362 189.244 231.934 180.839 211.247 170.22 158.202 150.716 120.815 110.979 110.519 108.126 146.032 117.593 213.164 107.952 112.277 199.566 178.212 165.293 135.618 194.494 158.354 139.66 129.899 122.711 121.096 109.744 108.015 173.784 107.233 105.647 110.944 106.155 105.506 104.731 112.801 104.098 103.644 100.752 101.554 101.796
threshold=135545.80468750003 10.500000000000002 5.5000000000000009 3.5000000000000004 7917.7250976562509 6.5000000000000009 58019.400390625007 21420.396484375004 3.5000000000000004 13779.000000000002 178904.50000000003 11242.100097656252 16237.000000000002 4823.3000488281259 63.500000000000007 1.5000000000000002 156387.00000000003 4.5000000000000009 8929.8002929687518 1.5000000000000002 33602.800781250007 46676.000000000007 70.500000000000014 1.5000000000000002 4472.7001953125009 58019.400390625007 6503.7573242187509 1.0000000180025095e-35 6.5000000000000009 23996.100585937504 12.500000000000002 7854.0002441406259 74000.300781250015 18.500000000000004 3.5000000000000004 22160.500000000004 3.5000000000000004 59999.900390625007 198806.50000000003 11119.700195312502 4.5000000000000009 4641.7001953125009 2611.185668945313 1998.9000244140627 3773.422241210938 7998.9001464843759 173919.31250000003 3.5000000000000004 47.500000000000007
decision_type=2 2 2 2 2 2 2 2 2 2 2 2 2 2 2 2 2 2 2 2 2 2 2 2 2 2 2 2 2 2 2 2 2 2 2 2 2 2 2 2 2 2 2 2 2 2 2 2 2
left_child=1 2 3 13 5 10 7 12 9 -5 11 17 -7 -1 -15 -11 -6 22 19 20 -8 -22 23 27 -25 34 41 28 29 -3 33 32 -31 -29 -26 36 -36 42 39 46 -41 -27 43 -10 -20 -2 47 48 -17
right_child=45 4 -4 8 16 6 18 -9 37 15 -12 -13 -14 14 -16 38 -18 -19 44 -21 21 -23 -24 24 25 26 -28 30 -30 31 -32 -33 -34 -35 35 -37 -38 -39 -40 40 -42 -43 -44 -45 -46 -47 -48 -49 -50
leaf_value=0.055769505261165239 -0.03970067125260477 0.052823633189460519 0.056396150000018699 0.054645065967446296 -0.01002379890848808 0.04289923785054367 0.0006965700546981427 0.053688121708326472 0.035277079316707094 0.083169198297408084 0.061192735151836673 0.013954240270019952 0.015637357971325969 0.048777753820994217 0.013998748024443036 0.032994728322627086 0.035171006324494165 0.098983962511797724 0.0020851014037464406 0.050708306724916802 0.087002184964506346 0.016693198492524833 0.0083215559070585702 0.056248549331585337 0.031934538007710914 0.0089648527011673956 -0.038135329556777273 0.028278723800054081 0.077084730364413712 0.031318872054038903 0.0076855503277778597 -0.035595358049357158 0.054399164117045228 0.049383456388019178 0.049374022322108926 0.057460783085867002 -0.017273509389105383 0.07100505853206926 0.063817958164790994 0.036466984383932602 -0.036659875863488907 0.050922501952156987 0.042715409688374208 0.078307240832872133 0.037285786322333689 0.059589702654297014 0.077986135034927448 0.10768639698827644 0.042194835132060932
leaf_weight=4595.4169780761003 9.489821791648863 841.9904263317585 5100.2259285449982 884.34307653456926 101.45347063243389 271.25843319296837 99.671823717653751 230.79754573851824 78.889384694397449 52.614161893725395 647.47518802434206 195.55502017587423 858.52919321507215 4522.0320648923516 114.99370855093002 2816.8976446464658 94.398656994104385 34.584119074046612 91.509375929832458 1384.1176688894629 60.335133895277977 108.77889863401651 70.687134511768818 1825.3982920870185 1199.5546119660139 55.113384991884232 19.281955756247044 583.08975657820702 162.91496898233891 829.61864324659109 169.36073691397905 22.582629539072514 276.38974975794554 421.61254987865686 109.65723027288914 363.19187107682228 51.865697115659714 252.64857021719217 133.13744453340769 35.462817594408989 36.005731999874115 2529.2941696867347 671.28832825273275 179.77436716854572 435.1928958594799 3202.4191453903913 54.11367578804493 18.122963450849056 1757.853724449873
leaf_count=11800 53 3027 10948 2633 681 1066 589 715 268 124 1472 946 4478 14464 607 11912 365 43 426 4035 197 563 382 4679 5493 224 117 2572 497 3704 1013 182 924 1517 358 1131 284 427 283 135 265 6917 2328 290 1563 6772 89 21 6411
internal_value=0.0482432 0.0472418 0.0499457 0.0479153 0.0431695 0.0436105 0.0370577 0.0275271 0.0427378 0.0405037 0.0458391 0.0448208 0.0221828 0.0518247 0.0479153 0.0379536 0.0117596 0.0454517 0.0430069 0.0467788 0.0265438 0.0417775 0.0452575 0.0455335 0.0479295 0.0444208 0.0493748 0.0410759 0.0455822 0.0429778 0.0328869 0.0356323 0.0370866 0.0371351 0.0369402 0.0483836 0.0279732 0.0536735 0.0374633 0.0367197 -0.000374202 0.0500277 0.0489649 0.0651836 0.03117 0.0592963 0.0372901 0.0368107 0.0365299
internal_weight=38661 35449.1 21303.8 16203.6 14145.3 13949.4 3540.19 1360.59 6971.15 5788.55 10409.2 9761.74 1129.79 9232.44 4637.03 4904.21 195.852 9566.19 2179.61 1652.9 268.786 169.114 9531.6 9460.92 6153.36 4327.96 2603.69 3307.56 2133.5 1970.58 1174.06 1128.59 1106.01 1004.7 1724.27 524.715 161.523 1182.6 4851.59 4718.46 71.4685 2584.41 929.952 258.664 526.702 3211.91 4646.99 4592.87 4574.75
internal_count=119990 113165 63005 52057 50160 49114 13632 6259 25186 21873 35482 34010 5544 26871 15071 19240 1046 33064 7373 5384 1349 760 33021 32639 19203 14524 7258 13436 8334 7837 5102 4810 4628 4089 7266 1773 642 3313 19116 18833 400 7141 2886 558 1989 6825 18433 18344 18323
is_linear=0
shrinkage=0.03


Tree=16
num_leaves=50
num_cat=0
split_feature=4 8 3 2 3 6 11 18 12 4 8 16 8 8 9 8 2 3 19 3 6 12 9 9 15 9 7 9 2 9 8 11 7 19 15 15 12 8 8 16 3 9 8 18 2 8 9 6 19
split_gain=645.743 359.281 277.024 431.611 296.478 334.529 295.229 265.74 207.976 190.847 190.112 175.199 174.371 154.924 156.49 153.388 196.726 147.826 145.855 142.794 152.815 178.188 140.112 132.686 130.247 129.688 127.365 127.273 124.908 123.056 190.005 117.777 112.944 112.298 112.168 111.673 122.564 111.271 121.296 110.24 132.966 109.043 146.76 107.238 106.912 106.712 128.729 150.212 106.434
threshold=9321.4658203125018 135545.80468750003 2975.3857421875005 39998.027343750007 6305.6833496093759 171245.80468750003 1.5000000000000002 3.5000000000000004 10.500000000000002 47985.736328125007 109050.10156250001 2.5000000000000004 17998.100585937504 41494.300781250007 3360.700073242188 27172.500000000004 28414.303710937504 7642.9501953125009 24.500000000000004 5669.9001464843759 55393.000000000007 13.500000000000002 2239.700073242188 766.30001831054699 3.5000000000000004 697.50003051757824 12102.100097656252 6308.1000976562509 17411.500000000004 1397.9000244140627 21018.299804687504 2.5000000000000004 3939.500122070313 1.5000000000000002 3.5000000000000004 3.5000000000000004 10.500000000000002 73194.500000000015 94249.902343750015 10.500000000000002 4738.7331542968759 3246.3000488281255 96029.000000000015 1.0000000180025095e-35 38903.533203125007 73194.500000000015 5604.5000000000009 59980.599609375007 50.500000000000007
decision_type=2 2 2 2 2 2 2 2 2 2 2 2 2 2 2 2 2 2 2 2 2 2 2 2 2 2 2 2 2 2 2 2 2 2 2 2 2 2 2 2 2 2 2 2 2 2 2 2 2
left_child=1 2 8 6 29 12 -4 23 -1 10 19 33 -6 14 17 16 -16 28 45 20 25 -22 -15 -8 32 -2 -20 -12 -13 30 43 -10 -24 -9 -27 36 41 -26 -39 40 -30 -25 -43 -5 -38 -14 -47 -48 -41
right_child=9 -3 3 4 5 -7 7 11 31 -11 27 13 18 22 15 -17 -18 -19 26 -21 21 -23 24 35 37 34 -28 -29 39 -31 -32 -33 -34 -35 -36 -37 44 38 -40 48 -42 42 -44 -45 -46 46 47 -49 -50
leaf_value=0.051725972377029916 0.094411776117030444 0.056454464376092861 0.081796239677112581 -0.0031912417226285092 0.054872229549559649 0.053212799149849381 0.074480130756638258 0.016793820956299988 0.043833110545761875 0.0090177773265146671 -0.038939720091045411 -0.011580215254181061 -0.030853706748645453 -0.020629547704923618 0.065517196951988987 0.062284237822119386 -0.013071476291050836 0.11827860689906121 0.033503937045433335 -0.036009284890280546 0.047863319558199842 0.015032024969672233 0.052838096037432114 0.048285247247764715 0.058298696106815449 0.013791220477109078 -0.00038702045279744263 0.058347546683345949 0.028240819879438994 0.051503681497615084 -0.025854583607390385 0.075100796989834837 0.014646501316474884 0.046489632436127706 0.061291739611256862 0.049676300500024528 0.034320237318438807 -0.038047006814069556 0.040607783824408626 0.047470190139143283 -0.036512489401685506 0.031649823315963888 0.056814230471373184 0.046039363438219238 -0.013409656651930566 0.076103260868462905 0.11459033601860988 -0.037154834800641065 0.0025335022173643114
leaf_weight=8742.329861111939 20.277812376618385 3015.7533651292324 145.41026229411364 43.660079888999462 125.2748683989048 539.12415641546249 117.546914242208 128.36347477138042 5751.6639357507229 342.33322969824076 12.601413048803805 62.791457407176495 88.231261104345322 68.513679511845112 51.460259504616261 302.85162150859833 64.722368143498898 17.238376654684544 360.0151289999485 29.870156675577164 572.25781977176666 201.05034238100052 76.660124853253365 1761.8855593800545 154.20583091676235 595.77261430025101 138.07410454005003 305.54048717021942 1294.4167015179992 7153.8327123522758 40.514281772077084 110.50344284623861 766.47672822326422 1069.7458905354142 48.374626465141773 1406.3920570462942 1436.9610245451331 26.330052435398102 53.499464109539986 477.33210679888725 29.183776311576366 1021.3514517247677 262.11162115633488 452.98415686935186 43.51576654613018 23.399367921054363 7.0551341101527205 34.982794061303139 52.671859368681908
leaf_count=20896 55 6144 292 190 380 1273 264 633 18080 2135 74 384 602 480 163 966 360 42 1296 232 1854 933 291 5728 447 3521 676 641 5547 17882 218 181 4221 3812 159 3957 5984 160 175 1598 212 3997 766 1265 238 66 17 239 264
internal_value=0.0456127 0.0465246 0.0456566 0.0433537 0.0482123 0.0350552 0.0393358 0.0387613 0.0487944 0.0295368 0.0334703 0.0334069 0.0224569 0.030016 0.0344215 0.0510421 0.0217375 0.0308197 0.0162264 0.0289129 0.0302617 0.0393276 0.0209692 0.0429179 0.0236151 0.0197101 0.0241091 0.0544941 0.030033 0.0504638 0.0366154 0.0444225 0.018119 0.0433081 0.0173584 0.0422924 0.0399979 0.0434153 0.0146652 0.0314427 0.0268131 0.0434401 0.036789 0.0417115 0.0329173 -0.00932411 0.0197049 -0.0116878 0.0430044
internal_weight=39647.1 37519 34503.3 19898.8 9007.15 1316.16 10891.6 10746.2 14604.5 2128.08 1785.75 4696.46 777.033 3498.35 2352.67 419.034 116.183 1933.63 651.758 1467.6 1437.73 773.308 1145.69 6049.76 1077.17 664.425 498.089 318.142 1916.4 7690.99 537.159 5862.17 843.137 1198.11 644.147 5932.22 4525.83 234.035 79.8295 1853.6 1323.6 3045.35 1283.46 496.644 1480.48 153.669 65.4373 42.0379 530.004
internal_count=119990 110386 104242 65085 24104 4549 40981 40689 39157 9604 7469 19755 3276 15310 9536 1489 523 8047 2896 6754 6522 2787 5774 20934 5294 3735 1972 715 8005 19555 1673 18261 4512 4445 3680 20670 16713 782 335 7621 5759 10491 4763 1455 6222 924 322 256 1862
is_linear=0
shrinkage=0.03


Tree=17
num_leaves=50
num_cat=0
split_feature=4 13 6 7 0 15 8 10 0 18 3 4 8 12 12 3 15 3 6 12 19 19 7 12 10 0 18 3 15 19 0 7 15 6 8 8 15 7 7 13 15 3 8 3 6 7 3 7 19
split_gain=574.278 325.564 261.148 354.377 219.833 191.302 306.904 218.256 181.195 175.743 206.022 172.823 170.875 141.608 139.259 136.967 158.473 132.686 137.327 158.471 132.568 218.571 128.069 125.286 123.389 122.549 114.463 244.703 122.212 112.272 136.821 113.706 112.241 119.638 111.717 109.744 108.846 106.018 118.321 104.008 103.796 102.869 126.981 102.518 164.691 147.595 104.333 111.112 114.547
threshold=9321.4658203125018 4.5000000000000009 58019.400390625007 4823.3000488281259 1.5000000000000002 3.5000000000000004 36001.000000000007 29278.400390625004 1.5000000000000002 5.5000000000000009 4604.4323730468759 47985.736328125007 109050.10156250001 11.500000000000002 11.500000000000002 7917.7250976562509 1.5000000000000002 5669.9001464843759 55393.000000000007 13.500000000000002 53.500000000000007 62.500000000000007 2107.900024414063 11.500000000000002 59861.201171875007 2.5000000000000004 3.5000000000000004 2904.154907226563 2.5000000000000004 36.500000000000007 2.5000000000000004 10973.899902343752 3.5000000000000004 25981.000000000004 172037.39843750003 10978.399902343752 1.5000000000000002 3261.900024414063 4361.5000000000009 13.500000000000002 3.5000000000000004 1021.9416503906251 7800.6000976562509 2478.775024414063 29998.100585937504 2519.700073242188 2820.0700683593755 3666.099975585938 13.500000000000002
decision_type=2 2 2 2 2 2 2 2 2 2 2 2 2 2 2 2 2 2 2 2 2 2 2 2 2 2 2 2 2 2 2 2 2 2 2 2 2 2 2 2 2 2 2 2 2 2 2 2 2
left_child=1 -1 3 8 15 6 13 14 9 24 22 12 17 -5 20 -4 -17 18 32 -20 26 -22 -11 40 -3 -13 28 -28 -8 30 31 -6 33 35 -16 -2 -33 -32 -39 -7 43 -10 -43 44 -24 -45 -47 -48 -49
right_child=11 2 4 5 29 39 7 -9 41 10 -12 25 -14 -15 34 16 -18 -19 19 -21 21 -23 23 -25 -26 -27 27 -29 -30 -31 37 36 -34 -35 -36 -37 -38 38 -40 -41 -42 42 -44 45 -46 46 47 48 -50
leaf_value=0.053158634181123862 0.087308845959617826 0.04255785142279668 0.041103002758499811 0.040429166932465031 0.050104274414646176 0.044583096224819124 0.016115746767568991 0.061102545016141589 0.026970716494150147 0.03971518763553282 0.11407233345483955 -0.0027503125032148231 0.051543000368324397 0.014876075720258123 -0.010194577273544963 -0.026384568117948759 0.030810975768369966 -0.035802984184372361 0.045208897799715424 0.014451910979800062 0.051454179788437242 -0.015707268204558266 -0.037510248727732121 -0.035774527569919605 0.075135805610819908 0.036677686147122204 0.07737507356037189 0.008828437441395387 0.038078219750701421 0.050584487740459851 -0.040444158320790548 0.017497267881375008 0.060371482943982181 0.0060496611219747953 0.064488042554949193 0.024988251362427799 0.049204152806855986 0.06330519989345057 0.036143445001208897 -0.036679443072119851 0.056823359319322017 0.010589977851977288 0.050861544535824144 0.10849153235709397 0.028695233840237217 -0.017517747646076894 0.052454603322917313 0.057605728034111729 -0.025021344548468723
leaf_weight=3246.2915639430285 29.816624879837036 6475.2591479420662 3121.8017985969782 3366.6526564434171 3101.9436711296439 2025.5443834513426 397.47902552038431 142.41120514273643 179.75259906053543 348.21778148412704 24.59103249758482 244.43202688544989 326.12253585457802 207.19591842591763 165.63139481842518 55.992034755647182 196.97441642731428 29.151859253644943 587.44070515036583 202.81948114931583 302.54480344802141 50.956149190664291 71.79682944715023 39.026575475931168 106.35186181217432 99.964262314140797 50.051409922540188 737.77230523526669 534.90126655995846 6814.7079417780042 15.399822548031805 200.34616726636887 53.955902099609375 416.15646106749773 20.228546388447285 172.89225751906633 189.71221588551998 158.80183789134026 1584.9723195433617 14.275122210383413 60.397635415196419 71.720538005232811 4030.382879756391 18.204747155308723 63.924659244716167 51.892355620861053 94.262989453971386 22.52420149743557 45.812749691307545
leaf_count=5896 72 20689 10029 12572 7577 6197 1884 333 533 1238 45 1745 715 1146 1140 432 702 232 1854 933 987 336 457 300 193 390 98 4497 2089 13977 81 869 164 2595 43 904 466 309 4703 98 137 247 8795 29 260 290 323 86 303
internal_value=0.0432215 0.0440685 0.0432293 0.0409414 0.0461511 0.0360818 0.0333741 0.0250812 0.0442696 0.0414345 0.0285178 0.0281803 0.031871 0.0389477 0.0228109 0.0393826 0.0181512 0.0275718 0.0288345 0.0373151 0.0250405 0.041773 0.0259397 0.0156865 0.0430843 0.00869403 0.021602 0.0131833 0.0287155 0.0480442 0.0447476 0.0481846 0.0188736 0.0152556 -0.0020663 0.034155 0.0329185 0.0379249 0.038617 0.0440144 0.02037 0.0491841 0.0501574 0.0143939 -0.00632755 0.0264798 0.0195192 0.0313392 0.00221295
internal_weight=40569.5 38406.7 35160.4 19719.8 15440.7 8015.64 5975.82 2401.98 11704.1 7422.26 840.652 2162.75 1818.36 3573.85 2259.56 3374.77 252.966 1492.23 1463.08 790.26 2073.7 353.501 816.061 467.843 6581.61 344.396 1720.2 787.824 932.38 12065.9 5251.18 3492 672.821 618.865 185.86 202.709 390.058 1759.17 1743.77 2039.82 428.816 4281.86 4102.1 368.419 135.721 232.697 214.492 162.6 68.337
internal_count=119990 110386 104490 65345 39145 31420 25125 11407 33925 24350 3468 9604 7469 13718 11074 11163 1134 6754 6522 2787 9891 1323 3423 2185 20882 2135 8568 4595 3973 27982 14005 8912 3735 3571 1183 976 1335 5093 5012 6295 1885 9575 9042 1748 717 1031 1002 712 389
is_linear=0
shrinkage=0.03


Tree=18
num_leaves=50
num_cat=0
split_feature=4 13 6 3 0 2 3 11 15 4 3 6 3 12 9 15 12 12 3 11 12 12 2 10 7 9 13 16 4 13 4 0 15 3 12 3 2 3 11 2 10 2 10 4 9 6 9 3 6
split_gain=513.491 300.712 242.283 277.611 229.391 206.028 325.728 212.926 207.141 156.814 135.919 156.328 138.531 249.4 157.048 128.38 128.168 140.192 125.754 123.821 148.686 123.147 130.839 119.631 130.695 127.905 115.823 122.308 125.425 114.165 113.083 112.411 112.367 112.204 111.896 109.103 179.569 130.652 108.914 108.393 104.694 104.584 101.924 99.1442 97.6527 100.196 102.992 115.08 102.414
threshold=9321.4658203125018 4.5000000000000009 156387.00000000003 3002.6901855468755 1.5000000000000002 39998.027343750007 6305.6833496093759 1.5000000000000002 3.5000000000000004 47985.736328125007 4051.8332519531255 12000.300292968752 3006.7373046875005 11.500000000000002 3066.099975585938 1.5000000000000002 12.500000000000002 43.500000000000007 3094.262084960938 2.5000000000000004 12.500000000000002 11.500000000000002 19991.316406250004 73745.414062500015 14422.899902343752 9060.5000000000018 14.500000000000002 10.500000000000002 7400.1672363281259 13.500000000000002 1.0000000180025095e-35 2.5000000000000004 3.5000000000000004 3496.600219726563 11.500000000000002 2004.4619750976565 35405.828125000007 2478.775024414063 3.5000000000000004 32106.424804687504 95705.546875000015 71607.507812500015 228592.40625000003 400.21200561523443 697.50003051757824 46737.201171875007 3539.700073242188 1507.0928344726565 25981.000000000004
decision_type=2 2 2 2 2 2 2 2 2 2 2 2 2 2 2 2 2 2 2 2 2 2 2 2 2 2 2 2 2 2 2 2 2 2 2 2 2 2 2 2 2 2 2 2 2 2 2 2 2
left_child=1 -1 3 4 34 7 -7 -5 10 23 12 -12 13 14 15 -9 40 42 -14 20 -6 22 -13 24 25 32 27 28 30 39 33 41 38 -20 -3 -36 -37 -38 44 -10 -8 -11 -18 -24 -2 46 48 -48 -46
right_child=9 2 -4 5 19 6 16 8 29 31 11 21 18 -15 -16 -17 17 -19 26 -21 -22 -23 43 -25 -26 -27 -28 -29 -30 -31 -32 -33 -34 -35 35 36 37 -39 -40 -41 -42 -43 -44 -45 45 -47 47 -49 -50
leaf_value=0.050478419115400942 0.077814719410212868 0.040774485465430374 0.049566094633580034 0.072275225708815935 0.048406502062630564 0.043868013237900988 0.02386931266719013 4.8858058278843718e-05 0.057639245274983895 -0.012913615220808184 0.091263840082417128 -0.0064702892084775535 0.052103053609894361 -0.015309697546876996 0.024145657250410041 0.037560677269666352 -0.030473986105653487 0.12507609253925026 0.045313513994000257 0.071780820933069964 0.037502702247003444 -0.0036901579031032731 -0.038101592122203591 0.050136180264765691 -0.025583247594332413 0.053561103639405742 -0.038061687140028083 0.049544941505461515 0.035026463313202659 -0.036820951465800653 -0.039400615563846268 0.034816059469602471 0.050681123483310948 -0.038074068922643214 0.039986862586260087 0.006464941447683727 -0.037358022123319443 0.076648796801363175 0.10348179598972222 0.040213999501038857 0.054553678658704398 0.035002446498846033 0.076664101997475018 0.030981471969455627 0.020926275129884344 0.028284584911594579 0.044663243666042879 -0.0017609462558977244 -0.013612346344970699
leaf_weight=3315.0059631317854 27.557022713124752 6340.335784509778 2765.4695157632232 137.55384495854378 6113.096004717052 6768.7323111221194 676.91835052520037 85.034121535718441 383.12657311558723 191.82371813058853 28.874140657484531 104.96029638499022 529.22553818672895 104.82291832566261 1572.0776019394398 2389.1757554113865 76.408535584807396 6.5182767361402503 56.364630125463009 177.06426832079887 1379.5244401246309 160.12377995252609 19.177687048912048 240.29060126841068 40.773677498102188 167.93542745709419 18.860343165695667 516.71772126108408 1839.7257403209805 16.225918583571911 38.297316037118435 102.11610571295023 146.85544475913048 19.56325601786375 364.52391640096903 294.54504857957363 10.639003351330755 60.452249936759472 14.932200737297533 1990.2996749952435 117.43796097487211 52.13983628153801 8.9250295087695104 745.59568589925766 129.17626414448023 683.21971713006496 129.54476881027222 76.397408939898014 192.27512159943581
leaf_count=5896 70 18843 5570 274 12372 17316 2663 439 781 1476 70 622 1322 750 7365 9136 503 5 167 223 3911 952 121 595 253 376 121 1390 6476 111 220 390 394 124 1491 1641 69 158 21 6035 272 269 11 2966 678 2694 534 477 1377
internal_value=0.041043 0.041833 0.0410351 0.0403234 0.0433916 0.037867 0.0416288 0.0351897 0.0347093 0.0269227 0.0324512 0.0224175 0.0339328 0.0303768 0.0315603 0.0362715 0.0245262 -0.009025 0.0388228 0.0469849 0.0463989 0.0204872 0.0249385 0.0303918 0.0274425 0.0288215 0.0359997 0.0365651 0.0331325 0.0424847 0.00262892 0.00838872 0.0258537 0.0238282 0.0394938 0.0283726 0.0167936 0.0595874 0.0229441 0.0430268 0.0284057 -0.00267301 -0.0192684 0.0292491 0.0219729 0.0207017 0.0108784 0.0274415 0.000267109
internal_weight=41426.4 39231.4 35916.4 33150.9 14740.2 18410.7 7654.94 10755.8 10618.2 2195.04 8228.6 1058.73 7169.86 4151.11 4046.29 2474.21 886.208 91.8518 3018.75 7669.68 7492.62 1029.86 869.734 1848.96 1608.67 1567.89 2489.53 2470.67 1953.95 2389.65 114.225 346.08 1399.96 75.9279 7070.5 730.16 365.636 71.0913 1253.1 2373.43 794.356 243.964 85.3336 764.773 1238.17 1210.61 527.394 205.942 321.451
internal_count=119990 110386 104490 98920 38708 60212 20770 39442 39168 9604 32241 4731 27510 17690 16940 9575 3454 519 9820 16506 16283 4661 3709 7469 6874 6621 8498 8377 6987 6927 511 2135 6245 291 22202 3359 1868 227 5851 6816 2935 1745 514 3087 5830 5760 3066 1011 2055
is_linear=0
shrinkage=0.03


Tree=19
num_leaves=50
num_cat=0
split_feature=8 12 1 18 9 0 13 8 19 8 13 7 19 6 2 9 1 19 7 11 19 7 6 19 7 7 18 12 10 13 13 9 19 10 8 8 9 2 7 8 1 19 6 8 8 10 10 10 2
split_gain=380.859 336.088 260.583 286.122 217.823 171.969 163.162 140.769 134.27 126.724 172.547 122.46 125.616 118.657 174.273 117.676 110.736 174.763 158.538 114.057 119.565 110.22 116.263 106.421 112.937 110.3 109.342 101.211 132.857 145.361 130.292 103.178 98.9036 97.5207 116.429 97.6077 138.313 94.8469 159.105 94.6606 94.0229 128.687 134.595 119.515 92.3357 90.7876 133.136 116.313 138.597
threshold=135545.80468750003 10.500000000000002 5.5000000000000009 3.5000000000000004 7462.1000976562509 1.5000000000000002 11.500000000000002 13779.000000000002 27.500000000000004 70003.000000000015 16.500000000000004 4823.3000488281259 64.500000000000014 69999.000000000015 32106.424804687504 3539.700073242188 9.5000000000000018 21.500000000000004 12921.800292968752 2.5000000000000004 59.500000000000007 1194.5000000000002 12397.000000000002 15.500000000000002 1998.9000244140627 4300.3000488281259 4.5000000000000009 17.500000000000004 365426.96875000006 5.5000000000000009 6.5000000000000009 1125.100036621094 35.500000000000007 1.0000000180025095e-35 23999.799804687504 27998.100585937504 1611.100036621094 66974.398437500015 11242.100097656252 7800.6000976562509 3.5000000000000004 49.500000000000007 34895.099609375007 17979.000000000004 10798.100097656252 8484.1000976562518 3313.700073242188 65483.900390625007 71607.507812500015
decision_type=2 2 2 2 2 2 2 2 2 2 2 2 2 2 2 2 2 2 2 2 2 2 2 2 2 2 2 2 2 2 2 2 2 2 2 2 2 2 2 2 2 2 2 2 2 2 2 2 2
left_child=1 2 3 11 5 8 7 -5 33 10 16 -1 -13 14 -9 -11 17 18 23 20 40 32 -23 24 -7 26 -26 30 29 -29 45 -31 -10 34 44 36 -36 38 -33 -25 41 42 -19 -44 -3 46 -18 -47 -49
right_child=-2 4 -4 6 -6 9 -8 13 21 15 -12 12 -14 -15 -16 -17 27 19 -20 -21 -22 22 -24 39 25 -27 -28 28 -30 31 -32 37 -34 -35 35 -37 -38 -39 -40 -41 -42 -43 43 -45 -46 47 -48 48 -50
leaf_value=0.045306586260805831 0.048515447763504305 0.022221505501287483 0.046136899839820396 0.044970502052248715 0.019857875004497757 -0.013930787913550534 0.013428473162035985 0.037059360847360438 -0.036987586256223899 -0.0036563232229490849 -0.025903316384223059 0.039310162525893824 0.0018599935525551636 0.042063381101630735 0.025859448521769132 0.046679432285312045 0.03692475768931975 0.013715291007213836 -0.023498144395345887 0.068381489587766048 0.045753555901776891 -0.026333857594292936 0.021164755167670173 -0.039921373193690414 0.037702806725690347 0.032660127726389487 0.06363679777694517 0.0680671217287903 0.092833170289645051 -0.039692156681639876 0.065265995447032002 0.027914648453121058 0.063439327973512857 0.026918064069792011 0.068545412581066126 0.034016706935432656 -0.010683639643561605 0.063396870357825083 -0.039070316811644475 0.049330736002396569 0.022149276026480258 -0.013555730401219525 0.078964266165468366 0.039232712467923328 0.048559798904268252 0.055566002798783626 -0.017104060918792782 0.027298061219305371 0.079635865262696559
leaf_weight=5039.4155383035541 3503.7309479862452 138.78990261256695 5548.3436100929976 1126.5145776048303 835.5967940017581 39.8089949041605 322.95573995262384 2487.5374891683459 9.8626260459423047 42.909487217664719 39.939311034977436 4998.315486304462 81.929515480995178 1164.2480506151915 2514.1395375952125 1616.5104181170464 511.06260024756193 108.30205456912518 36.03312935680151 63.079997695982456 287.81632364541292 48.689984224736691 977.23196525126696 10.821115851402281 377.82771890610456 1490.8162500783801 238.78620610386133 81.490123137831688 31.773923635482788 21.068996362388134 259.8091551437974 560.38076151162386 83.954339787364006 1225.8003602474928 24.976364850997925 1089.5226784646511 96.253122240304947 60.947012953460217 33.84048817306757 916.54888648539782 1802.5344620943069 40.565581120550632 102.89414209127426 201.72467395663261 875.28154318779707 632.00248643010855 44.63235130161047 327.63732552528381 52.887967795133591
leaf_count=11800 6825 533 10948 2967 3144 178 1594 7536 69 186 215 14621 450 2915 10174 3804 1367 397 212 106 718 307 4669 59 996 4975 437 110 28 116 454 1759 265 4830 71 4056 513 110 198 2403 6660 191 171 609 2704 1289 199 984 68
internal_value=0.0390437 0.0381867 0.0404627 0.0386875 0.0347547 0.035607 0.034295 0.0352191 0.0307834 0.037804 0.0363033 0.0419931 0.0387062 0.0334375 0.0314296 0.0453778 0.0366014 0.0342617 0.0390632 0.0285324 0.0275443 0.0217568 0.0189105 0.0397964 0.0361285 0.0370741 0.0477458 0.0417119 0.0327355 0.0302154 0.0455887 0.0256541 0.0528818 0.0337126 0.0374561 0.0311754 0.00563956 0.0277555 0.0240999 0.0482893 0.0252212 0.0374315 0.0424405 0.0526532 0.044955 0.0423288 0.0325853 0.0476762 0.0345723
internal_weight=42227.5 38723.8 23283.4 17735.1 15440.4 14604.8 7615.4 7292.44 4570.36 10034.5 8375.03 10119.7 5080.25 6165.93 5001.68 1659.42 8335.09 5717.56 3110.64 2606.92 2543.84 1119.74 1025.92 3074.61 2147.24 2107.43 616.614 2617.53 789.501 757.727 1828.03 676.237 93.817 3450.62 2224.82 1210.75 121.229 655.168 594.221 927.37 2256.02 453.486 412.921 304.619 1014.07 1568.22 555.695 1012.53 380.525
internal_count=119990 113165 63005 52057 50160 47016 25186 23592 18017 28999 25009 26871 15071 20625 17710 3990 24794 18112 9260 8852 8746 5310 4976 9048 6586 6408 1433 6682 2321 2293 4361 2183 334 12707 7877 4640 584 2067 1957 2462 8028 1368 1177 780 3237 3907 1566 2341 1052
is_linear=0
shrinkage=0.03


Tree=20
num_leaves=50
num_cat=0
split_feature=13 5 15 2 3 3 2 2 6 7 10 10 12 3 19 2 6 9 2 9 19 19 9 15 13 19 19 3 10 9 19 10 10 19 16 7 9 9 10 12 2 13 12 19 13 10 9 9 2
split_gain=404.228 403.223 255.644 181.498 231.7 204.658 332.641 171.627 168.923 167.968 149.192 144.047 142.227 141.263 135.946 133.32 138.478 116.48 116.188 154.654 134.397 183.949 167.025 117.346 116.614 111.909 124.944 111.543 108.939 108.87 108.148 107.239 105.702 105.539 103.338 102.684 100.846 100.363 123.647 118.129 103.964 105.433 100.2 99.6462 95.5333 91.1368 95.4013 91.4211 90.7127
threshold=5.5000000000000009 0.34313726425170904 3.5000000000000004 32178.869140625004 2422.0070800781255 3939.050170898438 52012.554687500007 19621.833007812504 17002.500000000004 1505.2000122070315 1739.1530761718752 28918.300781250004 11.500000000000002 521.17501831054699 4.5000000000000009 37054.183593750007 61831.201171875007 829.70001220703136 32106.424804687504 3390.700073242188 62.500000000000007 53.500000000000007 4201.7001953125009 1.5000000000000002 6.5000000000000009 30.500000000000004 26.500000000000004 7917.7250976562509 82572.300781250015 1202.100036621094 56.500000000000007 7126.1999511718759 13658.899902343752 44.500000000000007 11.500000000000002 3093.700073242188 1438.7000122070315 4589.7001953125009 9272.0000000000018 10.500000000000002 32106.424804687504 2.5000000000000004 14.500000000000002 61.500000000000007 13.500000000000002 7737.3000488281259 1798.7000122070315 1316.7000122070315 11184.216308593752
decision_type=2 2 2 2 2 2 2 2 2 2 2 2 2 2 2 2 2 2 2 2 2 2 2 2 2 2 2 2 2 2 2 2 2 2 2 2 2 2 2 2 2 2 2 2 2 2 2 2 2
left_child=37 2 3 4 12 9 14 8 34 11 -11 -5 17 -4 15 -7 -17 -2 -9 23 21 -21 -23 24 -20 26 31 -8 44 35 -25 -12 42 -29 43 -19 -18 38 39 40 41 -1 -10 -6 -14 -28 47 -47 -31
right_child=1 -3 13 5 7 6 27 18 32 10 25 -13 28 -15 -16 16 36 29 19 20 -22 22 -24 30 -26 -27 45 33 -30 48 -32 -33 -34 -35 -36 -37 -38 -39 -40 -41 -42 -43 -44 -45 -46 46 -48 -49 -50
leaf_value=0.058434003019160942 0.058735555271948854 0.077175735139227292 -0.0074662754630594142 -0.0014108689955454243 0.038041113848665757 -0.037578661553599846 0.039563122575789082 0.034936214253459115 0.008057630318450644 0.046135664770095473 -0.013997845836545487 0.061611563431714748 0.026188406994782341 0.042125823264534283 0.020388675516949725 0.088138948495813621 0.092052418469058109 0.02943990038335912 -0.008947791038992868 0.01657338408708341 -0.036017618876984382 -0.019474460956904312 0.058599964512651023 0.034517102662215901 0.1202590578615622 0.041471625165879891 0.058414270240614664 0.011541993431958232 0.061621448934579895 0.031713580236559374 0.0066575556179611327 0.035849290583383354 0.035225350178654018 0.038737752480288386 -0.02151479931802747 -0.010621474273209136 0.0053016104922047041 0.050418747035040713 0.050798406064239042 0.019062606411493908 0.034775668068856631 0.039841163597308681 -0.036770704609317265 -0.038757639275101494 -0.037862634913808486 -0.040072520394230933 -0.016333689281465037 0.063225588428614615 0.040620969938350626
leaf_weight=454.24053090810776 244.48518278449774 215.96329191327095 52.143273428082466 144.45086029917002 470.07515413314104 14.080159164965151 4104.4085182696581 3983.0909965485334 529.48637853562832 3471.2080425769091 40.185257792472839 42.169284962117672 1133.7342013344169 6011.2812807410955 1686.558073349297 71.336410164833069 16.15501794219017 353.7854980006814 92.292522273957729 1156.9889312833548 37.986831560730934 28.729142621159554 174.14090708643198 2497.1876275911927 6.7462299913167945 2356.8699406906962 26.622741341590881 264.62456764280796 78.066007554531097 1317.1342059597373 132.03559791296721 1163.0188051983714 119.73592389374971 249.52184362709522 30.336770057678223 68.77716875821352 47.579791121184826 1946.3100138753653 1039.3391850665212 252.07500682771206 1284.9669325351715 693.66466475278139 49.030646659433842 15.713579319417475 21.352485910058022 10.297316260635851 110.07406075298786 30.699161931872368 4703.5461962670088
leaf_count=608 483 198 273 780 1644 91 10220 12508 2357 8208 183 116 4402 14006 6242 136 21 1043 492 5614 284 159 467 9327 10 5437 50 1226 157 3963 647 3364 370 634 162 292 204 3035 1709 782 3144 1448 352 95 138 57 505 60 12070
internal_value=0.0374343 0.0363019 0.0360643 0.0349655 0.0329114 0.037523 0.0336193 0.0297062 0.0191882 0.0409298 0.0416573 0.0128299 0.0366842 0.0416993 0.0228165 0.0502695 0.059427 0.0384104 0.0312813 0.0277531 0.0196389 0.0211937 0.0475436 0.0319105 -0.000146599 0.0374982 0.0307166 0.037913 0.0273225 0.0376392 0.033118 0.0341845 0.00956853 0.0247404 0.0322024 0.0229194 0.0272905 0.0448978 0.0420126 0.0386117 0.0406372 0.0471986 0.00425833 0.0355569 0.0250044 0.00723475 -0.00178448 0.0372796 0.0386723
internal_weight=43044.3 37373.7 37157.7 31094.3 17244.5 13849.9 6454.26 9323.58 1214.38 7395.6 7208.98 186.62 7920.88 6063.42 1835.71 149.151 135.071 6687.73 8109.2 4126.11 1397.85 1359.86 202.87 2728.26 99.0388 3737.77 1380.9 4618.55 1233.15 6443.24 2629.22 1203.2 698.253 514.146 516.126 422.563 63.7348 5670.6 3724.29 2684.95 2432.87 1147.91 578.517 485.789 1155.09 177.693 151.071 40.9965 6020.68
internal_count=119773 109047 108849 94570 57036 37534 18774 34488 4980 18760 17864 896 22548 14279 6694 452 361 17851 29508 17000 6524 6240 626 10476 502 9656 4219 12080 4697 17368 9974 3547 3079 1860 1901 1335 225 10726 7691 5982 5200 2056 2709 1739 4540 672 622 117 16033
is_linear=0
shrinkage=0.03


Tree=21
num_leaves=50
num_cat=0
split_feature=4 13 5 6 18 6 15 0 3 2 8 15 4 16 4 8 8 6 6 3 19 16 4 1 3 19 4 16 8 6 3 18 8 13 19 19 18 9 8 8 8 8 8 4 2 2 8 9 3
split_gain=492.809 339.806 293.77 238.658 240.325 205.326 190.272 281.913 188.452 288.768 158.257 145.387 176.569 134.423 131.082 127.579 128.937 126.832 169.688 123.445 172.745 144.386 119.737 114.513 122.61 111.077 174.409 109.407 106.333 103.978 225.773 224.117 115.255 111.101 100.284 101.161 100.63 168.992 99.4274 124.97 99.0321 109.661 151.207 106.284 110.981 95.5045 112.737 115.553 94.7371
threshold=10801.000000000002 4.5000000000000009 0.13809524476528171 58019.400390625007 3.5000000000000004 58000.099609375007 2.5000000000000004 1.5000000000000002 4277.8449707031259 52012.554687500007 16237.000000000002 2.5000000000000004 35649.171875000007 9.5000000000000018 58.086002349853523 109050.10156250001 30986.600585937504 39596.800781250007 24757.500000000004 3461.125122070313 17.500000000000004 4.5000000000000009 -1.0000000180025095e-35 2.5000000000000004 3962.437866210938 54.500000000000007 67196.230468750015 5.5000000000000009 146495.50000000003 190049.00000000003 7036.2397460937509 2.5000000000000004 31919.000000000004 13.500000000000002 4.5000000000000009 63.500000000000007 4.5000000000000009 1979.9000244140627 140024.00000000003 159995.00000000003 124020.00000000001 60902.000000000007 48399.000000000007 79182.000000000015 85396.699218750015 99525.468750000015 52001.900390625007 1592.100036621094 2076.224975585938
decision_type=2 2 2 2 2 2 2 2 2 2 2 2 2 2 2 2 2 2 2 2 2 2 2 2 2 2 2 2 2 2 2 2 2 2 2 2 2 2 2 2 2 2 2 2 2 2 2 2 2
left_child=1 -1 3 4 48 6 7 14 -5 -10 13 12 15 -7 22 16 17 18 -2 20 -16 -21 -6 -19 -25 -13 -27 34 -23 30 33 32 -32 -11 -12 36 37 -36 -33 -40 41 42 43 -14 -45 46 47 -18 -3
right_child=11 2 -4 8 5 10 -8 -9 9 29 27 25 40 -15 19 -17 45 23 -20 21 -22 28 -24 24 -26 26 -28 -29 -30 -31 31 38 -34 -35 35 -37 -38 -39 39 -41 -42 -43 -44 44 -46 -47 -48 -49 -50
leaf_value=0.045260277778055656 0.034729265512729798 0.040217289703255145 0.067278202211158822 0.040497439928568496 0.10667377632564749 0.026968363462554171 0.040596504730804388 0.038072244578932539 0.019870669128155469 0.037901437458865643 0.0032331677646870284 0.042983255326092033 -0.015306346520264524 0.056643483998558924 0.0096617963217551853 0.046360943319191113 0.068363446381071127 0.082202455556561999 -0.022911109163563648 0.028300876307013032 0.031341261500335241 -0.014697060251307872 -0.02074743154892892 0.038773043146218399 -0.022310772298065606 -0.040857789446515275 0.071437260213658413 0.0127530838535022 0.054921784724614134 0.043070929369945145 0.061948440965432471 -0.014511528672514458 0.020598696453033798 -0.022229296292997601 -0.012014124467743916 -0.035586702481045923 0.023392888153839959 0.05378126877337007 0.056882825910878954 -0.041280541438852396 0.032312583879910886 -0.030726044691072475 0.0437771761192918 0.011465929320115548 0.12134137321406159 0.090628270961992621 0.019271073034702522 -0.01764535424087238 0.034356092885358756
leaf_weight=3591.6110535264015 102.81724871695042 3502.7222330570221 261.75406886637211 10555.836544513702 7.1651964187622061 474.3119885250926 1880.4284746274352 1879.2971468418837 1090.0404390245676 2705.1379750967026 141.8823873847723 383.87661971896887 202.71789782494307 193.40076922625303 411.80643021315336 195.2299729436636 15.225492857396601 48.492917932569981 83.132468312978745 186.90586996823549 1681.3973467871547 195.35263592004776 90.07279559969902 310.20834794640541 32.691052250564098 36.424163244664669 18.910098358988762 1183.7632559984922 21.965023949742317 1651.8921825438738 92.995463036000729 197.05959848314524 174.51734194159508 27.940177090466022 40.272181525826454 20.24876356869936 460.42323104292154 275.32808853685856 42.587767094373703 16.07888899743557 87.310496032238007 97.375540539622307 72.497443720698357 44.982748970389366 10.138170860707758 12.270523920655249 248.22760065644979 183.41471399366856 8516.464399009943
leaf_count=5962 428 8236 281 23375 2 1659 4580 4560 3772 6528 687 1146 1380 469 1899 379 61 116 616 870 5864 1265 498 947 185 198 34 5724 43 3164 193 1059 637 130 205 161 1982 795 73 85 269 713 333 277 23 22 1076 1083 25729
internal_value=0.0357102 0.0364402 0.0356061 0.0353863 0.0332758 0.0296106 0.0325891 0.0292236 0.0380846 0.0338383 0.0228257 0.0218262 0.0179466 0.0355637 0.0228146 0.0241143 0.019924 0.0293599 0.00896001 0.0241451 0.0270762 0.00896744 -0.0113581 0.0390519 0.0329495 0.0372553 -0.00248174 0.0188174 -0.00766045 0.0369403 0.0338304 0.0157765 0.0349731 0.0372867 0.0264694 0.0306098 0.032337 0.0453854 -0.00430487 0.029979 0.00319612 -0.00274754 0.00549989 -0.00526267 0.0316749 0.00805883 0.00579156 -0.0110529 0.0360642
internal_weight=43756.6 41570.7 37979 37717.3 21163.2 9144.02 6354.39 4473.96 16554.1 5998.25 2789.63 2185.94 1746.73 667.713 2594.67 1231.71 1036.48 577.342 185.95 2497.43 2093.2 404.224 97.238 391.392 342.899 439.211 55.3343 2121.92 217.318 4908.21 3256.32 523.239 267.513 2733.08 938.155 796.272 776.024 315.6 255.726 58.6667 515.022 427.712 330.336 257.839 55.1209 459.138 446.868 198.64 12019.2
internal_count=119773 110487 104525 104244 65228 31263 19581 15001 39016 15641 11682 9286 7908 2128 10441 4913 4534 2292 1044 9941 7763 2178 500 1248 1132 1378 232 9554 1308 11869 8705 2047 830 6658 3830 3143 2982 1000 1217 158 2995 2726 2013 1680 300 2242 2220 1144 33965
is_linear=0
shrinkage=0.03


Tree=22
num_leaves=50
num_cat=0
split_feature=4 13 5 2 3 3 2 0 13 12 2 8 2 19 18 3 12 8 8 4 6 4 8 8 8 7 3 8 19 19 13 19 6 2 12 8 10 2 10 9 10 2 10 8 0 19 12 3 6
split_gain=448.066 321.7 273.97 199.038 249.565 238.965 220.358 182.638 152.947 123.795 123.314 144.542 172.98 216.652 205.554 140.552 137.369 120.841 120.781 120.896 139.307 118.468 117.691 114.123 110.129 109.234 109.186 108.403 106.037 105.982 154.75 119.13 105.2 104.527 110.232 104.337 104.183 117.914 104.023 101.734 107.865 114.613 134.926 101.183 100.739 163.682 99.5953 168.125 116.128
threshold=10801.000000000002 5.5000000000000009 0.13809524476528171 32178.869140625004 2422.0070800781255 3939.050170898438 52494.400390625007 1.5000000000000002 14.500000000000002 9.5000000000000018 19621.833007812504 15993.000000000002 32106.424804687504 63.500000000000007 4.5000000000000009 5061.3500976562509 14.500000000000002 12998.100097656252 119036.90234375001 28758.100585937504 39596.800781250007 1041.372009277344 81496.402343750015 75496.500000000015 30986.600585937504 8665.3002929687518 7642.9501953125009 9900.8999023437518 44.500000000000007 54.500000000000007 10.500000000000002 46.500000000000007 19998.200195312504 16443.227539062504 9.5000000000000018 41494.300781250007 8125.6999511718759 32106.424804687504 25822.979492187504 2762.700073242188 10252.103027343752 10396.750000000002 81264.300781250015 22160.500000000004 1.5000000000000002 2.5000000000000004 9.5000000000000018 1397.2333984375002 110010.00000000001
decision_type=2 2 2 2 2 2 2 2 2 2 2 2 2 2 2 2 2 2 2 2 2 2 2 2 2 2 2 2 2 2 2 2 2 2 2 2 2 2 2 2 2 2 2 2 2 2 2 2 2
left_child=1 22 3 4 7 23 21 9 -9 38 15 -12 32 14 29 16 -6 -18 19 20 33 -7 36 46 25 -22 -8 -23 -28 31 -31 -14 -13 34 -2 -33 37 -1 -3 40 -11 -42 -43 -27 45 -34 -5 48 -48
right_child=18 2 -4 5 10 6 26 8 -10 39 11 12 13 -15 -16 -17 17 -19 -20 -21 24 27 -24 -25 -26 43 28 -29 -30 30 -32 35 44 -35 -36 -37 -38 -39 -40 -41 41 42 -44 -45 -46 -47 47 -49 -50
leaf_value=0.042528836565754721 0.052228470113432131 0.034439441968567817 0.06437465183814528 0.041877854413445714 0.024364224185332482 -0.006716197255996207 0.037131631335575954 0.040699429533968018 -0.04024068165729551 0.02452565798648006 0.036719348036468362 0.081837577282033058 0.029546965388406687 -0.036048874278128022 0.014767522670706695 -0.037263883856043629 0.052785996922180091 -0.037114596883096602 0.03688555725293078 0.0084104178075698529 0.047971136661409869 0.06352597204033196 0.049567560499392344 0.045501896786135337 0.018991413048626452 -0.039537321804034194 0.013825790836518725 0.0244525618792883 0.037022393954602058 0.049841736420912844 -0.037761147801877386 0.025462296995463041 -0.027265572987598803 -0.0064911359460138995 0.00027865553886496328 -0.0045770973665818938 0.046861300888532971 0.030863538771388685 0.056566504187097265 0.033223050658841541 0.068961050423035269 -0.01785284710550945 0.065092396529175978 0.039089838882848629 0.036794690780420872 0.028471847469645706 -0.024327758640509022 0.035051637335499479 0.099719252396347199
leaf_weight=1465.1766108945012 75.972564674913883 2146.5408891290426 261.63142235577106 2618.3773153871298 1299.8331878855824 106.62953137606382 4732.4759956821799 3931.0998152643442 21.124314084649086 1062.2466438114643 2233.9245849773288 39.227325737476349 2560.7091292515397 52.963794887065887 1281.3351024612784 36.911255538463593 17.371200233697891 59.711455538868904 358.30997394025326 735.064472861588 354.68113049119711 66.057793356478214 1266.620519772172 2211.8311658203602 361.21495183557272 26.547855354845524 383.8873642757535 1958.8596217557788 329.66497055441141 318.26453401148319 19.245717361569405 238.67327425628901 48.929030247032642 192.49895985424519 71.222409091889858 184.51383167505264 1154.8722442686558 1667.3165634423494 209.91637256741524 1133.8094120100141 19.399691395461559 149.02040199190378 20.0218425989151 33.090354964137077 2076.1451604440808 1536.1395260542631 64.515209332108498 3215.1709580868483 7.5913463234901419
leaf_count=2578 241 5750 272 5219 4539 439 10759 7776 114 3657 6445 66 8916 397 6107 253 51 417 846 4083 933 120 1593 4135 1367 154 1537 6455 761 797 121 864 290 1166 405 867 1734 3936 376 3476 34 754 35 91 4978 5382 307 8173 7
internal_value=0.0341154 0.0348047 0.0337851 0.0335652 0.0316332 0.036113 0.0322816 0.0355043 0.0402668 0.031534 0.0288298 0.0299408 0.0281286 0.0242805 0.0249747 0.020508 0.0220567 -0.0168548 0.0209432 0.017856 0.0240817 0.0241043 0.041533 0.0396895 0.031099 0.0416546 0.0354822 0.0257272 0.0245427 0.0289124 0.0448464 0.0271101 0.0329701 0.0080609 0.0270918 0.0123648 0.0391593 0.0363198 0.0364106 0.0267149 0.0208149 -0.000102661 -0.00802858 0.00408908 0.0324466 0.0267513 0.0375126 0.0340356 -0.0112681
internal_weight=44416.4 42207.8 36653.8 36392.1 20697.1 15695.1 7577.58 8693.18 3952.22 4740.96 12003.9 10590.1 8356.15 4655.71 4602.74 1413.83 1376.92 77.0827 2208.6 1850.29 1115.23 2131.55 5553.99 8117.49 775.534 414.319 5446.03 2024.92 713.552 3321.41 337.51 2983.9 3700.44 339.694 147.195 423.187 4287.37 3132.49 2356.46 2384.5 1250.69 188.442 169.042 59.6382 3661.21 1585.07 5905.65 3287.28 72.1066
internal_count=119773 110487 100646 100374 62462 37912 20071 21972 7890 14082 40490 35230 28785 18069 17672 5260 5007 468 9286 8440 4357 7014 9841 17841 2545 1178 13057 6575 2298 11565 918 10647 10716 1812 646 1731 8248 6514 6126 7956 4480 823 789 245 10650 5672 13706 8487 314
is_linear=0
shrinkage=0.03


Tree=23
num_leaves=50
num_cat=0
split_feature=13 5 15 6 12 2 1 7 9 3 13 3 6 15 7 9 2 9 9 3 7 6 12 10 9 13 6 13 9 10 12 9 19 2 13 1 1 10 6 3 6 10 10 9 3 10 19 2 13
split_gain=340.812 310.4 231.03 154.256 208.972 249.528 189.38 167.807 146.75 126.091 120.425 120.425 116.035 101.851 181.078 138.006 105.474 98.2584 93.0193 129.504 91.3247 113.684 140.86 107.666 126.765 100.879 90.5733 88.8559 88.7835 105.141 104.443 87.4665 89.2266 86.3307 91.9021 84.7769 137.571 85.9021 84.0518 90.7868 89.9267 83.467 96.27 82.89 92.8827 80.2954 110.647 84.5023 79.9289
threshold=5.5000000000000009 0.34313726425170904 3.5000000000000004 99996.902343750015 11.500000000000002 63245.455078125007 5.5000000000000009 4823.3000488281259 3066.099975585938 521.17501831054699 7.5000000000000009 1.0000000180025095e-35 53883.000000000007 2.5000000000000004 3261.900024414063 4719.1000976562509 17411.500000000004 3297.099975585938 7387.4001464843759 2611.185668945313 11435.300292968752 156387.00000000003 44.500000000000007 114.57999801635744 2239.700073242188 16.500000000000004 16738.200195312504 7.5000000000000009 4589.7001953125009 9272.0000000000018 10.500000000000002 2872.900024414063 66.500000000000014 32106.424804687504 2.5000000000000004 3.5000000000000004 10.500000000000002 95705.546875000015 52001.000000000007 2820.0700683593755 37289.400390625007 35693.181640625007 7323.7001953125009 1379.7000122070315 6503.7573242187509 1454.9000244140627 3.5000000000000004 19621.833007812504 13.500000000000002
decision_type=2 2 2 2 2 2 2 2 2 2 2 2 2 2 2 2 2 2 2 2 2 2 2 2 2 2 2 2 2 2 2 2 2 2 2 2 2 2 2 2 2 2 2 2 2 2 2 2 2
left_child=28 2 3 4 5 6 7 11 10 -4 26 -2 13 14 48 16 17 -16 -17 -20 23 22 -22 24 -5 -26 -9 -7 29 30 33 -11 -33 34 -1 37 -37 -25 40 -40 41 42 43 -28 -45 47 -47 -8 -13
right_child=1 -3 9 20 -6 27 45 8 -10 31 -12 12 -14 -15 15 18 -18 -19 19 -21 21 -23 -24 35 25 -27 38 -29 -30 -31 -32 32 -34 -35 -36 36 -38 -39 39 -41 -42 -43 -44 44 -46 46 -48 -49 -50
leaf_value=0.051577061281738161 0.013170180132192726 0.066295586628809897 -0.0090141678597240611 0.028324186055153518 0.021936483921919089 0.010552898871458672 0.029629909123580513 -0.037018018416229086 0.020751756642145142 0.032511314881465248 0.0085395361703974292 0.032743383857084883 0.040462528624855436 0.037481150174561099 0.0075913217926776759 0.043166419015622265 0.020270934430468637 -0.039233859267329918 0.048643422638729082 -0.0095842398525683107 0.012525797558465737 0.032844298618630884 0.10737034860910995 0.029798199433631035 0.042968984859782587 -0.040984524824969532 0.06425470060993671 -0.040498199221894224 0.044440386291763459 0.044618829689203866 0.015577540530426228 0.040059389980234901 -0.042162257077796958 0.030244137446987882 0.034595683471956643 0.025090530753023966 0.037101475233559653 0.05248519592578501 -0.015377644816130898 0.030144765425021456 0.053870170812729115 0.10889928291961429 -0.038758975239911515 0.0025403529571655847 0.06761568561985716 -0.00011498912009082707 0.034030441739857524 0.044718333979500799 -0.0061150000936090873
leaf_weight=475.26645688712597 302.26656103879213 230.95213921368122 53.950459085404873 732.96850238740444 3149.5491676777601 340.03892857581377 435.82187616825104 17.496330805122852 3022.6581077575684 2379.1395656764507 227.67074809223413 4617.9492038264871 1375.3897430673242 1735.7907055616379 221.42370223999023 336.90780672430992 956.99446445703506 49.315093256533146 58.170421861112118 84.044282875955105 482.29143530130386 1003.5605630353093 14.51729106903076 272.49284162372351 2459.9805445447564 12.949244268238543 46.233066633343697 33.728025414049625 2025.5038068592548 1085.4556477889419 261.76586727052927 3892.6112419515848 11.914934381842611 1338.5327403321862 723.41915940493345 2031.2672527655959 1486.2020372673869 334.71408132463694 39.968804031610489 2919.049664914608 283.2591040506959 10.664466358721254 20.463483303785324 90.497266158461571 25.246913984417915 89.791301809251308 1751.0081028416753 1430.6794731765985 48.137141518294811
leaf_count=608 1272 198 273 1935 12114 1254 1089 119 12071 5878 1065 12583 3048 3872 894 937 3300 293 118 363 1864 2355 15 750 5073 69 111 187 3035 1709 782 8068 60 3144 1448 5334 3211 615 172 9856 717 5 122 429 75 343 3936 2781 223
internal_value=0.0326335 0.0316191 0.0314131 0.0303928 0.0291327 0.0302345 0.030684 0.0293066 0.0256499 0.0366535 0.0296725 0.0318113 0.0324054 0.0310387 0.029284 0.020923 0.015594 -0.000937889 0.0345782 0.0142328 0.0337775 0.027034 0.0152973 0.0351577 0.0392816 0.0425294 0.0310659 0.00594614 0.0393483 0.0366931 0.0336195 0.0370456 0.0398085 0.0354809 0.0413286 0.0319524 0.0301654 0.0423041 0.0314127 0.0295299 0.043108 0.0273213 0.0225527 0.0302985 0.016735 0.0368107 0.0323649 0.0411952 0.0323425
internal_weight=45029.7 39119.7 38888.8 32551.2 23720.2 20570.7 20196.9 16489.6 6703.21 6337.62 3680.55 9786.39 9484.12 8108.73 6372.94 1706.86 1227.73 270.739 479.123 142.215 8830.94 1500.37 496.809 7330.57 3205.9 2472.93 3452.88 373.767 5909.94 3884.44 2798.98 6283.67 3904.53 2537.22 1198.69 4124.68 3517.47 607.207 3435.38 2959.02 476.364 193.105 182.441 161.977 115.744 3707.3 1840.8 1866.5 4666.09
internal_count=119773 109047 108849 94570 73349 61235 59794 51645 24742 14279 12671 26903 25631 22583 18711 5905 4487 1187 1418 481 21221 4234 1879 16987 7077 5142 11606 1441 10726 7691 5982 14006 8128 5200 2056 9910 8545 1365 11487 10028 1459 742 737 615 504 8149 4279 3870 12806
is_linear=0
shrinkage=0.03


Tree=24
num_leaves=50
num_cat=0
split_feature=4 13 6 10 3 18 16 4 3 2 15 8 15 4 19 2 13 14 8 8 13 4 19 10 19 4 19 18 6 16 19 3 3 9 16 8 2 3 19 3 3 9 9 19 8 2 3 19 2
split_gain=406.295 290.676 215.746 251.648 228.651 198.285 167.079 157.235 154.122 248.551 140.402 136.15 127.508 152.417 113.263 131.305 119.124 112.081 110.215 115.485 103.585 100.026 108.498 98.0437 97.9209 157.731 95.9165 121.907 100.277 94.576 94.3474 94.2496 94.1651 93.7043 93.5127 91.3144 95.6854 90.5478 123.484 87.5981 197.689 104.948 108.114 87.1341 87.0548 87.0004 85.2746 84.8826 112.24
threshold=10801.000000000002 4.5000000000000009 58019.400390625007 31031.156250000004 2720.8200683593755 3.5000000000000004 3.5000000000000004 9202.4711914062518 4277.8449707031259 52012.554687500007 3.5000000000000004 19998.200195312504 2.5000000000000004 35649.171875000007 1.5000000000000002 49738.376953125007 12.500000000000002 5.5000000000000009 109050.10156250001 13779.000000000002 13.500000000000002 18937.467773437504 59.500000000000007 12778.200195312502 54.500000000000007 67196.230468750015 7.5000000000000009 4.5000000000000009 41209.900390625007 11.500000000000002 69.500000000000014 2805.242797851563 3021.508422851563 2032.100036621094 8.5000000000000018 35201.000000000007 18499.250000000004 7642.9501953125009 44.500000000000007 2947.566772460938 3278.440063476563 2762.700073242188 2239.700073242188 50.500000000000007 45601.000000000007 19621.833007812504 4028.605590820313 34.500000000000007 15732.375000000002
decision_type=2 2 2 2 2 2 2 2 2 2 2 2 2 2 2 2 2 2 2 2 2 2 2 2 2 2 2 2 2 2 2 2 2 2 2 2 2 2 2 2 2 2 2 2 2 2 2 2 2
left_child=1 39 3 4 17 7 14 -6 35 -10 11 23 13 18 15 -7 31 -3 19 21 30 22 -2 -8 45 -26 27 -5 -29 34 47 -16 -12 -13 -9 -4 -37 44 -39 -1 41 42 -41 -21 -11 -14 -35 -19 -49
right_child=12 2 8 26 5 6 10 29 9 37 32 33 24 -15 16 -17 -18 20 -20 43 -22 -23 -24 -25 25 -27 -28 28 -30 -31 -32 -33 -34 46 -36 36 -38 38 -40 40 -42 -43 -44 -45 -46 -47 -48 48 -50
leaf_value=0.045042731234911919 -0.015684766195651238 0.07254834349933198 0.03265881663855652 -0.014702116952065103 -0.028106023287780682 -0.0057896374817311353 0.025691771649983427 0.028205569943742303 0.01716572263115505 0.028907849562842303 0.023041199587506993 -0.0073808627889560318 -0.0086482618507159499 0.0017305024692442471 -0.022973735897221015 0.10106046756751816 -0.037166631506666326 0.029187513619465075 0.041140275297322948 0.0068107690961552187 0.0026144036552267517 0.056940889577029197 0.070731502899187934 -0.04049226312672257 -0.041014875455320753 0.063772441981007955 0.043277624483100567 -0.040384259989942217 0.066556385313238584 0.016955695752151424 0.00079359567378155086 0.033181002585068911 0.050335778851901547 0.014524728825378802 0.037136309582413048 -0.042695871460875008 0.038311771314562419 0.011521666270144329 0.035408926016841126 0.020695470703853292 0.043855044264829939 0.034021910508071365 -0.020921825449312408 0.02735828138228525 0.037644170322001569 0.042355965357937092 -0.0076998367946737095 0.029446127537743231 0.038801985168864392
leaf_weight=1657.0779609680176 44.806373052299023 60.059072688221931 4831.5746677741408 60.164659842848778 43.273405872285366 128.58883614093065 741.32766897976398 4322.3301086723804 1133.533721499145 1645.0276383981109 566.61868272721767 275.66745802015066 32.771885737776756 528.7876520305872 27.416564665734768 11.256953738629816 22.67924078553915 4659.0850178524852 203.23559961467981 641.9142537638545 110.9182596206665 109.17827579379082 18.464567080140114 20.707147888839245 36.562975995242596 20.000126056373119 1375.8820703700185 9.607590436935423 44.179550930857658 514.36247731000185 87.649233192205429 1427.1741803213954 142.33289162814617 1238.5343719646335 1396.0170416235924 13.150578737258909 6279.144670650363 396.34473894536495 382.96034781634808 312.52988681197166 1177.4737935066223 510.40788365900517 68.491213575005531 261.37335643172264 2730.382855348289 369.03350792825222 177.66967155784369 1983.8015249595046 2759.1016478687525
leaf_count=2194 230 80 10949 263 229 624 2581 13648 3779 4076 1803 1430 147 2995 124 11 153 12716 379 3060 451 273 19 113 198 34 2767 53 71 1775 332 4688 258 5665 3724 65 12480 1549 817 814 1639 1049 266 952 5465 999 1017 5059 5710
internal_value=0.0312445 0.0318919 0.0311385 0.0291782 0.0283217 0.0253756 0.020772 0.0288818 0.0336386 0.0298846 0.0167615 0.0133641 0.0188613 0.0152779 0.028616 0.00281131 0.0310588 0.0316934 0.0208791 0.0170512 0.0314378 0.0395476 0.00953438 0.0238933 0.0329935 -0.00396317 0.041087 0.0146368 0.0474544 0.0292775 0.0317747 0.0321226 0.028521 0.00862163 0.0303858 0.0357607 0.0381425 0.0326815 0.0232602 0.0399029 0.0357862 0.0251282 0.0132145 0.0127564 0.0343596 0.038196 0.0117365 0.0320635 0.0348887
internal_weight=45610.6 43344.5 39618.5 22206.4 20716.6 11056 4779.97 6275.98 17412.1 6288.25 3162.86 2453.91 2266.13 1807.76 1617.12 139.846 1477.27 9660.61 1278.97 1075.74 9600.56 172.449 63.2709 762.035 458.368 56.5631 1489.83 113.952 53.7871 6232.71 9489.64 1454.59 708.952 1691.87 5718.35 11123.9 6292.3 5154.72 779.305 3725.98 2068.9 891.429 381.021 903.288 4375.41 401.805 1416.2 9401.99 4742.9
internal_count=119773 110487 104525 65345 62191 37843 18467 19376 39180 15686 12867 10806 9286 7908 5600 635 4965 24348 4913 4534 24268 522 249 2694 1378 232 3154 387 124 19147 23817 4812 2061 8112 17372 23494 12545 11907 2366 5962 3768 2129 1080 4012 9541 1146 6682 23485 10769
is_linear=0
shrinkage=0.03


Tree=25
num_leaves=50
num_cat=0
split_feature=4 0 15 5 7 10 19 9 3 3 2 6 4 10 2 13 19 10 19 7 7 10 3 19 2 3 7 19 19 6 2 9 1 3 7 9 2 13 9 10 7 9 9 0 1 9 9 13 19
split_gain=283.045 254.538 322.013 187.9 208.658 227.102 186.176 142.731 151.502 160.416 123.517 138.532 115.876 112.207 104.864 118.165 102.15 169.68 138.366 164.965 118.559 116.743 158.397 112.144 105.76 116.662 101.415 131.861 99.7151 141.527 95.2567 93.2708 91.0679 88.4884 95.4719 86.2355 84.8493 84.7166 112.686 83.6013 83.325 83.2403 78.1531 77.5719 76.3657 92.056 78.1203 74.8834 73.9189
threshold=47985.736328125007 1.5000000000000002 2.5000000000000004 0.15587044507265094 3453.400024414063 156842.00781250003 37.500000000000007 4676.1000976562509 3002.6901855468755 3006.7373046875005 10966.482910156252 12000.300292968752 74969.000000000015 47701.701171875007 18293.166992187504 9.5000000000000018 21.500000000000004 120540.93750000001 4.5000000000000009 12921.800292968752 4398.1000976562509 4357.2670898437509 2720.8200683593755 13.500000000000002 60000.099609375007 2734.825073242188 5188.1000976562509 65.500000000000014 39.500000000000007 148001.02343750003 56000.265625000007 4282.1000976562509 6.5000000000000009 3875.910034179688 5693.5000000000009 15429.500488281252 52012.554687500007 13.500000000000002 3189.099975585938 13422.899414062502 11242.100097656252 956.70001220703136 1592.100036621094 2.5000000000000004 3.5000000000000004 5542.4001464843759 2447.3000488281255 15.500000000000002 53.500000000000007
decision_type=2 2 2 2 2 2 2 2 2 2 2 2 2 2 2 2 2 2 2 2 2 2 2 2 2 2 2 2 2 2 2 2 2 2 2 2 2 2 2 2 2 2 2 2 2 2 2 2 2
left_child=1 2 3 4 13 10 16 8 30 47 -6 -12 43 -1 33 48 17 18 21 35 -19 41 -23 31 25 -18 -11 -28 29 -14 37 -21 -7 34 -13 -20 -9 -8 -39 -24 -34 -3 -36 -2 46 -46 -30 -10 -16
right_child=12 6 -4 -5 5 32 7 36 9 26 11 14 28 -15 15 -17 24 20 19 23 -22 22 39 -25 -26 -27 27 -29 44 -31 -32 -33 40 -35 42 -37 -38 38 -40 -41 -42 -43 -44 -45 45 -47 -48 -49 -50
leaf_value=0.026578727956343064 -0.021982448114384042 0.05986737132021009 0.032979428279623989 0.06489991725001637 -0.023231324233811728 0.050999668035829518 0.037296788696826656 0.03486126967922204 0.023303663062871006 0.043765226500744762 0.071404956771865577 0.0021158206466976083 -0.036241466675899593 0.047876025800626297 0.01799593458191262 -0.003740539988487202 0.031210412525521307 0.062531336916143959 0.035805071609078004 -0.03936971076796509 0.0042009217026999779 -0.025584518775583567 -0.042461557986188628 -0.04013759915025835 0.035539990681148381 0.022225310504506539 0.031507776954099828 -0.0080426664471907518 0.13629212233515872 0.072878289247895758 -0.0018011554097904156 0.042464470757074955 -0.0143410551424359 -0.028703665362099555 0.10337334663549572 -0.041946949416640809 0.042595401754928527 -0.028371751341310217 0.043880902785115243 0.027391069872517954 0.070773066280216068 0.02666198979772685 0.023664996960500822 0.016989590596243106 -0.018795510652485227 0.050884906012123289 0.044498859554939596 -0.036492774998679756 0.028894583803389832
leaf_weight=5179.4480640441179 152.15665599703789 72.687044128775597 5247.9913784265518 99.401911437511444 67.025737166404724 258.96351794153452 4150.58937099576 3291.0311169475317 2407.5747429430485 624.41395602375269 42.969605140388012 295.97522008419037 42.805113956332207 232.6468845307827 3084.3860814273357 199.07702861726284 1903.913875952363 35.162013992667198 5300.4415921419859 16.625990800559521 290.09107948839664 89.839109301567078 16.733747601509094 41.912672616541386 1015.6290462613106 4103.819465585053 3081.5244369506836 77.782413214445114 12.338396139442919 14.261348806321619 58.59112985432148 50.940220050513744 39.441309437155724 66.573994286358356 14.937430791556833 12.8693990111351 2085.7179992124438 41.160548903048038 36.791874647140503 196.44419444352388 14.035528838634489 1041.5459596440196 42.76905282586813 65.863883152604103 29.558116175234318 40.367664940655231 25.775938928127289 18.997254393994808 684.35303583741188
leaf_count=15693 1107 118 11941 83 373 471 7412 7107 7961 1052 90 1377 320 456 11493 1018 4196 48 13049 97 932 379 83 239 2136 12980 6477 309 22 32 173 138 168 461 25 65 2973 197 80 510 18 3053 186 254 189 102 108 132 2047
internal_value=0.0298266 0.0300422 0.0269288 0.0238525 0.0234534 0.0189072 0.0316546 0.0338866 0.0318507 0.0288563 0.0171893 0.0178007 0.00414854 0.0274942 0.0172758 0.0187851 0.0291575 0.0316776 0.0326843 0.0348657 0.0105068 0.024338 0.00782723 -0.00158647 0.0265864 0.0250728 0.0327175 0.030534 0.0231075 -0.0089716 0.0361885 0.0223276 0.0436396 0.00302572 0.00899818 0.0356167 0.0378615 0.0367149 0.00572995 0.0219079 0.00799799 0.0288281 0.0442977 -0.010209 0.0400515 0.0214305 0.0742142 0.0228355 0.019975
internal_weight=46016 45632.8 15570 10322 10222.6 4810.51 30062.8 15874.2 10497.4 6210.29 4498.07 4431.04 383.127 5412.09 4388.07 3967.82 14188.7 7165.29 6840.04 5422.79 325.253 1417.25 303.017 109.479 7023.36 6007.73 3783.72 3159.31 165.107 57.0665 4287.13 67.5662 312.44 420.256 353.682 5313.31 5376.75 4228.54 77.9524 213.178 53.4768 1114.23 57.7065 218.021 108.04 69.9258 38.1143 2426.57 3768.74
internal_count=119930 117796 45900 33959 33876 17727 71896 33873 23793 15931 17070 16697 2134 16149 16607 14558 38023 18711 17731 13588 980 4143 972 474 19312 17176 7838 6786 773 352 7862 235 657 2049 1588 13114 10080 7689 277 593 186 3171 211 1361 421 291 130 8093 13540
is_linear=0
shrinkage=0.03


Tree=26
num_leaves=50
num_cat=0
split_feature=12 15 18 4 9 5 19 11 10 12 7 13 10 3 9 19 19 7 12 3 2 19 9 11 19 9 7 2 3 3 10 3 9 19 9 12 7 9 9 7 2 15 9 3 19 7 16 7 13
split_gain=313.689 257.533 253.45 202.108 153.061 151.687 151.1 150.796 150.716 142.313 151.102 138.679 154.323 131.33 121.751 130.042 126.829 141.621 104.122 99.4062 153.566 128.739 97.1372 109.701 95.4971 93.6126 92.1871 91.875 91.6958 88.5859 88.0547 85.156 92.8923 84.363 129.917 98.2516 97.4423 92.6064 84.6774 88.5867 83.9931 104.478 145.122 130.984 83.8999 88.754 149.027 123.343 82.5676
threshold=9.5000000000000018 2.5000000000000004 4.5000000000000009 40751.919921875007 600.10000610351574 0.29285715520381933 63.500000000000007 2.5000000000000004 114.57999801635744 31.500000000000004 15145.300292968752 4.5000000000000009 25822.979492187504 10465.500488281252 2762.700073242188 6.5000000000000009 21.500000000000004 11242.100097656252 29.500000000000004 2862.233276367188 32826.541015625007 69.500000000000014 10485.500000000002 1.5000000000000002 62.500000000000007 6657.9001464843759 4943.3000488281259 11957.100097656252 521.17501831054699 4781.2250976562509 16410.900390625004 2556.224975585938 10199.300292968752 15.500000000000002 2647.900024414063 10.500000000000002 6358.5000000000009 1236.3000488281252 1999.9000244140627 2800.099975585938 37308.279296875007 1.5000000000000002 1236.3000488281252 6743.3000488281259 58.500000000000007 4437.5000000000009 10.500000000000002 3232.900024414063 10.500000000000002
decision_type=2 2 2 2 2 2 2 2 2 2 2 2 2 2 2 2 2 2 2 2 2 2 2 2 2 2 2 2 2 2 2 2 2 2 2 2 2 2 2 2 2 2 2 2 2 2 2 2 2
left_child=2 3 11 4 -2 13 7 9 25 28 -11 -1 22 14 16 29 17 33 19 21 -21 -17 23 -13 31 -4 -20 -27 -3 -16 48 -25 40 35 37 -6 -37 -35 39 -39 -33 42 -42 -44 45 46 47 -30 -26
right_child=1 6 8 -5 5 -7 -8 -9 -10 10 -12 12 -14 -15 15 18 -18 -19 26 20 -22 -23 -24 24 30 27 -28 -29 44 -31 -32 32 -34 34 -36 36 -38 38 -40 -41 41 -43 43 -45 -46 -47 -48 -49 -50
leaf_value=0.040102387496889859 0.055347370362273655 0.0017855606276073459 0.020331761026242769 -0.0018008705225641007 0.034552981449981514 0.061244122656972509 -0.021707680705036193 0.054307805037204504 0.032599211302775842 -0.034778256268324537 0.077294009211212489 0.053988923416999478 0.037986624306948116 -0.016745928563119315 0.01974279348242983 0.032087444117090295 0.016685901240082349 -0.021206812218133225 -0.015423840667838458 0.014749719253651072 0.027563682389922 -0.04017630469460777 0.042582180114179483 0.033605765680205943 0.021769477745922097 -0.042541728535089841 0.052048098432072969 0.036028811799132747 0.030395716893613221 -0.0060712566212138379 -0.043873428204732279 0.025197318933392669 -0.044406560737405329 0.0074845030663139413 -0.041402116680481375 0.0153975911757446 0.033616477099540319 0.067256738220277626 0.027133077741204572 0.038300798331583383 -0.043982789874534717 0.037989259915435718 0.030086814626594117 -0.012031931155191432 0.043094506952692312 0.02791228983760587 0.0036858225457128027 0.044501184641903321 -0.040681088700904325
leaf_weight=2214.2479251399636 141.67447936534882 101.4925180003047 3216.8980188071728 271.59761473536491 507.66214024275541 97.838043913245201 50.313673079013824 231.99801823496819 1914.6069976836443 55.797172583639622 13.434014692902563 164.91806560754776 3057.1317739933729 71.66930627822876 846.18690387904644 2722.8862658813596 3244.5341864004731 57.701178781688213 19.789449982345104 1140.1481234207749 3215.852198086679 22.369867652654648 556.21116688102484 3657.7452940195799 468.17458442598581 13.753532834351061 230.52932000160217 512.83694605529308 1290.2249070703983 139.34782782942057 20.749181672930717 3722.2207464501262 15.98538453876972 86.636148117482662 19.680438697338104 1217.1927751153708 337.45827758312225 150.68210200220346 262.02088203281164 257.74247901141644 26.525686621665955 1330.2700419947505 938.1902831941843 71.517829924821854 449.60273590683937 6230.3397227674723 131.82181021571159 983.02699562907219 19.862047985196114
leaf_count=3171 269 433 10184 1617 1362 89 223 301 4138 250 19 223 5429 412 2712 6967 10656 298 84 4588 8372 123 950 7724 1388 70 372 1207 2872 625 101 10754 76 306 103 4152 883 232 761 640 126 2396 2063 309 729 16904 416 1739 112
internal_value=0.0286122 0.0262866 0.0312217 0.0238439 0.0243148 0.0240147 0.0301439 0.0304188 0.0257528 0.02982 -0.0130311 0.0331244 0.0320246 0.0237643 0.0239649 0.026326 0.0207595 0.0253222 0.0276978 0.0270275 0.0242097 0.0314986 0.0303665 0.0297154 0.0293257 0.0222512 0.046714 0.0339767 0.030143 0.0160929 0.0166545 0.029986 0.0278172 0.0262679 0.0346943 0.0230941 0.0193522 0.0366724 0.0404441 0.0489837 0.0280068 0.0324259 0.0252839 0.0271035 0.0304598 0.0298019 0.0346971 0.0364954 0.0192279
internal_weight=46521.1 24599.3 21921.8 15061.2 14789.6 14647.9 9538.05 9487.74 5658.1 9255.74 69.2312 16263.8 14049.5 14550.1 14478.4 8337.11 6141.31 2896.78 7351.58 7101.26 4356 2745.26 10992.4 10436.2 10271.2 3743.49 250.319 526.59 9186.51 985.535 508.786 9762.46 6104.71 2839.08 776.762 2062.31 1554.65 757.082 670.445 408.425 6088.72 2366.5 1036.23 1009.71 9085.02 8635.41 2405.07 2273.25 488.037
internal_count=119930 69509 50421 45623 44006 43737 23886 23663 15599 23362 269 34822 31651 43648 43236 23843 19393 8737 20506 20050 12960 7090 26222 25272 25049 11461 456 1277 23093 3337 1601 23448 15724 8439 2042 6397 5035 1939 1633 872 15648 4894 2498 2372 22660 21931 5027 4611 1500
is_linear=0
shrinkage=0.03


Tree=27
num_leaves=50
num_cat=0
split_feature=12 1 18 15 0 4 4 19 11 12 10 13 9 4 2 10 9 15 10 9 9 4 1 12 4 9 9 2 9 9 19 4 1 9 11 5 19 16 2 1 10 13 19 0 19 9 9 10 2
split_gain=292.804 282 263.036 236.74 219.694 154.202 141.227 140.122 138.198 131.695 126.85 143.432 124.267 121.793 106.093 102.766 96.4935 93.2904 126.48 119.102 92.9891 90.9749 89.2248 88.1038 87.8534 87.8213 89.8803 83.0799 82.4231 82.2535 96.7956 81.7209 80.4698 80.4661 90.0724 79.9144 79.0872 99.3754 130.051 108.742 82.3447 78.5864 79.6824 77.8595 80.4133 81.3568 81.8903 76.7538 98.0827
threshold=9.5000000000000018 6.5000000000000009 4.5000000000000009 2.5000000000000004 1.5000000000000002 9321.4658203125018 40751.919921875007 63.500000000000007 2.5000000000000004 31.500000000000004 25822.979492187504 4.5000000000000009 916.10000610351574 9321.4658203125018 80004.347656250015 1999.9000244140627 6657.9001464843759 1.5000000000000002 128268.89453125001 956.70001220703136 1508.3000488281252 22798.250000000004 1.5000000000000002 16.500000000000004 3161.223999023438 3748.3000488281255 956.70001220703136 11957.100097656252 1498.3000488281252 1448.100036621094 21.500000000000004 62.189002990722663 11.500000000000002 9245.8002929687518 1.5000000000000002 0.15587044507265094 4.5000000000000009 5.5000000000000009 63996.500000000007 9.5000000000000018 1.0000000180025095e-35 14.500000000000002 58.500000000000007 3.5000000000000004 35.500000000000007 3016.700073242188 3152.500122070313 23089.600585937504 45170.400390625007
decision_type=2 2 2 2 2 2 2 2 2 2 2 2 2 2 2 2 2 2 2 2 2 2 2 2 2 2 2 2 2 2 2 2 2 2 2 2 2 2 2 2 2 2 2 2 2 2 2 2 2
left_child=1 2 10 4 13 15 17 8 9 41 11 -1 -12 23 20 16 -4 36 19 -19 29 -22 24 35 -17 26 -25 -18 -21 30 -15 -24 -20 34 -13 -2 40 -38 39 43 -6 42 -5 44 45 -39 -47 48 -48
right_child=3 -3 5 7 6 -7 -8 -9 -10 -11 12 33 -14 14 -16 22 27 18 32 28 21 -23 31 25 -26 -27 -28 -29 -30 -31 -32 -33 -34 -35 -36 -37 37 38 -40 -41 -42 -43 -44 -45 -46 46 47 -49 -50
leaf_value=0.037414585650206993 0.019885407526601402 0.036895849339059428 0.018497741329760436 0.028494916491901116 0.026643598784060925 -0.0037488022669181892 -0.0012850912353476423 -0.021251138632848478 0.051865042500092717 -0.01270047530676453 -0.044832751869522847 0.050600853183515412 0.037707140469682536 0.049209053221989929 0.069194054732127072 0.074845706015629163 -0.042084834720656564 0.052980372520993926 0.010205688114143831 0.0012606922626707459 -0.032142409962297877 0.0028494508493762481 -0.0033370236774053837 0.056189966641690375 0.0045895158489528305 0.019457731715139315 -0.017381701945707914 0.035426099924574683 0.022300279461795598 0.10459565325685879 -0.035809507793975862 0.035948915296110377 -0.044216249311447596 0.037655553993515258 0.026571684764519939 0.060499407841675956 0.03143803044065295 0.00131973371977356 0.03858947756063133 0.028905433811250457 0.0042150841667670698 -0.0060826907579347765 0.041464286212332807 -0.027803394022030324 0.024700061222976983 0.060673959214740232 0.010612675360805655 -0.015518433811866598 0.047564434007582722
leaf_weight=1622.4770865291357 4317.8639870807528 4278.5220906585455 2811.5944463312626 8784.7836702093482 341.67859418690205 196.92773839831352 174.62547384947538 49.859679453074932 235.58010743558407 68.974037162959576 16.540839999914169 142.7512383684516 2176.9438970535994 29.738480255007744 19.660358905792236 17.737702563405037 12.799567699432371 105.54153506457806 58.559306919574738 185.81876850128174 102.92273518443108 190.89799549430609 50.025701411068439 16.506056651473045 165.30938705801964 179.70155637711287 157.98461838066578 449.91061417758465 1707.1174167692661 11.231260567903517 20.265444114804268 1005.2550179883838 41.984153896570206 684.13501495867968 8511.876024633646 44.047794595360756 4030.3198387101293 391.70838826149702 490.14424273371696 1132.5707901418209 259.00199549645185 57.414715893566608 448.09850461781025 34.549658134579659 760.68801426142454 41.062552876770496 209.02922029048204 58.418803118169308 93.597728505730629
leaf_count=2470 15132 6770 9074 22152 886 1067 928 223 301 269 77 203 3806 100 51 14 66 193 170 691 692 1237 163 39 550 709 918 1055 5229 28 159 1972 195 1289 21845 38 9028 1424 961 2655 862 226 715 150 1984 66 685 233 180
internal_value=0.0274692 0.0299779 0.0283211 0.025234 0.0229022 0.0222371 0.0254601 0.0289107 0.0291714 0.0286001 0.0304992 0.0291814 0.0370847 0.0178191 0.00135729 0.0233711 0.020587 0.0259299 0.0203125 0.0219643 -0.00239901 -0.00940788 0.0307327 0.0191271 0.0113975 0.00473759 -0.0104221 0.033282 0.0202349 0.0312312 0.014753 0.0340866 -0.0125194 0.027751 0.026968 0.0202955 0.0274333 0.0283009 0.0243643 0.0218024 0.0169729 0.0289068 0.0291244 0.0167399 0.0177298 0.0110505 0.0205296 0.0159639 0.0220413
internal_weight=46994.8 22142.8 17864.3 24851.9 15207.2 4709.56 10116.4 9644.71 9594.85 9359.27 13154.7 10961.2 2193.48 5090.82 374.716 4512.63 3274.3 9941.79 2099.02 1998.48 355.056 293.821 1238.33 4716.1 183.047 354.192 174.491 462.71 1892.94 61.2352 50.0039 1055.28 100.543 9338.76 8654.63 4361.91 7842.77 7242.09 3211.77 2721.63 600.681 9290.3 9232.88 1589.05 1554.5 793.817 402.108 361.046 302.627
internal_count=119930 50421 43651 69509 45623 13961 26520 23886 23663 23362 29690 25807 3883 19103 2267 12894 10195 25592 6478 6113 2216 1929 2699 16836 564 1666 957 1121 5920 287 259 2135 365 23337 22048 15170 19114 17366 8338 7377 1748 23093 22867 4722 4572 2588 1164 1098 865
is_linear=0
shrinkage=0.03


Tree=28
num_leaves=50
num_cat=0
split_feature=8 4 0 15 3 3 18 7 10 8 15 18 7 19 10 11 4 19 8 15 10 19 2 3 6 19 7 19 8 7 13 19 0 6 2 2 4 4 6 19 10 2 10 10 19 19 2 8 0
split_gain=314.191 265.515 188.849 251.839 209.268 293.613 192.269 167.097 198.177 139.886 204.043 140.092 137.16 147.302 130.594 127.695 117.202 117.154 110.898 117.243 148.234 119.032 109.831 120.16 151.137 101.7 156.197 99.8173 98.3781 97.535 91.8935 89.8164 88.7527 87.1474 109.623 90.7157 83.959 104.814 83.0053 82.7084 113.855 100.424 82.4971 105.735 93.5604 82.2831 81.9968 108.4 84.3972
threshold=119036.90234375001 9974.9858398437518 1.5000000000000002 2.5000000000000004 2975.3857421875005 3006.7373046875005 4.5000000000000009 3877.099975585938 100602.89843750001 41494.300781250007 2.5000000000000004 3.5000000000000004 5188.1000976562509 65.500000000000014 45030.701171875007 2.5000000000000004 47985.736328125007 52.500000000000007 39998.599609375007 1.5000000000000002 11427.100097656252 59.500000000000007 7557.5000000000009 5669.9001464843759 180158.00000000003 41.500000000000007 12921.800292968752 1.5000000000000002 100001.00000000001 10663.100097656252 16.500000000000004 50.500000000000007 3.5000000000000004 26396.900390625004 12050.125000000002 10966.482910156252 1.6653332710266116 -1.0000000180025095e-35 18204.000000000004 4.5000000000000009 1454.9000244140627 34507.121093750007 260103.21875000003 33541.300781250007 44.500000000000007 49.500000000000007 85396.699218750015 17818.100585937504 2.5000000000000004
decision_type=2 2 2 2 2 2 2 2 2 2 2 2 2 2 2 2 2 2 2 2 2 2 2 2 2 2 2 2 2 2 2 2 2 2 2 2 2 2 2 2 2 2 2 2 2 2 2 2 2
left_child=1 2 3 6 15 9 7 14 33 18 -11 27 -7 25 -1 39 -3 42 19 20 21 38 -8 36 -25 26 28 -12 32 -30 -5 45 -14 34 35 -9 37 -24 -6 40 -4 -42 43 -2 -45 -21 48 -48 -18
right_child=17 16 4 30 5 12 22 8 -10 10 11 -13 13 -15 -16 -17 46 -19 -20 31 -22 -23 23 24 -26 -27 -28 -29 29 -31 -32 -33 -34 -35 -36 -37 -38 -39 -40 -41 41 -43 -44 44 -46 -47 47 -49 -50
leaf_value=0.025366948784903778 0.032840283992324575 0.018093670692927565 0.029049250838130803 0.029074105798954416 0.10612096340469714 0.036835833192564497 -0.01314303556295111 -0.018152380415802166 0.037440807843106848 -0.0032883968615163403 -0.040855228814089289 0.009861852358056632 0.028385708773979213 -0.0045674495558414019 0.048216036906495084 0.053230322520872668 -0.018511875508454619 0.040753173090522191 0.042674724805747535 0.024611063601820575 0.048627725395354281 0.035016894292978565 0.083817007870165744 -0.024720861551730446 0.062786891082662596 0.031337040161200543 0.0041031846069050385 0.028489891742144422 -0.018863144998624553 0.045585028292059744 -0.040982824008844045 0.01392200558614501 0.011651627844731397 0.015544493913470779 -0.016765195979143013 0.053650458591707743 0.017479103183703021 -0.030699080701894161 -0.040209397372345669 0.031351955563101087 -0.025103031783860384 0.031709316849864159 0.056198864711836743 0.014518270987036683 0.037112165937975367 0.04962327572122166 0.12667027877508702 0.0072664856418751898 0.017709961076785501
leaf_weight=3856.0477216094732 2502.8242032527924 1802.2326719462872 234.60628820955753 4765.6557421386242 3.627696454524993 1674.1163851097226 135.6008056551218 24.581289269030094 360.84162998944521 448.40578688681126 19.062694117426872 763.66781495511532 3660.6619325354695 127.40700456500053 239.08491872251034 233.36122485995293 188.80860085040331 1446.7609374448657 265.77379114925861 3977.354424752295 39.129524871706963 28.819879814982414 8.1979747861623746 122.12595257163048 20.786526627838612 4085.6933128610253 306.46398133784533 934.74683547019958 80.018777281045914 28.719099223613739 16.910774022340775 728.20738708227873 309.35202679038048 1910.3961786329746 168.54767549037933 44.510799951851368 2081.3403459563851 58.698724709451199 91.140086889266968 8323.5100232511759 84.484913319349289 41.884989812970161 109.57832562923431 617.50645560771227 225.07183088362217 122.00296130776405 9.7505893558263761 22.946352198719978 83.4952103048563
leaf_count=10473 5024 6804 495 10532 2 3130 600 127 795 2213 99 3217 8418 494 398 232 1416 1989 673 12033 56 108 3 771 49 7599 1105 2614 298 43 89 2470 859 6811 906 94 7399 317 495 15504 342 91 91 1623 332 256 13 108 320
internal_value=0.0263938 0.025565 0.0261061 0.0232601 0.0275834 0.0256948 0.0203123 0.0229658 0.0168691 0.0211484 0.0147324 0.0194373 0.0289796 0.02745 0.0267009 0.0313307 0.0151831 0.033586 0.0237922 0.0227866 -0.00226006 -0.0183718 0.0130911 0.0146438 -0.0119929 0.0279316 0.0247587 0.027104 0.0263107 -0.00184154 0.0288264 0.0236308 0.0270818 0.0134133 -0.00371957 0.0281048 0.0164158 -0.0166655 -0.0346079 0.0307423 0.0166838 -0.00627272 0.0305847 0.0297457 0.0205536 0.0253555 -0.00201526 0.042874 -0.00740535
internal_weight=47434.5 42532.8 40425.5 13813.3 26612.2 17694.4 9030.76 6604.01 2508.88 7421.94 2165.88 1717.48 10272.4 8598.32 4095.13 8917.85 2107.23 4901.74 5256.06 4990.28 162.717 123.588 2426.75 2291.15 142.912 8470.91 4385.22 953.81 4078.75 108.738 4782.57 4827.56 3970.01 2148.04 237.64 69.0921 2148.24 66.8967 94.7678 8684.49 360.976 126.37 3454.98 3345.4 842.578 4099.36 305.001 32.6969 272.304
internal_count=119930 110871 102210 39364 62846 46182 28743 19604 8733 24236 8143 5930 21946 18816 10871 16664 8661 9059 16093 15420 661 605 9139 8539 820 18322 10723 2713 9618 341 10621 14759 9277 7938 1127 221 7719 320 497 16432 928 433 7070 6979 1955 12289 1857 121 1736
is_linear=0
shrinkage=0.03


Tree=29
num_leaves=50
num_cat=0
split_feature=12 1 18 15 4 4 19 11 3 12 7 13 9 5 9 3 6 19 2 3 6 2 7 6 15 3 19 19 7 16 7 6 3 6 4 12 3 12 13 16 6 7 2 9 4 6 16 9 6
split_gain=274.774 260.371 234.059 210.379 169.093 139.588 128.462 122.628 120.974 120.937 139.683 119.593 115.121 110.774 109.521 118.737 189.548 112.604 106.871 106.021 101.927 140.068 106.619 102.924 101.087 99.73 98.5281 99.8027 98.6197 95.8568 102.217 91.4814 143.827 103.874 93.392 90.625 83.1719 80.541 79.704 96.9264 125.534 101.118 152.886 95.5976 79.3831 102.277 89.0076 93.0933 77.8573
threshold=9.5000000000000018 6.5000000000000009 4.5000000000000009 2.5000000000000004 9974.9858398437518 9321.4658203125018 63.500000000000007 2.5000000000000004 10465.500488281252 31.500000000000004 15145.300292968752 4.5000000000000009 600.10000610351574 0.29285715520381933 2762.700073242188 2862.233276367188 79938.800781250015 69.500000000000014 7105.8332519531259 1135.799987792969 96979.300781250015 63245.455078125007 4823.3000488281259 11000.500000000002 2.5000000000000004 1168.5799560546877 63.500000000000007 29.500000000000004 7538.9001464843759 5.5000000000000009 11242.100097656252 148001.02343750003 3358.7224121093755 48001.000000000007 42400.099609375007 13.500000000000002 521.17501831054699 31.500000000000004 6.5000000000000009 6.5000000000000009 42940.000000000007 4524.5000000000009 50808.871093750007 5716.7001953125009 22327.022460937504 22463.000000000004 11.500000000000002 3623.700073242188 156387.00000000003
decision_type=2 2 2 2 2 2 2 2 2 2 2 2 2 2 2 2 2 2 2 2 2 2 2 2 2 2 2 2 2 2 2 2 2 2 2 2 2 2 2 2 2 2 2 2 2 2 2 2 2
left_child=1 2 11 4 8 20 7 9 12 36 -11 -1 -2 14 29 17 38 18 19 -16 21 22 23 25 -24 -4 27 -13 -28 30 -14 32 33 44 35 -35 -5 -18 39 40 -17 42 -42 -40 -6 -46 47 -47 -29
right_child=3 -3 5 6 31 -7 -8 -9 -10 10 -12 26 13 -15 15 16 37 -19 -20 -21 -22 -23 24 -25 -26 -27 28 48 -30 -31 -32 -33 -34 34 -36 -37 -38 -39 43 -41 41 -43 -44 -45 45 46 -48 -49 -50
leaf_value=0.035270960235590038 0.049556794356566923 0.034395413308352336 0.026182376383172425 3.5069630576437907e-05 -0.017775544159707845 -0.0041286722323692652 -0.021347037900516057 0.048058620002487527 -0.01698495235485914 -0.034469161182720101 0.071706810131901721 0.017984541778861274 0.022520164303751627 0.054799215159411517 0.022197604691271227 0.00075885986848982516 0.024794537739640507 -0.04076097133236127 0.030210143258914621 -0.040803513857333537 0.031896535005616365 -0.02533263093866531 0.0049818697527974198 0.026855813382202352 0.020517639990563601 -0.012647761770365024 0.016488958669031252 0.027858431893273004 -0.041482687296151156 0.013885697706477971 -0.008903193919499959 0.028121009923579125 -0.019702036566786096 0.03872526713127751 -0.00056715320710437492 0.0075254768558973744 0.026965835579919901 0.04818941132281819 0.0092613000747220359 -0.0011580185609076157 0.048782427154592897 0.016527294467785805 -0.042014038785884396 0.052244313373934301 0.098911410038865791 -0.027531305892840193 0.077960359466053494 0.024920646398506566 0.039816045311060422
leaf_weight=1878.3004908114672 136.67369921505451 4339.5184265226126 114.50537802278996 104.35930398106575 152.74630363285542 198.17410838603973 49.892804555594921 240.77080182731152 71.423530675470829 55.387515977025032 13.962751716375349 889.43968611210585 3478.1280952692032 91.46012382209301 65.924279823899269 374.28059085458517 2901.0448608845472 20.886465035378933 2896.0765855461359 37.838259398937225 726.48240102082491 61.316891029477119 620.49723037332296 1981.086046025157 960.31505680829287 123.98870544880629 357.46056963503361 9720.0063022226095 28.517362125217915 2357.9412731230259 95.730515003204346 210.0844613686204 160.0724381506443 237.10050146281719 147.51744849234819 129.58202788233757 9371.9210488125682 138.77514691650867 85.74629832059145 391.33671755343676 179.2115393653512 859.59439069032669 18.404748514294624 101.92367092519999 11.520208328962324 63.469020120799541 13.822368890047072 58.543918788433075 516.08387982845306
leaf_count=2757 245 6770 296 433 878 1067 223 301 403 250 19 2538 9739 82 190 1754 6973 111 6798 201 1362 275 2626 4668 3167 500 1126 22398 151 7611 392 608 896 620 912 491 22660 190 350 1682 340 3048 92 233 13 468 43 260 720
internal_value=0.0253818 0.027793 0.0262166 0.0232379 0.0210587 0.0205227 0.0266689 0.0269137 0.0219608 0.0263804 -0.013092 0.028252 0.0221562 0.0218905 0.0216756 0.0239501 0.021136 0.028655 0.0291383 -0.000776512 0.0215874 0.019648 0.0203737 0.0246143 0.0144196 0.0059953 0.0271068 0.0276237 0.0122058 0.0185808 0.0216784 0.0101657 0.00629432 0.0114046 0.0195902 0.0276996 0.0266693 0.0258626 0.0139895 0.0120729 0.0156899 0.0209758 0.0403262 0.0326054 -0.00262079 0.0130884 0.00580971 -0.00236395 0.0284613
internal_weight=47838.8 22515.7 18176.2 25323.2 15486.9 4786.37 9836.29 9786.4 14302.4 9545.63 69.3503 13389.8 14231 14094.3 14002.8 8071.04 5050.32 3020.73 2999.84 103.763 4588.19 3861.71 3800.39 2219.58 1580.81 238.494 11511.5 11125.5 385.978 5931.8 3573.86 1184.46 974.374 814.302 514.2 366.683 9476.28 3039.82 2010.5 1822.83 1431.49 1057.21 197.616 187.67 300.102 147.356 135.835 122.013 10236.1
internal_count=119930 50421 43651 69509 45623 13961 23886 23663 40434 23362 269 29690 40031 39786 39704 21962 14662 7300 7189 391 12894 11532 11257 5464 5793 796 26933 25656 1277 17742 10131 5189 4581 3685 2023 1111 23093 7163 7499 6916 5234 3480 432 583 1662 784 771 728 23118
is_linear=0
shrinkage=0.03


Tree=30
num_leaves=50
num_cat=0
split_feature=19 8 19 18 16 16 6 13 10 2 15 0 8 3 19 3 3 15 10 3 6 0 1 10 6 3 8 3 19 19 19 6 6 18 2 3 2 16 1 10 8 8 19 10 8 15 19 16 3
split_gain=319.312 163.074 157.342 147.323 178.517 127.534 123.079 160.378 181.723 108.529 160.259 158.396 125.555 99.004 105.185 92.3122 90.4695 90.4596 114.532 98.4565 126.153 104.823 95.7677 90.2324 115.991 88.9362 87.6251 86.3444 83.3153 78.8056 79.7422 76.8616 76.3968 76.1539 203.217 120.754 77.7292 74.7762 70.3939 69.7549 69.4838 70.6047 69.1509 158.396 104.955 94.8564 118.255 88.1489 77.0412
threshold=53.500000000000007 115797.00000000001 63.500000000000007 3.5000000000000004 8.5000000000000018 11.500000000000002 99996.902343750015 6.5000000000000009 55955.300781250007 31748.536132812504 2.5000000000000004 1.5000000000000002 79978.101562500015 1712.9381103515627 19.500000000000004 11628.225097656252 1992.477233886719 2.5000000000000004 178088.06250000003 4251.4167480468759 180158.00000000003 3.5000000000000004 3.5000000000000004 89709.148437500015 94080.101562500015 9653.9995117187518 11036.200195312502 4818.2954101562509 41.500000000000007 18.500000000000004 6.5000000000000009 43795.000000000007 29998.100585937504 1.0000000180025095e-35 32400.120117187504 2961.8200683593755 22780.750000000004 7.5000000000000009 9.5000000000000018 59861.201171875007 96029.000000000015 18796.100585937504 12.500000000000002 1739.1530761718752 7800.6000976562509 1.5000000000000002 21.500000000000004 2.5000000000000004 2611.185668945313
decision_type=2 2 2 2 2 2 2 2 2 2 2 2 2 2 2 2 2 2 2 2 2 2 2 2 2 2 2 2 2 2 2 2 2 2 2 2 2 2 2 2 2 2 2 2 2 2 2 2 2
left_child=3 2 -2 4 15 -6 7 9 27 10 11 12 -5 14 29 17 -14 19 -19 42 21 26 -22 24 -15 33 -21 28 -9 30 -11 -18 -12 34 35 36 -7 -20 -17 -34 41 -30 43 47 -44 46 -46 -1 -49
right_child=1 -3 -4 6 5 25 -8 8 -10 13 32 -13 16 23 -16 38 31 18 37 20 22 -23 -24 -25 -26 -27 -28 -29 40 -31 -32 -33 39 -35 -36 -37 -38 -39 -40 -41 -42 -43 44 -45 45 -47 -48 48 -50
leaf_value=0.029980124391726926 0.03003530601563632 0.039301034337958604 0.01800414754765604 0.012853444317451751 0.030768823294817001 0.00029565636719210966 0.026315944060624073 -0.0029074032896613516 0.046848066484916441 0.046780056153547529 0.02675033270954209 0.027233235350943918 0.04849468247528111 0.018687861232490059 -0.028888819685561579 -0.039976514999126196 0.024415177856998836 0.026852841867980072 -0.02295539640983614 -0.041723624138100164 -0.024339298747896157 -0.042661625481762257 0.037297941250115318 0.039859393736381511 -0.030897061024362831 -0.045646983873884162 0.012331634160920363 -0.029933379357230692 0.025434766481176697 0.12435772008084994 -0.039706259326455773 -0.040499289939343479 0.041399489431925535 0.026832127710938587 0.031341252129549746 -0.019385682190625225 0.032976823801673764 0.03729895118649048 0.093741173123826585 -0.017548185865398809 0.032397110559224174 0.0039129389935725744 -0.015490163298523105 0.0063972095575812581 0.035349514309277484 0.016737889323519561 0.023573090845832579 -0.0062577415000311916 0.023274030179096915
leaf_weight=814.2665768712759 6785.8329057171941 1431.9396029636264 1143.0948854833841 1950.7118914946914 6715.2921647205949 159.86249244213104 3967.4192419350147 370.35745669156313 113.76992440223694 23.933656521141529 979.39981221407652 2045.5084187239408 165.89156483858824 5162.586398281157 79.416284166276455 31.730785898864269 140.46201559156179 5193.1864717006683 68.307667806744576 27.718204103410244 24.900899305939674 33.929390221834183 255.15988676995039 180.43798696994781 42.810874849557877 16.844081483781338 1026.6631338000298 53.799029655754566 191.96717990189791 6.5522697865962973 16.015124507248402 18.588528744876385 667.61784452199936 1883.0890827849507 397.70999256521463 156.95295511186123 110.96142267435789 25.440249487757683 3.9886276721954337 18.569428786635399 153.93537646532059 480.76550514996052 57.391041070222855 681.00417619943619 1174.9081282690167 907.85369721055031 2212.7099440693855 131.01264985650778 202.21628514677286
leaf_count=2085 13848 1906 3432 7363 13575 497 8855 1531 183 65 2212 4513 300 16375 428 188 402 12013 252 144 99 169 476 334 201 80 3508 306 531 7 103 106 1096 4072 773 657 203 45 5 66 408 1933 228 2213 2587 2744 5759 505 590
internal_value=0.025006 0.0299835 0.0283008 0.0238157 0.0254141 0.0285475 0.0216966 0.0202718 0.0105479 0.0214258 0.0242223 0.021175 0.0157295 0.0183882 -0.00790757 0.0231161 0.0329949 0.0232501 0.0262596 0.0211427 0.0138612 0.00924042 0.0318176 0.019003 0.0182801 0.0230742 0.0109106 0.00724621 0.00891721 0.027925 0.0121084 0.0168285 0.0321283 0.0235016 0.015904 0.0015517 0.0136857 -0.00660425 -0.0250449 0.0398043 0.0142148 0.0100543 0.0227546 0.0178588 0.0248111 0.0253496 0.0276574 0.024661 0.0116633
internal_weight=48504.5 9360.87 7928.93 39143.6 22313.1 9440.71 16830.5 12863.1 1364.59 11498.5 5986.75 4321.16 2275.65 5511.75 125.917 12872.4 324.942 12836.7 5286.93 7549.73 1368.37 1088.31 280.061 5385.84 5205.4 2725.42 1054.38 1250.82 1197.03 46.5011 39.9488 159.051 1665.59 2708.58 825.487 427.777 270.824 93.7479 35.7194 686.187 826.668 672.733 6181.36 1828.5 4352.86 4295.47 3387.62 1147.5 333.229
internal_count=119971 19186 17280 100785 53467 19857 47318 38463 4892 33571 16058 12684 8171 17513 603 33610 808 33417 12310 21107 4396 3821 575 16910 16576 6282 3652 4709 4403 175 168 508 3374 6202 2130 1357 700 297 193 1162 2872 2464 16711 5393 11318 11090 8346 3180 1095
is_linear=0
shrinkage=0.03


Tree=31
num_leaves=50
num_cat=0
split_feature=19 12 1 13 4 16 8 8 12 7 19 19 10 1 4 10 8 8 6 15 8 9 8 19 8 8 19 7 8 6 4 10 8 13 9 1 13 9 6 7 19 18 19 7 7 6 18 18 9
split_gain=298.258 287.595 171.898 214.27 160.159 154.035 147.364 144.398 136.496 136.237 118.654 113.318 103.94 99.0695 98.5237 97.125 94.9023 101.302 101.827 89.5047 87.0769 86.995 86.7658 82.9251 82.5359 136.573 182.765 105.737 102.152 81.7167 81.6627 81.5965 77.1943 76.4468 75.3359 79.7984 87.3426 73.6805 73.5006 73.1235 153.512 87.2496 72.2872 71.1625 132.529 71.4556 69.6716 69.6633 72.8524
threshold=53.500000000000007 11.500000000000002 7.5000000000000009 6.5000000000000009 24299.682617187504 3.5000000000000004 38000.599609375007 75496.500000000015 10.500000000000002 4823.3000488281259 36.500000000000007 40.500000000000007 40021.599609375007 17.500000000000004 25995.000000000004 97231.214843750015 260300.00000000003 130002.10156250001 39999.900390625007 2.5000000000000004 40798.400390625007 7091.1000976562509 51171.000000000007 2.5000000000000004 64001.000000000007 36533.000000000007 4.5000000000000009 852.20001220703136 34001.000000000007 99996.902343750015 35998.201171875007 169298.39843750003 146495.50000000003 14.500000000000002 5080.3000488281259 5.5000000000000009 3.5000000000000004 4063.6000976562505 9559.0000000000018 4472.7001953125009 28.500000000000004 1.0000000180025095e-35 23.500000000000004 3511.500122070313 3719.099975585938 12770.200195312502 3.5000000000000004 5.5000000000000009 3567.3000488281255
decision_type=2 2 2 2 2 2 2 2 2 2 2 2 2 2 2 2 2 2 2 2 2 2 2 2 2 2 2 2 2 2 2 2 2 2 2 2 2 2 2 2 2 2 2 2 2 2 2 2 2
left_child=1 2 3 4 9 7 33 14 29 10 15 12 13 30 34 19 17 21 -19 24 31 -11 37 -23 25 27 -27 -1 -29 -5 -4 -8 -10 -3 35 36 -2 43 -28 -21 41 -41 -30 45 -45 -22 -12 48 -40
right_child=5 6 11 8 -6 -7 20 -9 32 16 46 -13 -14 -15 -16 -17 -18 18 -20 39 22 23 -24 -25 -26 26 38 28 42 -31 -32 -33 -34 -35 -36 -37 -38 -39 47 40 -42 -43 -44 44 -46 -47 -48 -49 -50
leaf_value=0.045537620721629674 0.039233921879136817 0.011918659358789021 0.027467258157869833 0.013401499434517881 0.0054941746622202961 0.01687307531363386 0.037022525743336171 0.035994631306441038 -0.034415030381129745 0.022198845445027732 0.033552713669179966 0.035370121818183158 0.016721179483473955 0.046954109741940267 0.00062136224946445341 0.048061307894625524 -0.04651796961998985 -0.043425014759343065 0.03265267151478609 0.029413019742426962 0.042595687790323786 -0.040570216001116308 0.02129610541309471 0.014032562695426496 0.029555002222352252 -0.034534056780874386 -0.02731605564993218 0.019758002479321402 0.053942432920283209 0.026997008999026708 -0.040050445128084873 -0.044392228443347212 0.033796676066677446 -0.039522636871688333 0.017463002125746061 0.033639390235727103 0.024235545667639424 -0.011278358942623065 0.028894954804472319 0.035731934493666295 0.047029353207296329 -0.037240031659559962 0.01121664037607936 0.087176424758775531 0.014341735126445999 -0.040641867758341825 0.026010535883249319 -0.012206993163328879 0.0091664837999562137
leaf_weight=169.22778736799955 400.09169775247574 2504.8087982311845 1921.7608436942101 1948.9039350301027 416.68910449743271 875.52936860918999 363.36259516328573 2593.0961931273341 74.704650975763798 11474.444005362689 2625.0073445960879 1746.4411080256104 828.92900908738375 250.36702020466328 120.12982512265444 151.45209270715714 18.089760363101959 16.093061745166779 983.57662992924452 2503.8127748668194 12.596422761678694 25.782069712877274 2699.4282917976379 860.67141700536013 917.35643748193979 78.789601311087608 38.001700915396214 2831.9700318276882 136.46722415089607 499.96195362508297 16.258841820061207 11.427621528506277 18.661775425076485 26.272980339825153 546.52321732789278 2137.0594856217504 2760.5498833879828 136.60183422267437 318.89417447149754 19.487797021865845 51.178057685494423 60.614172548055649 48.235796868801117 24.708589598536491 249.75681941956282 35.275705561041832 1900.303254455328 73.889824412763119 357.1108872294426
leaf_count=368 533 8531 3806 6202 2025 2671 865 3897 382 31581 4438 2508 1990 316 590 214 82 80 1804 4905 31 142 7335 2622 2052 402 179 7833 240 997 93 53 27 154 1369 3485 6641 579 764 36 76 253 149 32 806 199 4132 328 1174
internal_value=0.024066 0.0229201 0.0240118 0.0231335 0.023944 0.0288582 0.01691 0.0300844 0.0148198 0.0242436 0.0265251 0.0292884 0.0257682 0.0291951 0.0275149 0.0242728 0.0221492 0.0222422 0.0314279 0.0237991 0.0208682 0.0214993 0.0192459 0.0124445 0.0214292 0.0195899 0.00903087 0.0224623 0.0211679 0.0161772 0.0269008 0.0345401 -0.0207811 0.0113847 0.0280677 0.0291617 0.0261341 0.00718655 0.0133874 0.0282687 0.00644374 -0.0194869 0.0427845 0.0150117 0.0208986 -0.0187399 0.0303855 0.01545 0.0184731
internal_weight=48880.4 39447.4 33383.1 28619.4 26077.1 9432.98 6064.24 8557.45 2542.23 25660.5 12281.8 4763.76 3017.32 2188.39 5964.35 7756.49 13378.7 13360.6 999.67 7605.04 3533.16 12360.9 3158.37 886.453 4969.94 4052.59 866.686 3185.9 3016.67 2448.87 1938.02 374.79 93.3664 2531.08 5844.22 5297.7 3160.64 458.939 787.897 2635.09 131.28 80.102 184.703 322.338 274.465 47.8721 4525.31 749.895 676.005
internal_count=119971 100785 82200 73487 65879 19186 18585 16515 7608 63854 27543 8713 6205 4215 12618 18973 36311 36229 1884 18759 9900 34345 8982 2764 13489 11437 2847 8590 8222 7199 3899 918 409 8685 12028 10659 7174 1647 2445 5270 365 289 389 1068 838 230 8570 2266 1938
is_linear=0
shrinkage=0.03


Tree=32
num_leaves=50
num_cat=0
split_feature=19 12 1 13 4 16 12 7 19 2 1 6 3 3 9 19 7 7 9 18 10 3 10 6 2 1 2 3 7 10 2 12 3 4 4 3 3 2 4 6 3 9 12 6 2 3 3 9 11
split_gain=279.677 267.041 162.284 197.568 148.346 143.745 128.135 127.662 111.111 108.494 135.683 136.861 120.585 139.061 127.176 106.448 102.595 118.577 97.1221 96.4513 96.2504 91.8818 89.1415 88.3251 93.2055 87.7474 87.1498 90.6319 95.4481 89.9634 115.501 89.5537 82.2108 88.0359 86.6138 86.2294 81.9202 107.155 78.7309 78.2519 109.225 76.9354 76.8851 76.164 91.0263 88.151 76.0042 75.6538 75.6299
threshold=53.500000000000007 11.500000000000002 7.5000000000000009 6.5000000000000009 24299.682617187504 3.5000000000000004 10.500000000000002 4823.3000488281259 36.500000000000007 16020.287597656252 17.500000000000004 18986.400390625004 1732.0986938476565 1444.6500244140627 2762.700073242188 40.500000000000007 2651.900024414063 3288.900024414063 1416.7000122070315 1.0000000180025095e-35 40021.599609375007 6305.6833496093759 97231.214843750015 69999.000000000015 31516.166992187504 17.500000000000004 17600.575195312504 7215.5500488281259 3202.900024414063 33949.300781250007 65398.800781250007 27.500000000000004 2805.242797851563 37816.349609375007 32789.000000000007 3006.7373046875005 2217.1166992187505 11957.100097656252 15024.053710937502 64004.201171875007 3407.109985351563 8569.3002929687518 17.500000000000004 99996.902343750015 69856.597656250015 9653.9995117187518 6397.6374511718759 13934.600585937502 2.5000000000000004
decision_type=2 2 2 2 2 2 2 2 2 2 2 2 2 2 2 2 2 2 2 2 2 2 2 2 2 2 2 2 2 2 2 2 2 2 2 2 2 2 2 2 2 2 2 2 2 2 2 2 2
left_child=1 2 3 4 7 41 43 8 22 10 11 36 13 19 16 20 18 -18 -14 -11 21 25 -1 39 -25 38 -16 28 -28 30 32 -31 33 34 -30 -34 37 42 -4 -9 -41 -2 -3 44 -5 -45 -37 -23 -7
right_child=5 9 15 6 -6 48 -8 23 -10 12 -12 -13 14 -15 26 -17 17 -19 -20 -21 -22 47 -24 24 -26 -27 27 -29 29 31 -32 -33 35 -35 -36 46 -38 -39 -40 40 -42 -43 -44 45 -46 -47 -48 -49 -50
leaf_value=0.022906262115734023 0.027863310206038713 0.017453422743250888 0.02799364357202646 0.013685954361109592 0.0053131731002033561 0.014478725437300435 -0.020401128383473185 0.019940458365707649 0.029252653238003669 0.054376838984105072 0.059620585918858715 -0.018839232336434187 0.075779337694913393 0.047263456175317457 -0.026093751792907842 0.034108955074407969 -0.032539336187168456 0.0097394790516357396 0.0063648679897625573 0.00072066980032598155 0.016142235142770103 -0.044627995483275042 0.045998248742391147 -0.0040344367261718429 0.025313712842806563 0.045579786263027951 -0.0085277392291923642 -0.0047501519503127315 0.032954373746958761 0.011259847479931339 0.042034183306014328 0.039771170867940527 2.8234352985360641e-05 -0.037337418810404324 0.12203340062274097 0.022703615875198993 -0.025253737339468358 0.057094619100835159 -0.0026846184839410671 0.034134227459617035 -0.018908752058929994 0.03616342601100897 -0.03960386220811446 0.028256154641544386 -0.042475727747725213 -0.044367910884597787 -0.039801803395982147 0.049561712080153017 0.059603518308257594
leaf_weight=7663.2340163066983 7453.6693460121751 137.51458541303873 1836.0127938389778 1932.7053864300251 417.93835762143135 846.34038195014 92.284475311636925 8718.2001285552979 4559.0181525796652 38.597402460873127 35.501467950642109 215.57427311688662 40.195731326937675 249.48910470306873 37.115216143429279 1756.5253071710467 61.979309558868408 1625.7625342905521 33.062715664505959 137.79441525042057 832.83798175305128 27.29855740070343 153.46559464931488 99.541241481900215 4510.3105391785502 251.62338598072529 94.978164203464985 126.81723832339048 500.3244691118598 874.80448566377163 320.84950679540634 111.82364965975285 193.63340044766665 15.737459182739256 10.02053043246269 1101.7257235720754 41.223809204995632 54.935641579329967 78.507427670061588 52.196946024894714 105.67369113117456 1161.7316356673837 25.141007170081139 487.67643401771784 26.327241711318493 15.5208443403244 17.791051916778088 10.676366843283175 34.802198432385921
leaf_count=18759 14930 497 3471 6064 2025 2636 409 25856 8570 93 45 1041 46 477 197 2508 317 5443 121 583 1990 131 214 314 9620 310 388 531 1063 2435 519 201 817 110 16 3000 252 139 291 95 426 1585 145 922 138 75 109 12 35
internal_value=0.023177 0.0220715 0.0231192 0.0222695 0.0230437 0.0278022 0.0143045 0.0233302 0.0255305 0.0162978 0.00305018 -0.00118333 0.0175057 0.0328492 0.0162409 0.0282306 0.00969549 0.00818686 0.0444515 0.0124615 0.0248306 0.0281136 0.0233596 0.0213111 0.02468 0.0289246 0.0196255 0.0201292 0.0211025 0.0219969 0.0254251 0.0144913 0.0225277 0.0325484 0.0347034 0.0185131 0.0135228 0.0208692 0.0267356 0.0195614 -0.00137109 0.0289825 0.00863431 0.0156053 0.0129312 0.0260161 0.0217103 -0.0181473 0.016261
internal_weight=49226.5 39730 33627.6 28834.1 26279.6 9496.54 2554.51 25861.6 12375.7 6102.39 509.891 474.389 5592.5 425.881 5166.62 4793.48 1761 1687.74 73.2584 176.392 3036.96 2204.12 7816.7 13485.9 4609.85 2166.14 3405.62 3368.51 3241.69 3146.71 2160.08 986.628 1839.23 526.082 510.345 1313.15 258.815 217.591 1914.52 8876.07 157.871 8615.4 162.656 2462.23 1959.03 503.197 1119.52 37.9749 881.143
internal_count=119971 100785 82200 73487 65879 19186 7608 63854 27543 18585 2119 2074 16466 1153 15313 8713 5927 5760 167 676 6205 4215 18973 36311 9934 4072 9386 9189 8658 8270 5634 2636 5115 1189 1079 3926 1033 781 3762 26377 521 16515 642 7199 6202 997 3109 143 2671
is_linear=0
shrinkage=0.03


Tree=33
num_leaves=50
num_cat=0
split_feature=19 12 1 13 8 0 4 19 4 12 7 19 19 8 8 8 13 4 10 15 10 1 2 13 4 8 8 19 2 3 8 2 7 3 3 3 2 2 2 3 8 8 8 19 0 10 19 8 3
split_gain=261.844 247.706 153.612 182.405 146.25 143.165 138.783 139.072 137.547 120.239 119.45 104.379 100.651 99.5081 88.6998 94.2617 87.3623 98.3118 82.1554 84.3162 81.9554 82.355 78.4683 78.4387 76.9538 79.8172 112.793 170.65 116.565 129.21 102.469 89.9076 109.076 142.23 116.507 82.0313 89.6841 81.8904 75.2315 93.4167 90.5373 94.0039 74.1374 73.9715 111.338 73.5693 73.5493 78.5416 72.3892
threshold=53.500000000000007 11.500000000000002 7.5000000000000009 6.5000000000000009 115797.00000000001 1.5000000000000002 21321.000000000004 63.500000000000007 24299.682617187504 10.500000000000002 4823.3000488281259 36.500000000000007 37.500000000000007 29851.700195312504 260300.00000000003 130002.10156250001 6.5000000000000009 5701.9570312500009 97231.214843750015 2.5000000000000004 40614.601562500007 17.500000000000004 59299.666015625007 14.500000000000002 22327.022460937504 64001.000000000007 36533.000000000007 4.5000000000000009 8358.7602539062518 1487.7833251953127 34001.000000000007 20769.615234375004 2671.900024414063 2217.1166992187505 4198.9501953125009 2597.814331054688 8358.7602539062518 22780.750000000004 11184.216308593752 2076.224975585938 87727.300781250015 15654.800292968752 146495.50000000003 33.500000000000007 3.5000000000000004 66401.601562500015 7.5000000000000009 43996.500000000007 7917.7250976562509
decision_type=2 2 2 2 2 2 2 2 2 2 2 2 2 2 2 2 2 2 2 2 2 2 2 2 2 2 2 2 2 2 2 2 2 2 2 2 2 2 2 2 2 2 2 2 2 2 2 2 2
left_child=1 2 3 8 6 -3 7 -2 10 45 11 18 20 16 15 48 -7 -18 19 22 21 -4 24 -19 25 26 28 -28 29 -1 31 -30 33 37 -34 36 -29 -33 39 -13 41 -41 -11 -22 -45 -5 47 -15 -12
right_child=4 5 12 9 -6 13 -8 -9 -10 42 14 38 -14 46 -16 -17 17 23 -20 -21 43 -23 -24 -25 -26 -27 27 35 30 -31 -32 32 34 -35 -36 -37 -38 -39 -40 40 -42 -43 -44 44 -46 -47 -48 -49 -50
leaf_value=0.045182861644956926 0.027480521243806406 0.0074678274324955244 0.024457945463825102 0.013432564426280574 0.035555625451842009 0.0085854898578877816 0.0010299219109247302 0.016087577534375376 0.0051386966738489514 -0.033640112633630141 0.020295929605139252 0.023795731691853169 0.032211733100073761 0.02616450510163458 -0.046123273446577115 0.029409858325808506 -0.04454156869380476 0.037011591297635205 0.04409313313833662 0.026362952180555961 0.017893595964783422 0.043638786166678385 -0.012504769031575718 -0.040027546137728298 0.060620179902732441 0.027910347877453567 -0.034255383901784474 -0.026737407696475968 0.011471289331160551 0.0025387032082433017 0.040299568602289886 0.042890388854857561 0.028312996478813787 -0.043033298192115252 -0.040905953070848732 -0.0017423837803632563 0.022465645820030335 0.0022863625796986152 0.029794657548443338 0.020077016320918458 0.047125352709558782 -0.044995310388110818 0.03332310947729545 -0.048333661893621781 0.032569103895741726 0.031504831918650993 0.02230184458037331 -0.015876949807066661 0.006974714021933324
leaf_weight=302.53165455162525 6771.946699641645 1446.287772744894 1760.4024243578315 2251.8788597136736 1453.4423490837216 1237.7610641270876 207.9568350687623 1124.4048058316112 419.14621540158987 72.81954438239336 12177.561760529876 582.89556577801704 2077.3205572515726 68.72482231259346 17.952615305781364 1012.4890861064196 15.749852076172827 222.08423062413931 155.26494297385216 2671.0201183110476 691.03833241015673 227.499341994524 66.890116691589355 12.567724518477915 42.044824048876762 905.58589681982994 76.831012688577175 35.722458779811859 1310.7298388108611 81.086729347705841 181.96145445853472 66.288913309574127 1028.1830347925425 45.744244188070297 22.360910981893539 245.96625362336636 500.04204372316599 137.28038767725229 3899.7090397402644 31.89557857811451 22.36140750348568 53.482516959309578 18.701687023043633 38.169527933001518 25.562323018908501 222.78460191190243 3036.9294191971421 95.66244525462389 378.54993236064911
leaf_count=541 13084 6226 3575 6808 1906 3857 959 3237 2025 382 32999 1199 3018 179 82 1884 73 471 214 5270 1628 287 243 70 95 1973 393 164 3951 272 373 119 2367 221 117 915 1295 450 7012 77 30 252 27 165 40 391 7325 384 1346
internal_value=0.0223317 0.0212656 0.0222707 0.0214474 0.0267927 0.0157195 0.0252211 0.0258582 0.0221877 0.0138107 0.022462 0.0245827 0.0272304 0.0182644 0.0205162 0.0206044 0.0118548 0.0280154 0.0224869 0.0220524 0.0234576 0.026653 0.0197721 0.0328855 0.0202054 0.0198615 0.0180549 0.00840731 0.0206628 0.036169 0.0185327 0.0170155 0.0226061 0.00476711 0.0268397 0.0126003 0.019185 0.0155084 0.0281784 0.0190522 -0.00661137 -0.0206856 -0.0199567 0.0150414 -0.0158842 0.0150595 0.0212439 0.00169918 0.0198943
internal_weight=49551.3 39993.5 33857.8 29037.8 9557.75 6135.77 8104.31 7896.35 26471.6 2566.18 26052.4 12465.9 4819.99 4689.48 13586.6 13568.6 1488.16 250.402 7875.53 7720.27 2742.67 1987.9 5049.25 234.652 4982.36 4940.31 4034.73 858.562 3176.17 383.618 2792.55 2610.59 1299.86 249.314 1050.54 781.731 535.765 203.569 4590.34 690.635 107.74 85.3781 91.5212 754.77 63.7319 2474.66 3201.32 164.387 12556.1
internal_count=119971 100785 82200 73487 19186 18585 17280 16321 65879 7608 63854 27543 8713 12359 36311 36229 4471 614 18973 18759 5695 3862 13489 541 13246 13151 11178 2767 8411 813 7598 7225 3274 790 2484 2374 1459 569 8570 1558 359 329 409 1833 205 7199 7888 563 34345
is_linear=0
shrinkage=0.03


Tree=34
num_leaves=50
num_cat=0
split_feature=19 12 1 13 0 4 16 12 7 19 19 15 10 7 15 0 15 9 7 9 1 10 9 19 10 15 0 4 9 4 4 11 14 9 19 16 9 10 9 13 19 9 4 7 19 18 18 7 18
split_gain=245.877 230.293 145.352 168.779 133.328 127.713 127.232 112.953 112.364 98.0279 95.2751 86.4143 83.5427 80.9497 157.384 129.911 89.0793 123.932 85.0787 79.724 78.5329 77.7798 77.184 98.2622 75.9057 78.8223 75.18 73.7742 72.0628 71.6437 71.2333 69.3216 87.9707 83.8028 68.9393 93.1991 68.7571 68.5475 68.5204 81.1677 67.9326 68.2399 67.7028 66.9422 141.184 81.4293 65.7223 64.7228 63.5082
threshold=53.500000000000007 11.500000000000002 7.5000000000000009 6.5000000000000009 1.5000000000000002 24299.682617187504 3.5000000000000004 10.500000000000002 4823.3000488281259 36.500000000000007 40.500000000000007 2.5000000000000004 40021.599609375007 4834.7001953125009 2.5000000000000004 1.5000000000000002 1.5000000000000002 4631.7001953125009 5353.9001464843759 3935.900024414063 17.500000000000004 4738.1811523437509 2914.900024414063 7.5000000000000009 97231.214843750015 2.5000000000000004 1.5000000000000002 35998.201171875007 3321.700073242188 5.6110000610351571 25378.526367187504 2.5000000000000004 5.5000000000000009 3390.700073242188 20.500000000000004 7.5000000000000009 1498.3000488281252 66401.601562500015 13934.600585937502 17.500000000000004 16.500000000000004 9419.3999023437518 22327.022460937504 4472.7001953125009 28.500000000000004 1.0000000180025095e-35 3.5000000000000004 5472.3000488281259 5.5000000000000009
decision_type=2 2 2 2 2 2 2 2 2 2 2 2 2 2 2 2 2 2 2 2 2 2 2 2 2 2 2 2 2 2 2 2 2 2 2 2 2 2 2 2 2 2 2 2 2 2 2 2 2
left_child=1 2 3 5 29 8 11 37 9 24 12 26 20 16 15 18 17 -10 21 -13 27 -15 -6 28 25 42 -2 -4 -24 -3 -28 32 33 -8 -18 -36 -7 -5 39 -9 -38 -42 -1 -27 45 -45 -11 -20 -37
right_child=6 4 10 7 22 36 31 38 13 46 -12 19 -14 14 -16 -17 34 -19 47 -21 -22 -23 23 -25 -26 43 30 -29 -30 -31 -32 -33 -34 -35 35 48 40 -39 -40 -41 41 -43 -44 44 -46 -47 -48 -49 -50
leaf_value=0.018728822364534211 0.019345256606738918 -0.023544796448627617 0.024611448599839388 0.012966319093958996 0.012716899381818168 -0.037479536722855741 0.049005923896836986 -0.041329951708934255 -0.023885817540042899 0.03021364529187287 0.031816008868902644 0.025777323179555556 0.015018604465109957 -0.017082535185373317 0.028167213234578731 0.022415974287243304 0.022021779091886622 0.044652705974287575 0.041089599988860644 0.035142552546442545 0.041705196947949795 0.012729205489287321 0.035177915581362136 0.021879842205433261 0.042326896793987961 0.026484187911984623 0.027683837321495628 -0.039879038586665173 -0.014985048938020674 0.0086596192511684683 0.0026539583822831276 0.056133881209536406 0.0092600971790479467 -0.0082595586732788825 0.0088070047382918012 0.020311069002556567 -0.016995945084622672 0.030354584063126164 0.054964884744997777 0.043288538227060212 0.018090226245210794 -0.042080929962441206 0.056252202784274355 0.032367130329968893 0.042965048142066468 -0.037464194446150033 0.022964293026713926 0.013613941927826497 0.006975651503000729
leaf_weight=5038.5500792115927 1679.685551263392 65.089452937245369 1958.100820466876 2262.6983511894941 1795.1846050843596 31.746607556939125 101.12084839493036 68.575739495456219 98.124660275876522 2675.6200151145458 1772.7458634451032 1530.7298530414701 840.151077657938 155.95123399049044 2429.1234014034271 3085.9353073686361 2277.7383813336492 31.323956035077572 82.193893603980541 1757.1801897883415 257.34745512902737 159.14208057522774 33.492587298154831 2776.056294426322 156.86624857783318 2555.2098706141114 3647.2803022414446 16.095747269690037 111.84508983790874 1386.7246752232313 105.28511163592339 35.487271927297115 725.44127582013607 29.770422995090485 1282.2281916439533 2450.3755089044571 76.018750466406345 224.26663070172071 9.8808769881725294 11.98533361405134 294.54913537949324 17.999661363661289 43.650704778730869 19.959429666399956 52.531558200716972 60.836436152458191 1942.7805416211486 1260.4147550612688 369.93318648636341
leaf_count=13392 4412 341 3806 6808 5284 215 169 374 481 4438 2508 2921 1990 715 4424 6840 6442 88 188 2478 316 479 73 6555 214 4905 6304 93 447 5885 400 35 2352 115 4431 6677 464 391 7 28 1250 96 97 36 76 253 4132 4213 1333
internal_value=0.0215291 0.0204994 0.0214651 0.0206673 0.0151655 0.0213763 0.02584 0.0133367 0.0216392 0.0236898 0.026278 0.0269438 0.0230819 0.019759 0.0219573 0.0187773 0.0173368 -0.00730088 0.0120035 0.0307824 0.0261176 -0.00202572 0.0176126 0.0206209 0.0216658 0.0212487 0.0246204 0.0240857 -0.00342516 0.00721579 0.0269816 0.0150471 0.0133444 0.0359812 0.0178366 0.0155131 0.00497047 0.0145343 -0.019596 -0.028741 0.00843871 0.014625 0.0190511 0.0254029 0.00467917 -0.0202134 0.0271641 0.015296 0.0185619
internal_weight=49851 40239 34070.7 29226.2 6168.39 26648.8 9611.98 2577.41 26228.5 12546 4844.44 8720.16 3071.7 13682.5 7172.76 4743.64 6509.72 129.449 1657.7 3287.91 2231.54 315.093 4716.58 2921.39 7927.6 7770.74 5432.25 1974.2 145.338 1451.81 3752.57 891.82 856.333 130.891 6380.28 4102.54 420.314 2486.96 90.442 80.5611 388.568 312.549 5082.2 2688.54 133.327 80.7959 4618.4 1342.61 2820.31
internal_count=119971 100785 82200 73487 18585 65879 19186 7608 63854 27543 8713 16515 6205 36311 16859 12435 19452 569 5595 5399 4215 1194 12359 7075 18973 18759 11116 3899 520 6226 6704 2671 2636 284 18883 12441 2025 7199 409 402 1810 1346 13489 5270 365 289 8570 4401 8010
is_linear=0
shrinkage=0.03


Tree=35
num_leaves=50
num_cat=0
split_feature=8 5 12 0 19 16 19 3 6 4 9 15 16 3 13 6 9 14 7 8 8 11 6 6 12 9 6 3 4 11 7 13 19 6 7 15 3 4 8 19 8 8 8 13 4 19 8 12 9
split_gain=265.219 226.395 210.874 179.321 206.679 161.11 125.917 115.917 206.446 147.713 112.554 111.984 99.1106 147.561 94.7132 93.1433 100.357 88.5378 88.3843 87.0358 125.622 85.9351 84.154 82.6796 95.5671 80.0211 79.8792 81.5705 79.5867 78.5347 78.2704 90.8268 77.8882 90.3681 105.298 78.9901 78.6573 83.9097 84.7614 77.819 120.622 87.6783 132.262 77.0759 75.5675 75.2318 81.8739 141.048 114.038
threshold=112799.00000000001 0.34313726425170904 9.5000000000000018 1.5000000000000002 27.500000000000004 5.5000000000000009 70.500000000000014 2720.8200683593755 69999.000000000015 10801.000000000002 4063.6000976562505 2.5000000000000004 4.5000000000000009 983.62228393554699 17.500000000000004 30999.000000000004 2362.900024414063 6.5000000000000009 3261.900024414063 12295.399902343752 10572.200195312502 1.5000000000000002 72001.199218750015 180158.00000000003 15.500000000000002 829.70001220703136 74002.000000000015 3478.600219726563 5.6110000610351571 2.5000000000000004 5899.9001464843759 6.5000000000000009 13.500000000000002 46737.201171875007 5394.1000976562509 1.5000000000000002 2366.5163574218755 24833.200195312504 102204.19921875001 31.500000000000004 9198.8002929687518 22410.100585937504 23999.799804687504 2.5000000000000004 68802.000000000015 4.5000000000000009 25648.700195312504 27.500000000000004 1438.7000122070315
decision_type=2 2 2 2 2 2 2 2 2 2 2 2 2 2 2 2 2 2 2 2 2 2 2 2 2 2 2 2 2 2 2 2 2 2 2 2 2 2 2 2 2 2 2 2 2 2 2 2 2
left_child=1 2 7 4 11 6 12 9 14 -1 15 28 13 -5 17 18 -17 21 43 20 -10 -9 -21 24 -2 -15 27 -24 -4 -7 31 -12 33 34 35 -30 37 -34 -39 40 -23 -42 -43 -11 45 -27 47 -47 -48
right_child=23 -3 3 5 -6 29 -8 8 19 10 30 -13 -14 25 -16 16 -18 -19 -20 22 -22 39 26 -25 -26 44 -28 -29 32 -31 -32 -33 36 -35 -36 -37 -38 38 -40 -41 41 42 -44 -45 -46 46 48 -49 -50
leaf_value=0.025697839270646644 0.026642877347137561 0.048529080881877948 -0.01530855377226286 -0.026367676964507945 0.0055327197215015817 0.015370932937229851 -0.012918066417902691 0.041009184293624344 0.022396163807152949 0.070618537558628 0.029032928165193254 0.022796316240416777 0.029210341106426962 0.038114371084957258 -0.039049042134635753 0.0023565213376881898 -0.040116889164748142 -0.039056103529876866 0.064485251714539629 0.042057906905577029 -0.020650895028740634 0.054492635767004659 0.025983574024204315 0.034838498355395646 0.01171431355073028 0.01475809657260135 0.025314976487484674 -0.046783512736522169 0.0018398083435271118 0.037271051456094918 0.076224120561069295 -0.039313562291964602 0.027084063090279734 0.018995362457209664 -0.037539842093173563 0.023716092060508606 0.012544803078234433 -0.035521340240145451 0.12422988741513545 0.018063953842376745 -0.0097103577903122299 0.05168351271407063 0.0067536593598064671 -0.0061847961290350502 -0.03719927664987558 0.018818378059653969 -0.044981838959342393 -0.045104305328150636 0.025372766169394306
leaf_weight=7908.4617116004229 4025.4785017594695 247.679712459445 83.029902018606663 58.791350327432156 1946.8112732991576 6293.3974862769246 92.114715218544006 136.01033329218626 191.26028987020254 13.852252319455145 135.76300886273384 1899.8729189783335 1575.1823662519455 247.88407179713249 27.046534180641174 142.27786424010992 77.253085374832153 25.101372539997101 30.341345980763435 271.84230299293995 89.593572095036507 48.245169550180435 27.341785982251167 979.5680238455534 426.86015193164349 1439.5064602047205 4335.0815653502941 28.127562612295151 731.92146515846252 150.90435414016247 26.244627721607685 20.088825039565563 832.09487146139145 567.48172637075186 52.157918825745583 186.37428120523691 909.71888381242752 31.589330464601517 3.3015975505113593 6476.007202886045 236.09479459375143 66.836191788315773 500.80029757320881 77.852545671164989 20.164762452244759 2367.669585801661 20.844943299889565 31.479974739253521 3939.4224923104048
leaf_count=14596 7492 207 390 252 7313 17153 396 203 376 15 433 4160 3357 411 160 577 461 153 70 384 297 71 48 1227 1058 3936 7821 128 2904 217 26 121 2195 1849 341 559 3294 253 5 17328 882 120 1695 350 135 5654 98 146 8524
internal_value=0.0206887 0.0199268 0.0197672 0.0178165 0.0138915 0.0195676 0.0219917 0.0219597 0.0201214 0.0246761 0.0092457 0.0169633 0.0223232 0.0209881 0.0169896 -0.000909252 -0.0125899 0.017192 0.0201014 0.0248831 0.00866397 0.0173812 0.0258601 0.0269477 0.0252116 0.0213332 0.0248572 -0.0109154 0.0137017 0.0158838 0.0282944 0.0202233 0.0144284 0.00948556 0.00392462 0.00627975 0.018707 0.0251729 -0.0204047 0.0169426 0.00841925 0.00565363 0.0120439 0.00541655 0.0208012 0.0209512 0.022353 0.0179796 0.0250025
internal_weight=50052.8 44620.9 44373.2 23481.7 7244.35 16237.4 9793.06 20891.5 12459.4 8432.14 523.674 5297.54 9700.95 8125.76 7516.14 341.577 219.531 7489.1 122.046 4943.25 280.854 7463.99 4662.39 5431.91 4452.34 8066.97 4390.55 55.4693 3397.67 6444.3 182.096 155.852 3314.64 1537.94 970.454 918.296 1776.7 866.986 34.8909 7327.98 851.976 803.731 567.636 91.7048 7819.09 7798.92 6359.42 2399.15 3960.27
internal_count=119841 110064 109857 63542 23263 40279 22909 46315 29666 16649 2053 15950 22513 19156 20612 1473 1038 20452 435 9054 673 20299 8381 9777 8550 18904 7997 176 11790 17370 580 554 11400 5653 3804 3463 5747 2453 258 20096 2768 2697 1815 365 18493 18358 14422 5800 8622
is_linear=0
shrinkage=0.03


Tree=36
num_leaves=50
num_cat=0
split_feature=8 12 1 9 16 0 15 3 2 2 8 15 4 3 11 9 12 2 8 4 2 9 8 15 3 6 19 4 16 9 9 9 4 3 6 12 9 4 8 3 12 19 11 12 8 4 8 9 9
split_gain=249.327 195.676 168.743 160.936 136.443 119.912 115.039 111.34 122.127 120.569 109.771 115.403 104.047 97.1201 91.9766 90.9961 88.2719 95.068 87.8828 87.4329 85.4662 84.8226 83.9756 83.8647 83.5296 108.279 94.9946 82.6345 104.811 82.5048 84.1038 100.625 80.3689 79.8492 78.3955 88.8916 72.9173 98.0365 84.9868 94.6732 80.5153 72.8332 72.429 72.3792 81.1185 72.3505 72.0343 74.5982 118.38
threshold=112799.00000000001 9.5000000000000018 6.5000000000000009 6308.1000976562509 5.5000000000000009 1.5000000000000002 2.5000000000000004 2748.8200683593755 62501.166015625007 34731.833984375007 31521.700195312504 2.5000000000000004 22798.250000000004 4198.9501953125009 2.5000000000000004 1559.9000244140627 34.500000000000007 73747.703125000015 65003.000000000007 24833.200195312504 67982.000000000015 4795.9001464843759 15993.000000000002 3.5000000000000004 1200.8200683593752 26396.900390625004 14.500000000000002 20009.943359375004 1.5000000000000002 829.70001220703136 5915.3000488281259 6500.1000976562509 18937.467773437504 5301.5332031250009 180158.00000000003 15.500000000000002 4240.3000488281259 11523.600097656252 65997.000000000015 2491.450073242188 30.500000000000004 33.500000000000007 1.5000000000000002 17.500000000000004 56559.000000000007 70297.000000000015 102204.19921875001 1919.3000488281252 2683.099975585938
decision_type=2 2 2 2 2 2 2 2 2 2 2 2 2 2 2 2 2 2 2 2 2 2 2 2 2 2 2 2 2 2 2 2 2 2 2 2 2 2 2 2 2 2 2 2 2 2 2 2 2
left_child=1 2 7 4 5 6 19 8 23 10 42 21 32 15 20 -11 24 -18 -15 46 36 -12 -10 27 25 26 -7 -1 -29 -30 -31 -32 -5 -23 35 -2 38 40 -6 -40 -38 -13 -9 -21 -45 -26 47 -3 -49
right_child=34 3 -4 12 14 16 -8 9 22 13 11 41 -14 18 -16 -17 17 -19 -20 43 -22 33 -24 -25 45 -27 -28 28 29 30 31 -33 -34 -35 -36 -37 37 -39 39 -41 -42 -43 -44 44 -46 -47 -48 48 -50
leaf_value=0.022753374009896722 0.025708310109697801 0.019755445123932475 0.026929770208123743 0.0095507254369654633 0.012865051631881673 -0.025261143093947759 0.022466506911102427 0.047597082635118894 0.038791056587609465 0.0073765186773084865 -0.0052922359176715795 0.00032928502649182139 -0.029345001207149345 0.013566642597367196 0.035706087543616476 0.02873309761902125 -0.03533818392237973 0.050807689297752041 0.026134683500366369 -0.035395910123257018 0.025044787559580693 0.015179479231828287 -0.035662896673146316 0.031745385167460158 0.022699415055332108 -0.029026663192072737 0.044054276773729126 0.0482079503252376 0.064849418757563726 -0.018538343826578839 0.066317584162757889 -0.039233964663576121 0.053643160957999717 -0.040089596277433838 0.033691636333333677 0.011331726256043114 0.021906070674163655 -0.01083928083602315 0.017124071475802461 -0.027342413634045704 -0.044816678525757471 0.018557692489860649 0.018122330747491588 -0.034655358701510604 0.11153534641550771 -0.036921434828097163 0.05864380670358868 -0.003441378365905108 0.013852562480896714
leaf_weight=5891.9381972923875 4046.3339141532779 849.89245142042637 3936.2023585438728 1893.8630357012153 5839.695239007473 25.781495451927185 1505.698644451797 76.864616543054581 18.429629795253277 199.31036353856325 552.49303046613932 233.5171442180872 61.102971889078617 1563.8402606025338 191.24929604679346 1811.7123760133982 46.207538396120071 15.362629026174544 736.59475442022085 57.611270681023598 657.19037284702063 432.57359592616558 52.393959499895573 920.94449705630541 8813.0195671916008 65.304619617760181 57.437700212001801 42.223318792879581 14.702943399548529 155.63167382776737 24.866345323622227 12.076312221586702 37.950635820627213 24.879120960831642 982.47851361334324 428.01586908847094 1521.4456483125687 91.088760130107403 75.384870521724224 100.5985119715333 16.452962018549442 1271.1384419500828 3149.4987436458468 6.5702160447835904 7.1156868785619736 18.356560051441193 30.762203276157379 498.40719950199127 1248.7874943763018
leaf_count=11901 7492 2638 6098 5579 17473 102 3222 96 32 513 2194 836 389 3896 306 3227 192 13 1460 470 1463 1346 240 1400 19875 280 81 127 22 881 52 73 63 143 1227 1058 3824 447 204 476 78 3472 8416 59 10 125 45 1969 4256
internal_value=0.0199631 0.0192265 0.0213269 0.0173572 0.0181052 0.0200083 0.0158228 0.0200436 0.0229101 0.0180095 0.0151623 0.0104634 0.00919782 0.0218008 0.015137 0.0266165 0.0219548 -0.0138436 0.0175909 0.0121166 0.0146632 0.00261888 -0.0162886 0.0233032 0.0222003 -0.000110884 0.0225802 0.0220373 0.00512663 -0.00364923 -0.00887906 0.0318135 0.0104169 0.0121736 0.026018 0.024333 0.0137707 0.0194011 0.012246 -0.00829459 0.0211922 0.0157287 0.0188245 -0.0206635 0.0413533 0.0225755 0.013006 0.0124654 0.00891927
internal_weight=50311 44854.2 21121.8 23732.3 21739.4 13246.3 4204.85 17185.6 7133.21 10052.4 5740.96 2514.6 1992.92 4311.46 8493.11 2011.02 9041.47 61.5702 2300.44 2699.15 8301.86 1009.95 70.8236 7062.38 8979.9 148.524 83.2192 6141.44 249.501 207.277 192.574 36.9427 1931.81 457.453 5456.83 4474.35 7644.67 1628.99 6015.68 175.983 1537.9 1504.66 3226.36 71.2972 13.6859 8831.38 2627.85 2597.09 1747.19
internal_count=119841 110064 46425 63639 57608 33337 12669 40327 14728 25599 16503 7991 6031 9096 24271 3740 20668 205 5356 9447 23965 3683 272 14456 20463 463 183 13056 1155 1028 1006 125 5642 1489 9777 8550 22502 4349 18153 680 3902 4308 8512 539 69 20000 8908 8863 6225
is_linear=0
shrinkage=0.03


Tree=37
num_leaves=50
num_cat=0
split_feature=8 5 15 0 7 15 2 7 7 8 18 18 13 8 8 3 16 13 11 7 18 10 6 16 10 11 2 1 6 10 10 19 19 2 3 6 1 2 3 3 16 18 8 2 3 2 6 6 3
split_gain=236.054 212.175 206.906 184.392 128.336 131.167 137.586 125.305 240.541 140.492 181.359 119.647 109.328 108.52 163.336 102.497 98.6996 98.4036 94.371 89.8202 110.087 88.6495 88.125 87.9144 101.627 97.6982 84.8766 90.3606 81.6426 108.083 81.2531 80.0042 92.3487 79.176 77.276 76.7457 76.6375 74.9796 74.1403 100.029 72.1724 97.5417 71.1083 111.673 100.876 87.1304 77.4826 104.177 74.1257
threshold=140024.00000000003 0.34313726425170904 3.5000000000000004 1.5000000000000002 3786.099975585938 2.5000000000000004 33000.828125000007 4693.9001464843759 4943.3000488281259 41494.300781250007 4.5000000000000009 5.5000000000000009 5.5000000000000009 22962.600585937504 56559.000000000007 2584.494750976563 5.5000000000000009 13.500000000000002 1.5000000000000002 11242.100097656252 5.5000000000000009 142717.60156250003 9959.0000000000018 3.5000000000000004 29927.512695312504 3.5000000000000004 100022.50000000001 6.5000000000000009 32402.200195312504 28918.300781250004 57546.919921875007 62.500000000000007 4.5000000000000009 10966.482910156252 983.62228393554699 156387.00000000003 17.500000000000004 81775.363281250015 4388.3166503906259 3897.849975585938 8.5000000000000018 1.5000000000000002 20000.100585937504 29000.666992187504 4198.9501953125009 25530.833007812504 12000.300292968752 30000.500000000004 4148.6916503906259
decision_type=2 2 2 2 2 2 2 2 2 2 2 2 2 2 2 2 2 2 2 2 2 2 2 2 2 2 2 2 2 2 2 2 2 2 2 2 2 2 2 2 2 2 2 2 2 2 2 2 2
left_child=1 2 3 4 11 6 33 34 9 -9 15 30 -10 22 -15 -11 31 21 -4 -14 35 -8 -13 24 -7 -25 27 -23 -24 -30 -1 32 -17 -6 -5 38 -29 -22 39 -21 41 -40 44 45 -35 48 -46 -48 -44
right_child=-2 -3 18 7 5 23 17 8 12 10 -12 13 19 14 -16 16 -18 -19 -20 20 37 26 28 25 -26 -27 -28 36 29 -31 -32 -33 -34 42 -36 -37 -38 -39 40 -41 -42 -43 43 -45 46 -47 47 -49 -50
leaf_value=0.01803764963415502 0.02666831421673484 0.046004237732419108 0.047669404630856595 0.0080144623893128805 -0.039008501370416913 0.034000849617025125 0.011745373039931938 0.016070697896824325 0.028656760979354094 -0.049181135744297902 -0.0084452441114885399 -0.020514805313842237 0.020486273621722683 -0.014315810127497091 0.019797408506991486 -0.0095257278654243237 0.0051965277798873503 -0.038743781682647596 0.022584523934065424 -0.005840864175362644 -0.031002565612147901 0.037971682192450673 0.030224810750093128 0.012284821108035034 -0.013224242075533136 0.077171481942990075 -0.044404516295648441 -0.028733821018602831 -0.031605489751081718 0.039567279062699294 0.036170219355113734 -0.024145034556579983 0.028018353160279914 0.0049406491094632675 0.023252364773725644 0.021300843961782924 0.070339350346253285 0.015500453965585151 -0.042249739237252455 0.046892146927416146 0.016329126200730227 0.00089672767301863816 0.0028681374071149431 -0.019940044542231247 0.099050847031911304 0.018666685018879761 -0.0068492442177203799 0.05048391670738888 -0.022449154016805948
leaf_weight=7017.1523237451911 3605.0207010507584 254.79315267503262 137.4117938876152 313.38993483781815 40.735198646783829 445.45525398850441 2183.9669986441731 4338.3553744256496 1283.8581104800105 24.086558356881142 538.90930265933275 46.425490610301495 9027.1642275750637 338.07794667035341 201.67959354072809 66.013823240995407 671.52463675290346 32.321760572493076 7614.7534761801362 53.939460940659046 83.298031762242317 273.40382142364979 308.95605178922415 870.37360851466656 45.17040628194809 21.397647231817245 13.804636701941488 34.604346334934235 48.954632245004177 31.597888290882111 229.69530475884676 32.694073043763638 552.17094255983829 416.98652178794146 6771.5780680477619 748.41672170907259 8.8175927549600583 49.897415921092033 62.311338230967522 80.977947451174259 155.16067362576723 193.89200177043676 543.6014456152916 223.91969610005617 15.057051703333853 253.26781096309423 48.640745624899864 68.966218896210194 128.72988820821047
leaf_count=18119 5956 213 131 860 247 780 7213 12690 1861 106 2712 191 19197 1456 602 270 2394 199 15147 184 386 462 770 2264 146 12 66 147 246 66 372 171 1367 1560 12696 1569 4 121 324 146 416 717 2244 1064 10 846 232 153 736
internal_value=0.0192704 0.0187023 0.0185534 0.0176623 0.0148902 0.0114176 0.00882631 0.0191997 0.0178671 0.0130993 0.00626205 0.0172845 0.0203949 0.00742203 -0.00156946 0.0121484 0.0132655 0.0132685 0.0230292 0.0193804 0.0123888 0.013937 0.018555 0.0194533 0.029653 0.0138417 0.028414 0.0315868 0.0232117 -0.00368694 0.0186124 0.0215903 0.0240091 0.00232372 0.0225783 0.0150606 -0.00861526 -0.0135817 0.00651138 0.0258097 0.000182001 -0.00959695 0.00331461 -0.000929129 0.0121898 0.00366997 0.0349752 0.0267717 -0.00197931
internal_weight=50551.4 46946.4 46691.6 38939.4 13891.8 5669.22 4286.82 25047.6 17962.7 6223.75 1885.4 8222.54 11738.9 975.692 539.758 1346.49 1322.4 2546.92 7752.17 10455.1 1427.89 2514.6 435.934 1382.4 490.626 891.771 330.63 316.826 389.509 80.5525 7246.85 650.879 618.185 1739.9 7084.97 1294.7 43.4219 133.195 546.281 134.917 411.364 256.203 1699.17 1149.52 549.651 925.599 132.664 117.607 672.331
internal_count=119841 113885 113672 98394 40207 18385 15183 58187 44631 19710 7020 21822 24921 3331 2058 4308 4202 8091 15278 23060 3863 7892 1273 3202 926 2276 679 613 1082 312 18491 1808 1637 7092 13556 3356 151 507 1787 330 1457 1041 6845 4890 1955 3826 395 385 2980
is_linear=0
shrinkage=0.03


Tree=38
num_leaves=50
num_cat=0
split_feature=8 12 1 9 16 10 3 8 0 4 7 15 4 4 15 3 10 10 19 9 9 7 3 19 12 11 3 19 8 7 9 8 3 19 9 9 8 9 8 7 8 9 12 9 3 7 10 4 3
split_gain=224.275 186.933 158.484 146.756 125.141 124.319 133.296 116.106 119.412 110.46 109.56 103.313 97.6702 97.6242 94.4995 110.898 103.874 90.1399 100.987 88.6449 126.542 84.8085 94.3602 90.9858 83.85 83.7725 82.211 94.4579 99.62 85.5388 82.1815 80.938 110.321 80.6215 79.6208 79.3503 109.632 99.3513 80.2868 99.4689 86.826 103.86 114.237 88.4821 143.107 99.3569 78.1398 92.0269 89.2108
threshold=112799.00000000001 9.5000000000000018 8.5000000000000018 6308.1000976562509 5.5000000000000009 26757.400390625004 2720.8200683593755 75496.500000000015 1.5000000000000002 20009.943359375004 5804.3000488281259 2.5000000000000004 22798.250000000004 24833.200195312504 2.5000000000000004 3006.7373046875005 20876.500000000004 3086.200073242188 56.500000000000007 1967.7000122070315 2050.099975585938 6584.5000000000009 4006.314331054688 6.5000000000000009 34.500000000000007 2.5000000000000004 2450.915161132813 9.5000000000000018 12475.000000000002 1249.100036621094 829.70001220703136 9900.8999023437518 3550.7375488281255 42.500000000000007 3866.3000488281255 2914.900024414063 16237.000000000002 1295.100036621094 43116.201171875007 2968.900024414063 34001.000000000007 1559.9000244140627 13.500000000000002 2098.900024414063 1852.1072387695315 11119.700195312502 17545.416992187504 43200.300781250007 7642.9501953125009
decision_type=2 2 2 2 2 2 2 2 2 2 2 2 2 2 2 2 2 2 2 2 2 2 2 2 2 2 2 2 2 2 2 2 2 2 2 2 2 2 2 2 2 2 2 2 2 2 2 2 2
left_child=1 2 5 4 7 6 9 8 11 -1 30 13 -5 19 16 -16 -8 -13 -19 31 -21 22 23 -22 -10 35 29 34 -29 -25 -11 32 -3 46 -28 36 -6 -38 40 -40 41 42 -39 44 -43 -46 47 -2 -48
right_child=33 3 -4 12 25 -7 14 -9 24 10 -12 17 -14 -15 15 -17 -18 18 -20 20 21 -23 -24 26 -26 -27 27 28 -30 -31 -32 -33 -34 -35 -36 -37 37 38 39 -41 -42 43 -44 -45 45 -47 48 -49 -50
leaf_value=0.021903871688436438 0.024969966226225465 -0.02021248339915932 0.027326359145031662 0.0095023165345255716 0.016712795987515003 0.024600867339157218 0.013320233731459966 0.027405821873446094 0.020000832034218027 0.063449862589484818 0.070375341196168242 0.023412111172656774 -0.029181273008754012 -0.026996807537342606 0.01506686297836542 0.024795799366555606 -0.015925607705731506 -0.0067219190923284719 0.046468447110433062 -0.041208863521789506 -0.0085035139143426648 -0.012979622365616847 0.03016945091306155 -0.015449268006980878 -0.017946977309889822 0.033497599703993443 5.6649476632081404e-05 0.053918382652416275 -0.013376063084396005 0.023198990800537427 -0.0099596966372566126 0.021939804293974911 0.040421400365517564 0.027897841452182496 0.062155912229960003 0.016717403948953092 -0.012920197688687209 0.035190063875709603 -0.042594944741399299 0.0021604421910852451 0.023187127934161701 0.022195048675309408 -0.018521788298856402 0.010906840073361538 -0.016062056816688982 0.028167876422172004 0.01494616894506 -0.041033100251842022 -0.045816442929422288
leaf_weight=6538.3481876179576 1772.133881226182 96.867593713104725 2340.2286963686347 1947.5475374162197 1765.7463681176305 3048.5769714191556 4518.1484415456653 1229.5689416974783 8248.1789408624172 14.721578508615492 18.866072222590446 1142.7059716656804 60.569198429584503 63.434649132192135 2809.5002870708704 1688.0413805097342 112.00956173241138 184.08243682235479 38.916151493787766 48.825903154909611 259.38142058998346 156.9176114872098 185.78879114240408 57.748738311231136 52.739985547959805 193.46288669109344 38.303206086158752 21.516355514526367 247.96805173158646 479.39950367808342 202.73950784653425 765.95907137542963 37.446608230471611 2799.8342339843512 36.091214627027512 3824.822014734149 205.3559914752841 207.34180005639791 53.283693037927151 277.20603079348803 414.30213348567486 149.04795259982347 43.034537218511105 963.5567843914032 434.60536308586597 51.082248635590076 883.78851095587015 19.21824286878109 22.294982619583607
leaf_count=12727 3431 423 3385 5642 4736 5445 12495 2443 18931 20 33 2302 389 509 7838 3025 380 583 50 257 1088 775 560 232 185 306 147 36 1089 1323 1077 2257 76 4180 71 10320 797 469 277 990 1089 384 182 2892 1704 125 1957 103 106
internal_value=0.0186098 0.017915 0.0199609 0.0160987 0.0168081 0.0190513 0.0179875 0.0186205 0.0177323 0.0211756 0.00102639 0.0133739 0.00833553 0.00974377 0.0156212 0.0187184 0.0126127 0.0200074 0.00256049 0.010702 0.00631151 0.00787593 0.0103436 0.00711368 0.0197597 0.0139802 0.0117115 0.000258065 -0.00800309 0.0190439 -0.00499005 0.018173 -0.00330784 0.0243318 0.0301831 0.0135301 0.0108593 0.00716643 0.00875693 -0.00505531 0.0107741 0.00799224 0.0259581 0.00517784 -0.00351903 -0.0114102 0.0206305 0.0242619 0.0134511
internal_weight=50771.3 45274 21291.2 23982.8 21974.7 18951 15902.4 13391.8 12162.3 6774.68 236.327 3861.35 2008.12 2495.65 9127.7 4497.54 4630.16 1365.7 222.999 2432.21 1531.94 1483.11 1326.2 1140.41 8300.92 8582.85 881.027 343.879 269.484 537.148 217.461 900.273 134.314 5497.27 74.3944 8389.38 4564.56 2798.82 2593.46 330.49 2262.97 1848.67 250.376 1598.29 634.736 485.688 2697.44 1791.35 906.083
internal_count=119841 110064 46425 63639 57608 43040 37595 33337 30894 13857 1130 11778 6031 8843 23738 10863 12875 2935 633 8334 5578 5321 4546 3986 19116 24271 2898 1343 1125 1555 1097 2756 499 9777 218 23965 13645 8909 8112 1267 6845 5756 651 5105 2213 1829 5597 3534 2063
is_linear=0
shrinkage=0.03


Tree=39
num_leaves=50
num_cat=0
split_feature=8 5 11 12 1 18 8 0 19 9 19 19 10 13 11 2 8 8 9 12 19 19 19 19 4 9 19 7 9 7 7 7 6 7 10 8 8 10 7 2 9 4 1 4 2 13 9 6 9
split_gain=213.166 198.561 180.435 164.285 149.767 163.802 137.859 127.934 180.005 122.023 110.558 98.8092 96.7269 100.047 91.9976 90.0338 87.2538 80.2657 94.129 87.0837 81.8839 83.6287 78.7059 154.564 116.319 111.959 85.6638 94.7941 83.2897 82.3272 79.9123 78.495 76.8783 82.6374 75.5789 108.367 101.721 98.6055 99.5353 97.0097 87.3098 84.0863 93.3145 73.4315 71.0684 102.802 81.9923 73.8243 92.911
threshold=140024.00000000003 0.34313726425170904 1.5000000000000002 9.5000000000000018 6.5000000000000009 4.5000000000000009 17186.200195312504 1.5000000000000002 28.500000000000004 7965.3000488281259 70.500000000000014 45.500000000000007 26757.400390625004 3.5000000000000004 2.5000000000000004 68862.437500000015 161409.89843750003 99999.902343750015 6308.1000976562509 11.500000000000002 13.500000000000002 27.500000000000004 20.500000000000004 41.500000000000007 53299.000000000007 9648.1000976562518 16.500000000000004 1968.100036621094 1546.5000000000002 12463.500488281252 12299.300292968752 3093.700073242188 88568.902343750015 7917.6000976562509 1.0000000180025095e-35 55998.201171875007 5982.0000000000009 160724.62500000003 1968.100036621094 62501.166015625007 1890.9000244140627 8558.4790039062518 6.5000000000000009 1.0000000180025095e-35 30243.308593750004 10.500000000000002 1271.7000122070315 75998.101562500015 1250.100036621094
decision_type=2 2 2 2 2 2 2 2 2 2 2 2 2 2 2 2 2 2 2 2 2 2 2 2 2 2 2 2 2 2 2 2 2 2 2 2 2 2 2 2 2 2 2 2 2 2 2 2 2
left_child=1 2 -1 4 5 12 -7 8 17 16 14 32 13 -4 15 22 -2 18 34 -19 -20 -22 26 25 -25 29 27 -9 -28 -24 -30 -21 -8 -34 41 36 -36 38 40 -37 -38 -5 -43 -12 45 46 -13 48 -46
right_child=9 -3 3 7 -6 6 11 10 -10 -11 43 44 -14 -15 -16 -17 -18 19 20 31 21 -23 23 24 -26 -27 28 -29 30 -31 -32 -33 33 -35 35 39 37 -39 -40 -41 -42 42 -44 -45 47 -47 -48 -49 -50
leaf_value=0.036330959143667588 0.015127653019180192 0.04380502659253363 0.026822380862756109 -0.016667157437186293 0.024228528142017442 0.021897183926149248 0.0023004616303629881 -0.015075905263564022 0.0046060902090661179 0.027031065892796823 0.037446960936405489 -0.048721325905596406 0.025623162916127925 0.01748690387500754 0.033473459654537054 0.023943059648766946 -0.025872656858623971 0.028474748595600837 0.010742544007183302 0.033860305046204436 -0.032115588415395857 0.055313045401796969 0.011233739216653903 0.018526317010697763 -0.037710867002858695 -0.034554047788629028 0.0058192609463259297 0.017376000396344328 0.029357494059898282 -0.018219741486571159 -0.041236799219507417 -0.040137051450177756 0.031487976815224111 -0.0022208452551094483 0.053321393224944981 0.031271226907816155 0.031964936255830176 0.031104517967897358 -0.0046504694084275964 -0.044211169929923577 -0.0048667943983229257 0.016585390116087104 0.038428227046538074 -0.027948384436483495 0.051790384794975865 -0.020539353102348706 0.025546304583558648 0.020326581328535195 0.00081686212787881703
leaf_weight=443.97451128065586 386.81291891634464 255.68736931681633 1154.7147250622511 64.81868202239275 4040.341480076313 1198.507628172636 1471.5325835421681 82.264714755117893 2045.8530014231801 3186.4631310775876 19.269185125827789 13.618635088205336 2013.3150284066796 9815.777645714581 302.1987629160285 1440.5406695455313 53.131153374910355 578.26215244829655 146.50919839739799 21.148515246808529 99.52665638178587 10.927840799093245 4055.8660273775458 4411.7466849014163 33.351731404662132 49.986885316669941 168.52796241641045 5315.313145801425 1107.6143541187048 87.248076699674129 14.622193105518816 33.086685098707676 181.7421929910779 102.29391278326511 37.952981673181057 241.88482212275267 146.10667443275452 104.80440294742584 782.11148311197758 16.360240526497364 95.973114237189293 3061.7496181353927 186.76187411695719 78.043883413076401 33.985675610601902 49.073018290102482 759.62451931089163 371.82001075148582 606.57992293685675
leaf_count=632 775 213 1673 298 6268 2707 5092 287 7422 5009 38 60 3440 22836 408 2800 172 1180 485 57 491 21 11333 9795 216 223 453 12981 2172 388 80 189 314 309 60 535 335 228 3035 80 363 8725 419 376 71 221 1613 765 2198
internal_value=0.0179763 0.0174394 0.0172963 0.0171151 0.0190149 0.0178297 0.0130873 0.0154469 0.0122268 0.0249863 0.0168864 0.0101464 0.0195788 0.0184695 0.0170682 0.0167725 0.0101761 0.0149971 0.0137222 0.0250657 -0.00396174 -0.0234658 0.0160985 0.0142068 0.0181044 0.010075 0.0185417 0.0168814 0.0254845 0.0106135 0.0284377 -0.0112825 0.0050586 0.0193479 0.0146812 0.0089043 0.00501275 0.00338878 0.000552654 0.0264893 0.0173629 0.0171661 0.0178412 -0.0149993 0.0150148 0.0215661 0.0242383 0.00969339 0.0035213
internal_weight=50979.4 47353 47097.3 46653.4 21812.9 17772.6 4788.78 24840.4 7673.84 3626.41 17166.6 3590.27 12983.8 10970.5 17069.3 16767.1 439.944 5627.98 4995.49 632.497 256.964 110.454 15326.5 8638.2 4445.1 4193.1 6688.34 5397.58 1290.76 4143.11 1122.24 54.2352 1755.57 284.036 4738.52 1425.19 1166.95 1129 1024.19 258.245 242.08 3313.33 3248.51 97.3131 1834.7 822.316 773.243 1012.39 640.566
internal_count=119841 113885 113672 113040 47567 41299 13350 65473 23923 5956 41550 10643 27949 24509 41136 40728 947 16501 15075 1426 997 512 37928 21955 10011 11944 15973 13268 2705 11721 2252 246 5715 623 14078 4636 4021 3961 3733 615 698 9442 9144 414 4928 1894 1673 3034 2269
is_linear=0
shrinkage=0.03


Tree=40
num_leaves=50
num_cat=0
split_feature=13 5 4 3 6 2 9 0 10 7 3 2 6 10 9 9 15 3 10 1 13 2 3 3 16 10 2 6 2 4 15 2 12 4 12 9 16 9 3 6 10 9 3 3 2 3 4 6 12
split_gain=245.402 191.615 171.044 115.995 174.472 117.808 107.752 107.531 87.7183 143.846 86.865 157.814 124.74 110.75 88.6824 98.1268 85.8821 162.453 113.865 107.056 99.0728 92.3699 92.3318 83.5901 85.7354 81.4017 80.2322 78.4952 75.9846 75.9432 97.2755 75.8233 71.5531 89.0705 70.2569 69.6028 84.7794 68.1307 84.1675 67.4782 66.8007 66.2402 66.4739 65.4721 65.422 87.9054 115.655 106.424 78.185
threshold=5.5000000000000009 0.34313726425170904 9974.9858398437518 3002.6901855468755 156387.00000000003 29436.166992187504 1236.3000488281252 1.5000000000000002 1739.1530761718752 1052.799987792969 1444.6500244140627 11184.216308593752 19998.200195312504 1999.9000244140627 916.10000610351574 2294.900024414063 2.5000000000000004 3006.7373046875005 53788.640625000007 17.500000000000004 8.5000000000000018 22009.589843750004 5106.8801269531259 5956.5666503906259 1.5000000000000002 58302.400390625007 55542.699218750007 15305.399902343752 109868.94921875001 19.818000793457035 2.5000000000000004 7105.8332519531259 12.500000000000002 80.029003143310561 13.500000000000002 1416.7000122070315 11.500000000000002 3777.099975585938 7036.2397460937509 30000.500000000004 2645.900024414063 8908.2001953125018 3513.911743164063 1592.4334106445315 72639.535156250015 4028.605590820313 2.0160000324249272 59980.599609375007 27.500000000000004
decision_type=2 2 2 2 2 2 2 2 2 2 2 2 2 2 2 2 2 2 2 2 2 2 2 2 2 2 2 2 2 2 2 2 2 2 2 2 2 2 2 2 2 2 2 2 2 2 2 2 2
left_child=-1 2 3 5 16 7 -7 10 9 28 -2 13 -13 27 -14 32 21 20 22 25 -18 39 34 44 -25 -20 -6 31 -8 30 -17 -12 43 -34 -19 36 -22 -27 -39 -5 -10 42 -36 -16 45 47 -47 -23 -48
right_child=1 -3 -4 4 26 6 8 -9 40 -11 11 12 14 -15 15 29 17 18 19 -21 35 23 -24 24 -26 37 -28 -29 -30 -31 -32 -33 33 -35 41 -37 -38 38 -40 -41 -42 -43 -44 -45 -46 46 48 -49 -50
leaf_value=0.022981974955945936 0.020196607979455741 0.043161111957084761 0.0086848396651166386 0.0070984351476258856 0.010000080025419881 0.0067661980478474163 -0.018473401423277157 0.020336224987844959 -0.051418071536917617 0.029140537048241887 -0.013716792083634915 0.022898954933622356 0.038350353853904937 -0.036962921676105147 -0.032912505789263032 -0.034776749573368897 0.014268806408825545 0.027073984074262904 -0.050381767948479962 -0.037578755063328431 -0.0014379169771396897 0.01177642539894372 0.014598847647043622 0.027627919324873781 0.0016662649888266169 0.00058052463641436913 0.024554243232204249 -0.032214639221402531 0.07327427386107728 0.01564767141603542 0.029147052046703432 0.011620349853808424 0.049766620802354868 -0.038959825826478854 -0.01014089183246962 -0.0088521862115045324 0.083888340144304935 0.023042516396182496 -0.046496515878193811 -0.016062288829983225 0.019881992083853266 -0.049692559210310919 0.023784373841665055 0.0067774904767329176 0.024941536859896009 -0.026262500541812919 0.0096850446362874761 0.019381754961256548 0.039949007582858277
leaf_weight=6319.2588720247149 1872.2726668864489 244.32676702737808 2373.324193239212 575.61721134185791 394.73858022689819 353.87435047328472 81.660827800631523 5605.4272212386131 11.892033934593199 2416.990852303803 133.73045748472214 1235.2269160225987 106.40148428082466 66.22599371522665 39.403917253017426 60.340601272881031 5243.8773904442787 2670.2389526963234 17.808833822607994 39.779259711503983 26.878315135836601 3124.9499198496342 901.1106079518795 132.70976927876472 833.51039440184832 217.51670065522194 2499.0080800205469 51.025602526962757 9.0216933786869031 1786.065976805985 33.220538929104805 518.22001454234123 12.031843438744543 66.263040222227573 70.724322214722633 268.49684309214354 17.178059205412865 474.90098777413368 16.1993268430233 140.93380965292454 2134.8550665527582 15.149934932589529 196.14446258544922 737.5855859592557 509.78706876933575 79.020612567663193 2718.5772173628211 3522.6343033090234 79.061322495341301
leaf_count=10498 4327 202 8699 2201 887 865 315 10432 50 4018 482 2792 195 294 160 285 14887 4443 75 151 105 10027 2080 357 3030 561 4172 248 8 4617 56 1448 37 389 227 1181 25 822 74 627 4088 65 398 2142 964 317 7617 7390 134
internal_value=0.017448 0.0166663 0.0165208 0.0169624 0.0156459 0.0188451 0.0227249 0.0172683 0.0239382 0.0277488 0.0147085 0.0125881 0.0149398 0.000124632 0.0114797 0.0104343 0.0147308 0.016747 0.0209041 0.0103417 0.0132908 0.0129797 0.0230044 0.0136596 0.00523208 0.0129659 0.0225689 0.00361858 -0.00934574 0.0142675 -0.0120795 0.0064231 0.00201019 -0.0253249 0.02557 -0.00311753 0.0318317 0.0145579 0.0207487 0.0025431 0.019487 0.0113295 0.0147937 0.00476467 0.0144711 0.0139106 0.00952935 0.0158066 0.0105403
internal_weight=51055.2 44735.9 44491.6 42118.3 24786.6 17331.7 5008.29 12323.4 4654.42 2507.67 6718.01 4845.74 4076.54 769.202 2841.31 2734.91 21892.8 10176 4619.57 766.205 5556.43 11716.8 3853.37 11000.3 966.22 726.426 2893.75 702.976 90.6825 1879.63 93.5611 651.95 855.284 78.2949 2952.26 312.553 44.0564 708.617 491.1 716.551 2146.75 282.019 266.869 776.99 10034 9524.24 2876.66 6647.58 2797.64
internal_count=119464 108966 108764 100065 62817 37248 9344 27904 8479 4341 17472 13145 10673 2472 7881 7686 57758 25094 8896 1683 16198 32664 7213 29836 3387 1532 5059 2178 323 4958 341 1930 2728 426 5133 1311 130 1457 896 2828 4138 690 625 2302 26449 25485 8068 17417 7751
is_linear=0
shrinkage=0.03


Tree=41
num_leaves=50
num_cat=0
split_feature=13 5 15 0 15 12 4 6 7 7 3 7 3 9 13 3 2 10 2 2 4 16 6 9 18 13 6 2 6 3 18 3 2 6 12 18 16 9 7 2 2 10 3 6 10 7 4 4 12
split_gain=235.686 169.963 173.304 227.39 127.852 104.245 108.82 103.572 121.562 109.428 100.503 99.2296 98.9983 98.3594 94.9518 94.5173 135.404 118.3 97.9427 109.962 91.9757 91.6263 92.9295 91.2442 94.5728 90.8236 85.2734 92.7097 84.7713 117.842 82.8848 82.6177 98.7919 78.2739 78.0628 113.416 99.6808 73.7756 73.6478 141.808 87.6472 84.5324 83.495 79.7976 104.877 72.7912 69.8262 70.1592 72.0441
threshold=4.5000000000000009 0.34313726425170904 2.5000000000000004 1.5000000000000002 1.5000000000000002 16.500000000000004 12782.000000000002 156387.00000000003 4759.3000488281259 4834.7001953125009 1.0000000180025095e-35 852.20001220703136 10465.500488281252 956.70001220703136 8.5000000000000018 3341.900024414063 39998.027343750007 86820.890625000015 31111.534179687504 49738.376953125007 9974.9858398437518 1.5000000000000002 16397.400390625004 1648.3000488281252 2.5000000000000004 9.5000000000000018 107296.50000000001 64700.519531250007 12000.300292968752 4198.9501953125009 1.5000000000000002 3897.849975585938 66974.398437500015 19877.000000000004 9.5000000000000018 2.5000000000000004 8.5000000000000018 1271.7000122070315 2777.099975585938 9986.2500000000018 23916.333007812504 13223.200195312502 1.0000000180025095e-35 26001.000000000004 49636.152343750007 6243.7001953125009 58.086002349853523 62.189002990722663 9.5000000000000018
decision_type=2 2 2 2 2 2 2 2 2 2 2 2 2 2 2 2 2 2 2 2 2 2 2 2 2 2 2 2 2 2 2 2 2 2 2 2 2 2 2 2 2 2 2 2 2 2 2 2 2
left_child=-1 2 3 5 12 6 15 8 10 14 23 -7 20 -13 -10 18 17 28 38 -20 31 -6 -23 -4 -25 -18 27 33 29 -17 -16 37 -33 -11 35 36 -8 -5 40 -40 41 -2 -42 -43 -45 -29 -41 -48 -49
right_child=1 -3 7 4 21 11 34 -9 9 26 -12 13 -14 -15 30 16 25 -19 19 -21 -22 22 -24 24 -26 -27 -28 45 -30 -31 -32 32 -34 -35 -36 -37 -38 -39 39 46 42 43 -44 44 -46 -47 47 48 -50
leaf_value=0.023790123270959081 0.015179499880168435 0.041130073395992769 0.029651272522291758 0.011668234960731447 0.022784486661475287 0.075783785515386018 0.043554200026937259 0.026179865507813448 0.014069770405133212 -0.026077985906927805 0.021984917304987642 0.056361682925390656 -0.019500847963785577 -0.0094848651230752812 -0.033349103825234511 -0.0013882491457117231 0.014657547181555789 0.047231375494950552 0.024922193193597821 -0.00096858879898227242 0.010055920927517696 -0.049841466344541258 0.010628670115767852 0.012256115495337793 -0.035289753024485122 -0.017358453366427239 0.012152668007177443 0.022338372597846084 -0.0040608025620530357 0.081444929558533302 0.0048810668457365206 0.011475782158796665 0.021524623583002986 0.023953329670548085 -0.012260903062504259 -0.0079424835724082165 -0.0051553134396670674 0.021348157499001093 -0.029351981552748162 -0.011414533005201611 0.059208163076069374 0.037704921989431518 -0.0035546132260840372 -0.023261618735663309 0.051530884284694649 -0.0030455541099149146 0.082857920487536124 0.016748829955852942 0.0046691978477907126
leaf_weight=4071.8755456581712 2727.0870992466807 246.16588750481606 69.996478773653507 774.04732489585876 615.07012909650803 13.797276102006434 109.87190629541874 1438.1320953965187 5627.5550326481462 28.409070014953613 5713.4262636378407 21.552641592919827 62.713231056928635 387.49020718038082 63.704845622181892 39.105651937425137 1751.0508805066347 45.846101865172386 1201.5425188839436 168.31911654770374 1126.8134736195207 23.023538738489151 3487.3592539280653 74.410296253859997 76.217776469886303 83.550656251609325 1121.5613126009703 183.94661422073841 1026.2058008164167 25.560725383460522 256.71631966531277 2346.6664526388049 1409.2941178828478 3008.9331613406539 275.41380820423365 170.94640766829252 57.652416549623013 8382.9567671045661 86.584524437785149 129.07668740302324 20.380742505192757 289.18975256383419 298.09981402754784 48.345238581299782 25.92026461660862 227.3177273273468 12.291882514953612 923.75361235439777 856.24113420397043
leaf_count=6265 7041 209 149 1707 1380 27 249 2126 15680 116 10452 50 264 1922 310 154 4939 74 2569 485 3562 99 9607 216 379 372 2316 322 4321 25 1020 5817 2563 5406 1721 932 237 15746 421 500 27 455 939 193 26 645 3 2349 3077
internal_value=0.0168653 0.0162674 0.0161369 0.0147054 0.0167489 0.0112547 0.01185 0.0184594 0.0177845 0.0158475 0.0212177 -0.00334628 0.0181078 -0.00601538 0.0131653 0.0126207 0.00815848 2.25723e-05 0.0145743 0.0217409 0.0182758 0.0121035 0.0102321 0.00134962 -0.0118021 0.0131995 0.0193384 0.0216754 -0.00196147 0.0313533 -0.0027197 0.0189931 0.0152463 0.0234854 -0.000401369 0.00924874 0.0267911 0.0205299 0.012762 0.00820412 0.0154466 0.0169908 0.000461808 0.0305814 0.00284258 0.00830794 0.00989656 0.0114313 0.0109381
internal_weight=51231.2 47159.3 46913.1 29022.8 18227.9 10794.9 10372 17890.3 16452.2 10518.1 5934.05 422.84 14102.5 409.043 5947.98 9758.15 2971.32 1136.72 6786.83 1369.86 14039.8 4125.45 3510.38 220.625 150.628 1834.6 4570.17 3448.61 1090.87 64.6664 320.421 12913 3755.96 3037.34 613.885 338.471 167.524 9157 5416.97 2007.95 3409.02 3090.54 318.481 363.455 74.2655 411.264 1921.36 1792.29 1779.99
internal_count=119464 113199 112990 73853 40745 33108 31109 39137 37011 25815 11196 1999 29659 1972 17010 27970 9885 4574 18085 3054 29395 11086 9706 744 595 5311 8805 6489 4500 179 1330 25833 8380 5522 3139 1418 486 17453 15031 6350 8681 7715 966 674 219 967 5929 5429 5426
is_linear=0
shrinkage=0.03


Tree=42
num_leaves=50
num_cat=0
split_feature=13 5 15 0 11 8 15 8 9 3 7 12 9 2 3 16 3 7 7 3 7 7 9 4 8 3 16 8 7 8 9 2 2 12 8 7 2 7 9 7 4 8 8 9 3 2 4 3 9
split_gain=223.417 160.743 162.142 213.241 132.752 121.702 120.047 107.992 158.108 119.245 107.223 133.97 100.379 100.368 121.409 118.1 92.8952 88.1109 92.9869 87.2454 104.505 185.312 90.5354 86.3606 85.6169 88.0317 85.2231 82.1246 167.711 82.8883 96.4937 80.6334 79.4329 80.4382 86.4002 86.94 85.6668 102.972 80.6318 79.1825 78.9964 77.3889 109.847 102.109 77.265 92.5934 77.1633 79.5066 104.338
threshold=4.5000000000000009 0.34313726425170904 2.5000000000000004 1.5000000000000002 1.5000000000000002 159995.00000000003 1.5000000000000002 84000.101562500015 6905.5000000000009 13956.250488281252 3786.099975585938 9.5000000000000018 9245.8002929687518 38636.333984375007 4978.1000976562509 11.500000000000002 10465.500488281252 2858.3000488281255 2939.3000488281255 1.0000000180025095e-35 4472.7001953125009 4834.7001953125009 12865.200195312502 9974.9858398437518 135545.80468750003 4938.2336425781259 1.5000000000000002 41494.300781250007 5508.3000488281259 57979.000000000007 2239.700073242188 31326.583007812504 11184.216308593752 11.500000000000002 17818.100585937504 9261.7001953125018 12050.125000000002 4590.8000488281259 4240.3000488281259 15704.500488281252 24597.000000000004 45601.000000000007 30000.500000000004 4631.7001953125009 3897.849975585938 66974.398437500015 611.90701293945324 2847.662475585938 6174.7001953125009
decision_type=2 2 2 2 2 2 2 2 2 2 2 2 2 2 2 2 2 2 2 2 2 2 2 2 2 2 2 2 2 2 2 2 2 2 2 2 2 2 2 2 2 2 2 2 2 2 2 2 2
left_child=-1 2 3 7 -4 19 16 8 10 -10 11 -2 -7 14 32 46 23 -13 -19 -6 -21 22 -22 44 25 -25 -8 -28 29 30 -29 -30 -12 36 40 -36 -34 38 -38 -9 -35 42 -20 -43 -5 -46 -15 -48 -49
right_child=1 -3 4 6 5 12 26 39 9 -11 13 17 -14 15 -16 -17 -18 18 41 20 21 -23 -24 24 -26 -27 27 28 31 -31 -32 -33 33 34 35 -37 37 -39 -40 -41 -42 43 -44 -45 45 -47 47 48 -50
leaf_value=0.023046157142467816 0.017031805586161991 0.039910698253302117 0.038425172898390064 0.01984791816856904 -0.0024980667848632319 0.0026865830174613047 0.021968384696087188 0.017694494566769872 -0.018704232883238088 0.1036590693972831 -0.038498252729180726 0.010969407569424815 0.033110826273319599 -0.028995115252496997 -0.026603464335384186 -0.019128955053122565 -0.019053058591762834 -0.041816603002080385 0.002458597536596992 0.02079555889180025 0.012257955906520006 0.019624091453359738 -0.044713244000578578 0.0086261992449577132 0.030402628250957759 -0.030472527187408307 0.013578298580605885 -0.041570686061899349 -0.024553120605397022 -0.015593971639815863 0.0129660560625703 0.016722590549501586 0.047393444220479683 0.0072102205266943789 -0.026570273980593296 0.039119255967294951 -0.012414702589737189 0.012541630433234049 0.016421155168106567 -0.042516806060360894 0.11153546791122085 0.035273240154717521 -0.034567075165325513 -0.01808249665415387 0.011100355493145369 0.020814585193912983 0.04009346077599401 0.014298359347247878 -0.041544879654690094
leaf_weight=4077.138129003346 2927.9584611207247 246.07714104652405 277.67549869418144 9187.0186836868525 204.59122756868601 113.44156508147717 618.72459165006876 2016.1903575137258 227.39316504448652 7.401024878025054 40.066521272063255 1729.5791989639401 698.85795092582703 36.811031714081764 132.87543802708387 105.05334790050983 62.268333405256271 48.853161409497261 349.75859709829092 5088.2829251363873 6042.3634826987982 5501.4248515591025 25.209163799881935 920.49861255288124 155.37252128124237 54.919144436717033 2138.9060766175389 33.389469914138317 45.442761346697807 390.33045019209385 232.63592956215143 679.95129925757647 46.545341864228249 69.802033089101315 187.78081241250038 20.071188524365425 350.28942576795816 790.79198779165745 116.23267214000225 19.850461468100548 7.2068177312612525 109.03593596071005 90.845851853489876 45.857081189751625 2353.1515288501978 1413.5804116278887 105.03641425818205 1216.2995152026415 30.876721598207951
leaf_count=6265 7163 209 322 17453 728 247 1380 4883 1043 7 247 5514 843 166 772 429 264 257 1351 9391 17233 10252 121 3034 222 306 5622 190 173 1571 747 1403 93 321 1153 67 1425 2640 366 108 22 296 491 210 5817 2563 222 3698 164
internal_value=0.0163078 0.0157272 0.0156007 0.0142181 0.0178431 0.0175198 0.0161938 0.0108817 0.00943998 -0.0148472 0.0101063 0.0127378 0.0288619 0.00582106 0.000970191 0.0115407 0.0175086 0.0074417 -0.00202746 0.0169734 0.0172125 0.0156366 0.0120213 0.0176703 0.00971941 0.00642482 0.0117002 0.00989561 0.00419492 -0.00679274 0.00612102 0.0141368 0.00321963 0.00427173 -0.0101703 -0.020227 0.00742695 0.00594741 -0.00523033 0.0171075 0.0169734 0.00123675 -0.00517553 0.0194769 0.0183643 0.0147459 0.0138603 0.0150269 0.0129158
internal_weight=51389.7 47312.6 47066.5 29114.7 17951.8 17674.2 18286.2 10828.5 8792.42 234.794 8557.63 5301.89 812.3 3255.74 1761.66 1494.08 14146.8 2373.93 644.351 16861.9 16657.3 11569 6067.57 14084.5 1130.79 975.418 4139.38 3520.66 1381.75 656.356 266.025 725.394 1628.79 1588.72 284.861 207.852 1303.86 1257.31 466.522 2036.04 77.0089 595.497 440.604 154.893 12953.8 3766.73 1389.02 1352.21 1247.18
internal_count=119464 113199 112990 73853 39137 38815 40745 33108 28117 1050 27067 15282 1090 11785 7106 4679 29659 8119 2605 37725 36997 27606 17354 29395 3562 3340 11086 9706 4084 2508 937 1576 6334 6087 1563 1220 4524 4431 1791 4991 343 2348 1842 506 25833 8380 4250 4084 3862
is_linear=0
shrinkage=0.03


Tree=43
num_leaves=50
num_cat=0
split_feature=13 5 4 8 3 1 15 3 8 13 19 12 18 3 12 19 2 8 18 6 19 1 8 15 2 6 19 19 16 8 8 2 6 3 2 19 0 19 2 16 12 12 12 12 3 6 6 3 8
split_gain=214.234 162.684 147.518 108.597 146.282 107.433 142.328 164.156 158.685 156.886 102.999 97.9579 87.3557 99.9911 111.335 113.345 90.068 91.3343 85.8314 125.904 90.6674 88.3373 83.6684 80.5514 78.4401 87.7143 78.1665 75.7469 77.0726 72.112 71.9581 64.9762 64.8125 67.388 95.643 71.2823 84.1875 70.7981 68.6784 64.1628 62.8959 61.7434 61.1104 61.0396 59.9945 59.9505 59.8976 94.4212 81.4744
threshold=5.5000000000000009 0.34313726425170904 9974.9858398437518 75496.500000000015 2975.3857421875005 6.5000000000000009 2.5000000000000004 3006.7373046875005 17818.100585937504 10.500000000000002 42.500000000000007 10.500000000000002 4.5000000000000009 4051.8332519531255 9.5000000000000018 29.500000000000004 39726.658203125007 57183.000000000007 2.5000000000000004 156387.00000000003 11.500000000000002 5.5000000000000009 41494.300781250007 2.5000000000000004 78961.402343750015 140009.89843750003 68.500000000000014 1.5000000000000002 11.500000000000002 81496.402343750015 119036.90234375001 58723.042968750007 51006.000000000007 3094.262084960938 24000.132812500004 21.500000000000004 2.5000000000000004 9.5000000000000018 45865.880859375007 11.500000000000002 10.500000000000002 16.500000000000004 19.500000000000004 11.500000000000002 4122.8400878906259 14354.300292968752 100002.00000000001 3897.849975585938 19998.200195312504
decision_type=2 2 2 2 2 2 2 2 2 2 2 2 2 2 2 2 2 2 2 2 2 2 2 2 2 2 2 2 2 2 2 2 2 2 2 2 2 2 2 2 2 2 2 2 2 2 2 2 2
left_child=29 2 3 4 11 6 8 22 9 -6 -5 -2 13 14 15 -10 17 -14 20 -20 23 -22 -8 -4 46 -26 39 -24 43 -1 41 -13 -7 35 -35 -34 -37 -36 -38 -12 -16 -28 -42 -29 -15 -17 -9 -48 -49
right_child=1 -3 18 10 5 32 7 24 12 -11 26 31 16 44 40 45 -18 -19 19 -21 21 -23 27 -25 25 -27 30 28 -30 -31 -32 -33 33 34 37 36 38 -39 -40 -41 42 -43 -44 -45 -46 -47 47 48 -50
leaf_value=0.019247258628927229 0.018920598734695312 0.039473928656745816 -0.032722178205398536 0.015427111599581156 0.017326471740692531 -0.0012111282381443514 0.013125619938189736 0.02394864652145549 -0.016993741263324542 -0.034374558244449627 0.024394578402579904 0.014244775994757729 -0.0043911783374900619 -0.033183623948219512 -0.0064203355441349837 -0.042772756972170679 0.0073134984383643412 -0.038590883713321728 -0.0010606165425225925 0.025074227224927553 0.024481805802077834 0.005906605736686955 -0.041759372450899945 0.028028099140758593 -0.0084757077258492079 0.020393267621573421 -0.043819881212886387 0.0084268371729605968 -0.026216391695543326 0.026995808924614034 0.01957566256792579 -0.018734158354512542 0.046530248270238876 -0.046502202684213879 0.0036467878694463381 0.030681996306283404 -0.036891208865446813 0.018145752235642881 0.027725699719769435 0.014824635280526549 0.010949776653456075 0.028003874747059124 -0.042440744612667197 -0.039415622076501892 0.0026649762794463631 0.021143684860934563 -0.038211677715199177 -0.051930444645538344 0.022691407221454102
leaf_weight=4965.6640105396509 8233.3309189975262 244.0833225697279 64.421958692371845 5358.1247313246131 1818.6815099269152 170.22360070049763 3705.3053397834301 2083.2944314777851 77.935290068387985 54.403628841042519 3169.0234676152468 6304.5101939290762 648.74151034653187 43.432751640677452 318.70153969526291 13.363266974687575 643.13068647682667 78.818638846278191 1158.1975027769804 193.63516735285521 563.25242687016726 389.93916317075491 32.304006665945053 28.260763637721539 167.94717641174793 217.25098899006844 43.642358034849167 903.99807825684547 66.757493019104004 1381.7470340281725 66.91186748445034 54.230462208390236 142.62609755992889 21.579494446516037 333.11049611121416 162.8501889705658 36.330137431621552 3364.7035187184811 24.984192669391632 787.14939038455486 720.3906322568655 14.302118256688116 19.825282268226147 24.655478976666927 1287.629560559988 1130.6778857633471 34.711304411292076 14.422940269112585 151.38643483817577
leaf_count=8779 16017 202 352 12185 4685 520 10200 3809 300 252 5268 15442 2877 187 1179 66 1973 500 5073 419 1605 1189 165 61 502 392 220 2947 312 1719 135 188 162 101 878 239 136 6698 34 1710 2266 32 106 147 4187 2611 126 60 251
internal_value=0.0157731 0.0150482 0.0149155 0.0153235 0.0145142 0.0127438 0.0114952 0.0143799 0.0083807 0.0158248 0.0181621 0.0167605 0.0055823 0.0080293 0.0118424 0.0180124 -0.000865903 -0.00809613 0.00767549 0.00268291 0.0141286 0.0168829 0.011025 -0.0141982 0.0203292 0.00780634 0.0217529 0.00345125 0.00491846 0.020934 -0.00161821 0.0139635 0.0169264 0.017682 0.0164721 0.0299502 0.019401 0.0168396 -0.0105613 0.0224905 0.00472232 -0.026092 0.00951981 0.00715663 0.00149523 0.0203971 0.0224413 0.00678137 0.0162004
internal_weight=51534.6 45187.2 44943.1 42545.4 33106.2 18514.2 14257.8 7402.03 6855.73 1873.09 9439.15 14592.1 4982.65 3611.96 2280.89 1221.98 1370.69 727.56 2397.71 1351.83 1045.87 953.192 4733.02 92.6827 2669.01 385.198 4081.03 1027.72 995.411 6347.41 124.856 6358.74 4256.41 4086.18 3719.39 366.791 224.165 3697.81 61.3143 3956.17 1058.92 57.9445 740.216 928.654 1331.06 1144.04 2283.82 200.521 165.809
internal_count=119464 108966 108764 100065 80515 48868 40100 18911 21189 4937 19550 31647 16252 10902 6528 2977 5350 3377 8699 5492 3207 2794 13771 413 5140 894 7365 3571 3406 10498 387 15630 8768 8248 7677 571 409 7576 170 6978 3551 252 2372 3094 4374 2677 4246 437 311
is_linear=0
shrinkage=0.03


Tree=44
num_leaves=50
num_cat=0
split_feature=13 5 6 4 3 2 18 2 12 9 16 1 18 13 3 6 2 13 9 2 7 4 6 10 18 7 2 1 3 7 12 13 1 2 13 9 9 3 2 6 2 2 3 6 10 7 12 9 9
split_gain=204.02 144.984 138.801 159.737 154.968 119.85 119.757 103.095 107.435 96.3215 83.8788 94.1205 79.9213 81.2283 81.1878 79.4777 78.8766 105.125 94.9227 77.4752 107.471 79.9565 72.215 94.2949 79.0036 86.7191 76.434 69.0407 67.6055 77.2403 66.792 114.434 74.2889 72.5213 65.8422 65.6447 68.7068 149.195 80.4168 78.3075 79.4056 66.6489 81.658 77.5688 64.9361 164.603 67.8568 64.6218 63.9145
threshold=4.5000000000000009 0.13809524476528171 156387.00000000003 9974.9858398437518 3002.6901855468755 55061.320312500007 2.5000000000000004 29436.166992187504 9.5000000000000018 1202.100036621094 10.500000000000002 14.500000000000002 3.5000000000000004 13.500000000000002 3875.910034179688 19877.000000000004 20769.615234375004 8.5000000000000018 11459.500488281252 39726.658203125007 8929.8002929687518 62.189002990722663 111960.40234375001 102227.00000000001 4.5000000000000009 10192.899902343752 70504.882812500015 9.5000000000000018 3358.7224121093755 3570.099975585938 11.500000000000002 6.5000000000000009 16.500000000000004 36834.945312500007 7.5000000000000009 6122.4001464843759 1648.3000488281252 4028.605590820313 33237.312500000007 58000.099609375007 14490.500000000002 36834.945312500007 7642.9501953125009 12000.300292968752 1739.1530761718752 1052.799987792969 28.500000000000004 5982.6000976562509 2960.3000488281255
decision_type=2 2 2 2 2 2 2 2 2 2 2 2 2 2 2 2 2 2 2 2 2 2 2 2 2 2 2 2 2 2 2 2 2 2 2 2 2 2 2 2 2 2 2 2 2 2 2 2 2
left_child=-1 2 3 4 7 -4 15 8 -2 34 -10 27 -6 19 -15 -5 17 -17 -18 30 28 -22 23 24 26 -26 -23 -12 -21 -30 32 33 35 48 -9 36 38 39 -14 40 -38 43 -43 -39 45 -11 -46 -41 -32
right_child=1 -3 5 6 12 -7 -8 9 10 44 11 -13 13 14 -16 16 18 -19 -20 20 21 22 -24 -25 25 -27 -28 -29 29 -31 31 -33 -34 -35 -36 -37 37 41 -40 47 -42 42 -44 -45 46 -47 -48 -49 -50
leaf_value=0.021693532019895455 0.018034453327771632 0.035154679831348908 0.0076330419688631634 0.042245001003156819 0.014390285246626479 0.022601893229682007 0.00013459216124435917 0.0076038996843564265 0.013590230947155503 -0.015372841033889077 -4.5947672761413472e-05 0.029332506124721353 0.0166317139516803 0.0033205478192408233 -0.043957609114793704 -0.028744845046557291 0.016387672012163998 0.042458985149809197 -0.047057509607722488 0.026992088165197835 -0.046916255268734046 0.032325421299555721 -0.003905671448377192 0.05608857808927252 -0.045039507464691 0.0072401096158102628 -0.044494552107376698 -0.038437055571318761 -0.046162352066252459 0.015495259019384779 -0.018659145915865677 0.026042109513244777 0.045742883749298635 -0.044896028520156478 -0.049946205791918309 0.017759052132365106 -0.020276296086648212 0.054898993650576357 -0.016533877328749835 0.0061408465753327122 0.020800477569276707 -0.0048690383214556199 0.080176201174379735 -0.026667753164073271 0.016546936881224331 0.025879966916088303 0.047791392481139942 -0.042830323449371342 0.0060780366871347469
leaf_weight=4083.3951354548335 6237.1736599802971 310.02369253337383 572.14182219654322 82.534365795552731 13540.810806080699 3035.1299642696977 1250.7961198091507 295.3730544000864 6274.8983548358083 90.163905471563339 429.32720276713371 91.986127302050591 1083.1820612102747 111.62963792681694 46.226962581276894 82.857068911194801 794.28474770486355 24.086082510650158 21.806078433990479 515.01045560836792 26.596023038029671 133.00583375245333 332.85157331824303 45.116593152284622 37.240994028747082 122.44158912450075 12.776599191129206 46.749292254447937 18.425105378031731 2418.0456432178617 157.24520787596703 112.25085589289665 51.995294287800789 43.050242550671101 19.045468479394913 776.35803946107626 45.815957583487034 11.050080239772795 70.053582280874252 2407.2443818151951 560.6275951936841 49.354983612895012 12.79540906101465 208.16839299350977 2137.4263678789139 2521.4101636558771 64.445215418934822 24.498404756188393 233.72880201786757
leaf_count=6265 12008 307 1289 135 32367 5033 5336 686 15244 337 1351 150 2927 414 242 415 2392 48 103 870 123 264 970 46 183 408 65 186 85 5405 711 302 44 208 82 2135 210 23 248 7967 1404 159 14 1022 4103 4150 72 126 830
internal_value=0.0152582 0.014706 0.0145719 0.0141048 0.0145282 0.0202277 0.00633156 0.0166 0.0151866 0.0202054 0.0125909 0.00155186 0.0129028 0.0108192 -0.0105245 0.0140398 0.0115178 -0.0127081 0.0146924 0.0111735 0.0145956 0.00411657 0.00610253 0.0156046 0.00962518 -0.00495248 0.0255928 -0.00381584 0.0171165 0.015029 0.00903068 -0.000957365 0.0100599 -0.00794019 0.00411788 0.00970647 0.00830876 0.00611721 0.0146171 0.00805269 0.0176972 -0.0147819 0.0126399 -0.0225562 0.0212562 0.0244557 0.0174614 0.00564749 -0.00387097
internal_weight=51672.7 47589.3 47279.2 43672 41415.6 3607.27 2256.36 18208 13080.1 5127.86 6842.96 568.063 23207.6 9666.79 157.857 1005.57 923.034 106.943 816.091 9508.93 3661.51 710.029 683.433 350.582 305.465 159.683 145.782 476.076 2951.48 2436.47 5847.42 546.275 5301.14 434.024 314.419 5249.15 4472.79 3319.56 1153.24 3038.19 606.444 281.369 62.1504 219.218 4813.45 2611.57 2201.87 2431.74 390.974
internal_count=119464 113199 112892 106570 98141 6322 8429 38369 28939 9430 16931 1687 59772 27405 656 3093 2958 463 2495 26749 8419 2059 1936 966 920 591 329 1537 6360 5490 18330 2051 16279 1749 768 16235 14100 10925 3175 9707 1614 1218 173 1045 8662 4487 4175 8093 1541
is_linear=0
shrinkage=0.03


Tree=45
num_leaves=50
num_cat=0
split_feature=11 0 3 2 8 8 9 3 4 12 7 4 13 7 8 10 4 8 9 4 9 3 3 2 13 4 7 12 3 7 7 2 3 7 10 10 8 2 10 11 9 2 8 2 13 10 8 9 8
split_gain=176.758 167.441 162.231 222.956 150.686 132.95 159.792 100.432 107.18 91.4697 91.4198 87.3079 85.6563 85.0466 89.065 81.4638 80.6093 76.7194 92.5645 89.5739 77.508 76.5239 75.8717 92.8712 78.3265 75.7525 80.064 73.7534 86.9722 73.4034 86.2297 70.7855 84.9154 91.5492 73.5931 90.6531 73.1735 72.4908 71.7706 70.6773 69.1816 76.5818 69.0775 69.0518 68.6153 67.8313 67.4049 110.886 79.9757
threshold=1.5000000000000002 1.5000000000000002 2975.3857421875005 55061.320312500007 9563.8999023437518 79978.101562500015 5542.4001464843759 2748.8200683593755 17998.500000000004 11.500000000000002 2451.099975585938 9974.9858398437518 5.5000000000000009 4823.3000488281259 9563.8999023437518 165109.42187500003 42642.000000000007 159995.00000000003 7569.6000976562509 40004.000000000007 8716.7001953125018 3341.900024414063 4938.2336425781259 109868.94921875001 15.500000000000002 58.086002349853523 12921.800292968752 15.500000000000002 3139.3100585937505 15145.300292968752 4641.7001953125009 39998.027343750007 5252.0375976562509 13177.700195312502 55242.601562500007 26757.400390625004 55605.000000000007 48952.777343750007 22500.299804687504 2.5000000000000004 5776.1999511718759 52933.976562500007 13176.800292968752 29652.533203125004 12.500000000000002 260103.21875000003 49595.500000000007 4144.1000976562509 46001.000000000007
decision_type=2 2 2 2 2 2 2 2 2 2 2 2 2 2 2 2 2 2 2 2 2 2 2 2 2 2 2 2 2 2 2 2 2 2 2 2 2 2 2 2 2 2 2 2 2 2 2 2 2
left_child=-1 5 11 13 -5 6 7 8 43 16 -8 12 -3 -4 -15 25 -7 18 19 31 -19 -11 46 24 -24 26 -9 -20 -29 30 -12 34 37 36 35 38 -34 -33 -16 -14 -39 -42 -21 -2 -45 -23 47 48 -6
right_child=1 2 3 4 22 9 10 15 -10 21 29 -13 39 14 17 -17 -18 20 27 42 -22 45 23 -25 -26 -27 -28 28 -30 -31 -32 32 33 -35 -36 -37 -38 40 -40 -41 41 -43 -44 44 -46 -47 -48 -49 -50
leaf_value=0.032740776497987595 0.013305096735129706 0.026700577929054843 0.020346381887336614 -0.031465501819822168 0.020630434182902033 0.019334423396912673 -0.020469797458107251 -0.030068678473492514 -0.0020671991456567783 0.014595457519655481 0.011644032809125144 0.010004532727196883 0.018005041306066408 0.022921898722925313 0.010600396345850277 0.023932491076669577 -0.025303945074526372 -0.017117486189946723 0.0050168173437726759 0.086773427484792012 0.026272885530783139 -0.014778373836765684 0.014124089514289898 0.026989037613933415 -0.050436289673085249 0.0079892606557332539 0.058948188622946013 0.021021696003472017 -0.041103365267180489 0.051795386384892457 -0.0082412347639187322 0.02052132004817793 0.018132983150830898 -0.034978102846533625 -0.0050928393126283469 0.025508518641735398 -0.024936577022600305 0.013383651992547834 -0.026956124719462526 0.035700398817102179 -0.034690308909151792 0.014996708207758773 -0.039262734111126976 0.022060653460908911 -0.043526809323181988 0.049187801147950197 0.026764754792036924 -0.020657733372463467 -0.052494570120450799
leaf_weight=479.5194366723299 6169.9003249257803 1288.3127462714911 1137.3616585582495 52.366871923208237 1073.0402719452977 3280.9984224960208 176.53724938631058 79.277685090899467 365.70853742957115 298.56632035970688 391.31575368344784 959.35769242048264 8640.7754329144955 626.7588447034359 9248.537264354527 286.72627086937428 36.817778162658215 40.240069091320038 1003.7731157615781 4.2809610515832892 467.54477092623711 180.67007112503052 2378.8496637791395 585.97462251782417 17.034047424793243 4824.5153534188867 10.271821603178976 28.989110365509987 67.514853999018669 27.20508486777544 393.74048902839422 1945.7348963916302 159.17781980335712 55.279060401022434 262.83396346122026 372.45595461130142 45.693415746092796 869.90664206445217 46.022920712828636 208.03481388092041 60.181753307580948 52.07517246901989 45.621659569442272 1157.8494272530079 14.535837203264235 16.26315526664257 1768.4742546975613 64.889123186469078 13.631736457347868
leaf_count=655 15265 1572 2107 187 1896 6503 664 377 2023 858 1107 2877 15553 1296 26194 563 206 117 2685 13 725 745 4786 854 77 14360 17 61 288 49 1535 3532 359 262 730 670 170 1745 168 218 217 97 275 2312 71 20 2491 204 57
internal_value=0.0146112 0.0144418 0.0156863 0.0142219 0.0191999 0.0120814 0.0107199 0.0116102 0.0137838 0.0170435 -0.000903114 0.0186547 0.0194733 0.0124299 0.0118454 0.00838875 0.0188391 0.0113755 0.0109677 0.0116662 0.0228344 0.00502049 0.0196494 0.0162834 0.0136651 0.0074818 -0.019858 0.00260849 -0.0224414 0.00334952 0.00167069 0.0118188 0.0157081 -0.000717375 0.0105701 0.010996 0.00852697 0.0171675 0.0104144 0.0184211 0.0105235 -0.0116409 -0.0284506 0.0145733 0.0212475 -0.00949591 0.0230867 0.0174383 0.0197131
internal_weight=51781.1 51301.6 33590.7 22494.2 5954.26 17710.9 13897.6 12908.8 7707.99 3813.32 988.799 11096.5 10137.1 16540 15402.6 5200.79 3317.82 14775.9 14268.1 13167.8 507.785 495.5 5901.89 2981.86 2395.88 4914.06 89.5495 1100.28 96.504 812.261 785.056 13117.9 3188.05 260.15 9929.85 9667.02 204.871 2927.9 9294.56 8848.81 982.164 112.257 49.9026 7342.29 1172.39 196.933 2920.04 1151.56 1086.67
internal_count=119813 119158 72483 52263 10552 46675 38343 34988 19671 8332 3355 20220 17343 41711 39604 15317 6709 38308 37466 34432 842 1623 10365 5717 4863 14754 394 3034 349 2691 2642 34144 6382 791 27762 27032 529 5591 26362 15771 2059 314 288 17648 2383 765 4648 2157 1953
is_linear=0
shrinkage=0.03


Tree=46
num_leaves=50
num_cat=0
split_feature=6 11 3 4 6 2 3 2 14 2 6 18 6 13 1 8 8 8 19 18 2 2 18 13 8 19 18 8 3 2 2 19 7 7 3 13 2 19 19 6 8 2 19 13 13 3 3 3 4
split_gain=175.495 159.559 144.722 151.572 140.828 109.755 148.348 95.0394 102.866 91.344 96.8791 142.891 90.4437 89.3524 84.4736 83.1577 82.0387 81.0458 81.34 80.3944 79.0497 78.5216 78.1767 77.9263 76.9178 111.354 97.7779 158.759 96.5481 82.1301 76.5387 72.5729 71.9864 69.7854 68.6166 89.7987 82.1389 86.2972 75.057 107.228 67.8685 80.9239 67.1892 66.7554 66.6212 70.3966 65.5855 63.4134 63.1397
threshold=156387.00000000003 1.5000000000000002 2748.8200683593755 9321.4658203125018 102445.10156250001 39998.027343750007 4938.2336425781259 21132.596679687504 5.5000000000000009 54190.925781250007 49999.099609375007 3.5000000000000004 18986.400390625004 4.5000000000000009 2.5000000000000004 35994.400390625007 159995.00000000003 40000.099609375007 43.500000000000007 4.5000000000000009 27009.318359375004 87520.367187500015 4.5000000000000009 7.5000000000000009 41494.300781250007 1.5000000000000002 4.5000000000000009 45601.000000000007 7411.0715332031259 16238.066406250002 56000.265625000007 21.500000000000004 7156.9001464843759 3636.700073242188 2217.1166992187505 6.5000000000000009 12050.125000000002 14.500000000000002 34.500000000000007 40000.099609375007 11999.899902343752 51662.939453125007 66.500000000000014 6.5000000000000009 6.5000000000000009 3094.262084960938 3442.959594726563 6743.3000488281259 3161.223999023438
decision_type=2 2 2 2 2 2 2 2 2 2 2 2 2 2 2 2 2 2 2 2 2 2 2 2 2 2 2 2 2 2 2 2 2 2 2 2 2 2 2 2 2 2 2 2 2 2 2 2 2
left_child=1 -1 3 7 9 16 17 8 -3 10 11 12 -5 -12 30 22 24 21 -19 -8 -14 23 48 44 28 -26 27 -27 47 -28 -9 -30 -2 -31 42 36 37 -36 -38 -40 -34 43 -10 -42 45 -7 -47 -4 -16
right_child=32 2 5 4 -6 6 19 14 34 -11 13 -13 20 -15 15 -17 -18 18 -20 -21 -22 -23 -24 -25 25 26 29 -29 31 33 -32 -33 40 -35 35 -37 38 -39 39 -41 41 -43 -44 -45 -46 46 -48 -49 -50
leaf_value=0.031322698193613108 0.037036658154501918 0.053103008899459625 0.011631170051148382 0.036888996641007372 -0.044839733610864685 0.024434429496681957 0.011655410806479378 0.015210390850875092 0.015559738812634873 -0.025034281776783733 -0.04767733186544687 -0.012412827792190691 -0.0041985657972762047 0.019813092675871436 -0.001485195392926275 0.024246458116951242 0.022438888452594053 0.015702656281821561 0.023800911630222538 0.00051248438445680603 0.024107193431725345 -0.05048479396433294 0.024221532264762858 -0.0032170108556783474 -0.02127632659945258 -0.010593198510310597 -0.041256837447348788 0.011975230359638546 -0.038909642147963185 0.02477921122983014 -0.0079511291574882337 0.057583220101268026 -0.00031888151237182322 0.0006729255527030591 0.022929109269622498 -0.013284852241964877 0.006193934836876273 -0.014832738852016901 0.023739458061138426 -0.016100172774299502 0.012236538177784103 0.021707152065402906 -0.014863481932291285 -0.023790784067200463 0.034330238010013073 0.0012961805715310285 0.014021687132679164 -0.042594675717663066 0.015592118728705612
leaf_weight=454.82343952357769 216.27823560684919 60.858291104435921 10922.250964656472 111.28019097447395 46.201632365584373 467.51490931212902 2578.5557032674551 2172.4874776899815 7138.6045628115535 70.737134926021099 18.125382483005524 329.98399166762829 242.61447421461344 680.11282639205456 218.7438095510006 2879.8060493022203 514.46747809648514 2504.965838111937 2013.512470535934 752.8779893964529 140.05594541877508 17.360140845179558 938.04639574885368 233.78858544677496 118.45118597149849 301.64728754013777 39.415920719504356 4006.908218242228 7.9008675813674918 117.65277759730816 136.47372117638588 62.563710600137711 153.19784669578075 1328.3886764347553 75.463115334510803 152.43573942035437 641.39462097734213 195.76091052591801 680.92400775104761 66.764191403985023 366.42978207021952 3173.0613870620728 65.936267927289009 52.98008768260479 148.80361264199018 444.00165001302958 2035.7286893650889 19.443908624351025 1784.0314734727144
leaf_count=633 231 55 28847 191 234 801 6210 4549 15053 413 88 1757 945 2066 540 4557 878 5203 3147 2331 406 74 1598 663 512 1079 228 10361 51 265 404 108 391 5030 175 524 1740 644 1157 198 758 5110 228 171 200 1108 4423 106 3372
internal_value=0.0141398 0.0136383 0.0134689 0.0155105 0.00679341 0.0121253 0.0144431 0.0163408 0.014231 0.008291 0.00983967 0.00287244 0.0130838 0.0180611 0.0186968 0.0206229 0.0106371 0.0166904 0.0193114 0.0091372 0.00616124 0.0131523 0.0170744 0.013484 0.0102783 0.0075182 0.00810687 0.0103952 0.0117602 0.00146963 0.0138414 0.0467639 0.020208 0.00263426 0.0139686 0.00875147 0.0107747 -0.0043262 0.0137232 0.020182 0.0192363 0.0200702 0.0152813 0.00768555 0.0147452 0.0137563 0.0117432 0.0115348 0.0137269
internal_weight=51899.8 47937.9 47483 18846.8 1639.11 28636.2 11197.1 17207.7 9078.14 1592.91 1522.17 823.935 493.951 698.238 8129.59 5820.63 17439.1 7865.68 4518.48 3331.43 382.67 3347.2 2940.82 3329.84 16924.6 5912.46 5794.01 4308.56 11012.2 1485.46 2308.96 70.4646 3961.95 1446.04 9017.28 1812.74 1660.31 271.224 1389.08 747.688 3745.67 3592.47 7204.54 419.41 3096.05 2947.25 2479.73 10941.7 2002.78
internal_count=119813 113152 112519 40894 6100 71625 24160 34794 19774 5866 5453 3299 1542 2154 15020 10067 47465 15619 8350 8541 1351 7269 5510 7195 46587 17475 16963 11440 29112 5523 4953 159 6661 5295 19719 4438 3914 819 3095 1355 6430 6039 15281 929 6532 6332 5531 28953 3912
is_linear=0
shrinkage=0.03


Tree=47
num_leaves=50
num_cat=0
split_feature=11 8 9 1 13 19 7 10 4 12 12 3 19 12 19 9 8 19 3 9 3 12 18 19 12 9 18 1 2 13 3 2 2 9 19 4 7 8 9 12 10 10 7 13 8 10 3 7 7
split_gain=155.986 147.969 143.843 135.968 140.517 134.22 110.537 109.894 118.16 105.628 102.392 111.051 98.9604 97.1641 117.979 97.1097 109.265 96.2058 88.9259 81.2578 99.4522 79.7594 78.6019 77.1653 89.5459 99.1082 77.1423 91.833 77.0848 84.2711 76.8223 74.103 69.111 85.7324 66.7597 92.4732 75.0205 68.7769 62.6398 70.4992 77.3441 105.823 68.7894 62.482 65.969 60.4269 109.648 63.0855 67.8932
threshold=1.5000000000000002 75496.500000000015 5276.3000488281259 6.5000000000000009 8.5000000000000018 52.500000000000007 1415.5000610351565 97231.214843750015 13766.459960937502 9.5000000000000018 10.500000000000002 2556.224975585938 68.500000000000014 12.500000000000002 56.500000000000007 2700.099975585938 43601.099609375007 1.5000000000000002 7917.7250976562509 3598.3000488281255 4445.2451171875009 22.500000000000004 4.5000000000000009 55.500000000000007 16.500000000000004 4439.9001464843759 1.0000000180025095e-35 3.5000000000000004 12789.500000000002 6.5000000000000009 9653.9995117187518 13263.608398437502 10966.482910156252 1528.100036621094 5.5000000000000009 40751.919921875007 6323.9001464843759 76181.902343750015 1220.3000488281252 15.500000000000002 39024.685546875007 24290.500976562504 7391.9001464843759 17.500000000000004 73194.500000000015 85392.300781250015 4899.5668945312509 3763.700073242188 4437.5000000000009
decision_type=2 2 2 2 2 2 2 2 2 2 2 2 2 2 2 2 2 2 2 2 2 2 2 2 2 2 2 2 2 2 2 2 2 2 2 2 2 2 2 2 2 2 2 2 2 2 2 2 2
left_child=-1 2 3 4 7 19 -4 8 10 28 11 17 -7 45 38 16 -6 -2 -11 20 21 -3 -10 24 30 -26 27 -9 -8 31 -12 -30 33 -13 37 -36 -37 -21 39 -15 41 42 -41 -17 -45 -5 47 -47 -49
right_child=1 5 6 13 15 12 9 26 22 18 23 32 -14 14 -16 43 -18 -19 -20 34 -22 -23 -24 -25 25 -27 -28 -29 29 -31 -32 -33 -34 -35 35 36 -38 -39 -40 40 -42 -43 -44 44 -46 46 -48 48 -50
leaf_value=0.030674202257630168 -0.011561513296619509 -0.039051208729879106 -0.030373471963297833 0.019622606696020437 -0.00018430951273209163 0.023046733069724788 -0.021133920877399064 0.021379736116229654 0.006856272111029506 0.0029693930524118005 0.010209429080246532 0.026917155580175298 -0.0029421891753906022 -0.046472133193867331 0.022279742540894001 0.013425621933057632 -0.04199816695271609 0.017974285007847556 -0.042876796676135795 0.070159200724196569 0.026677155802983566 0.046962383695134106 -0.01434470816235282 0.021881699352249085 -0.0094835952466199875 0.037490109367807667 0.025316858599806948 -0.039047889190925285 0.072112983178656276 -0.0053840421947525937 -0.040582647524721099 0.01606838394275753 0.012430502349493987 -0.036525403809664125 0.01601486108317399 -0.03898449119664997 0.0074151224410238083 0.0019994164330315056 0.0097330493028794807 -0.032564552266976604 -0.045615644369212047 0.060504913220032153 0.028355825160165177 -0.042467968396267812 0.083852633677993324 0.047386538039769409 0.031127908190717545 -0.05491685751344462 0.0046962728647848831
leaf_weight=481.88689884543419 101.06032910943031 74.703853920102119 71.642201572656631 5402.4046203866601 841.64330384880304 2934.9943106174469 57.273939892649651 55.369650408625603 536.32137919217348 1498.5775650888681 7488.7960190474987 29.200716927647591 138.067442253232 36.391707740724087 724.17293960601091 731.57984753698111 60.272983752191067 5551.7798066437244 39.069858603179455 13.722466528415678 46.283074289560318 11.1509513258934 222.7524649053812 462.87403996288776 367.66111563146114 45.418011374771595 880.12634629011154 38.284862294793129 21.600640997290611 171.48365042358637 26.896427489817142 1247.4597702547908 10114.040237732232 55.807915009558201 7847.3647577911615 48.116606123745441 90.060841985046864 458.64177499711514 1997.2368130534887 40.281642608344555 25.425364062190056 29.604081630706787 28.473082356154919 31.167325221002102 4.2251849621534339 30.205166473984718 187.47894540429115 17.7048459649086 596.28678031265736
leaf_count=655 335 349 321 9367 2697 4422 203 95 2156 4550 20056 67 428 165 1293 2010 330 10279 215 14 82 15 1339 1020 1424 102 1503 144 14 560 161 2739 24855 251 16318 298 296 1295 5150 173 116 36 60 167 4 23 252 73 1336
internal_value=0.0136851 0.0135263 0.0126568 0.0131806 0.012133 0.0164984 0.00645852 0.0126751 0.01229 0.00732781 0.0126549 0.0140735 0.0218791 0.016358 0.0118023 0.00369474 -0.00297863 0.0174462 0.00180449 0.0145735 -0.00877038 -0.0278796 0.000634782 0.00997531 0.00928022 -0.00431884 0.0225624 -0.00332237 0.012998 0.014355 0.0100277 0.0170223 0.0122041 -0.0147327 0.0149382 0.0155865 -0.0087423 0.0039795 0.0082854 -0.00976538 0.00102616 0.0130829 -0.00733587 0.0115423 -0.0273877 0.0184637 0.010936 0.00505956 0.00297729
internal_weight=52013 51531.2 39868.1 36760.9 27645.3 11663.1 3107.11 25976.4 25002.6 3035.47 24243.5 15851.9 3073.06 9115.67 2881.59 1668.89 901.916 5652.84 1537.65 8590.04 132.138 85.8548 759.074 8391.65 7928.77 413.079 973.781 93.6545 1497.82 1440.54 7515.69 1269.06 10199 85.0086 8457.91 7985.54 138.177 472.364 2157.41 160.176 123.784 98.3588 68.7547 766.972 35.3925 6234.08 831.676 644.197 613.992
internal_count=119813 119158 95641 87039 68995 23517 8602 63787 62045 8281 58550 35787 4850 18044 6993 5208 3027 10614 4765 18667 446 364 3495 22763 21743 1526 1742 239 3516 3313 20217 2753 25173 318 18221 16912 594 1309 5700 550 385 269 233 2181 171 11051 1684 1432 1409
is_linear=0
shrinkage=0.03


Tree=48
num_leaves=50
num_cat=0
split_feature=0 15 13 19 8 9 18 3 2 3 2 8 4 9 12 0 10 8 1 8 3 4 4 11 3 13 8 4 4 9 18 16 8 1 4 13 9 3 11 1 9 2 9 19 10 10 18 8 3
split_gain=155.474 160.694 153.552 139.341 131.724 170.487 106.623 115.126 124.805 106.31 138.065 117.269 107.795 103.496 100.021 99.7062 98.3018 100.664 97.4087 96.6783 79.9526 78.5343 76.8424 75.9814 80.8876 111.75 88.2141 87.4753 92.2052 83.9268 90.5981 81.4141 73.6819 73.5803 71.9634 71.0742 98.9588 72.787 72.3176 69.4177 69.2678 69.2387 101.581 82.6208 70.7423 98.3277 68.781 68.5208 68.4375
threshold=1.5000000000000002 2.5000000000000004 5.5000000000000009 13.500000000000002 79978.101562500015 5486.5000000000009 4.5000000000000009 2063.174926757813 18499.250000000004 2975.3857421875005 55061.320312500007 9563.8999023437518 33630.833984375007 2762.700073242188 10.500000000000002 3.5000000000000004 8125.6999511718759 40798.400390625007 1.5000000000000002 30000.500000000004 3278.440063476563 323.05900573730474 17956.672851562504 1.5000000000000002 3006.7373046875005 8.5000000000000018 159995.00000000003 166.90100097656253 2934.2971191406255 8227.2001953125018 1.5000000000000002 7.5000000000000009 72003.000000000015 1.5000000000000002 1.6653332710266116 13.500000000000002 3086.500122070313 2033.631286621094 2.5000000000000004 8.5000000000000018 11459.500488281252 44603.207031250007 5381.9001464843759 48.500000000000007 8895.2001953125018 5763.6000976562509 1.0000000180025095e-35 9563.8999023437518 3753.7167968750005
decision_type=2 2 2 2 2 2 2 2 2 2 2 2 2 2 2 2 2 2 2 2 2 2 2 2 2 2 2 2 2 2 2 2 2 2 2 2 2 2 2 2 2 2 2 2 2 2 2 2 2
left_child=1 3 13 18 5 6 7 32 48 35 12 -12 15 16 22 23 17 -2 -1 -7 -13 -10 33 -11 25 26 29 -26 -29 47 31 -31 39 -3 -8 38 -37 -38 40 -5 -4 43 -43 44 45 -17 -27 -25 -9
right_child=2 14 9 4 -6 19 34 8 21 10 11 20 -14 -15 -16 41 -18 -19 -20 -21 -22 -23 -24 24 27 46 -28 28 -30 30 -32 -33 -34 -35 -36 36 37 -39 -40 -41 -42 42 -44 -45 -46 -47 -48 -49 -50
leaf_value=0.010134594363480924 0.010941029810447422 0.01445342003446083 0.015814917914949031 0.018482550100811516 0.016956441345513142 0.035012637253757826 -0.032065091060756536 -0.0011374654666012523 -0.016527324430781982 0.032214595872432958 -0.029457835985036696 0.035699147360288924 -0.022458012917433531 0.023603404532805915 0.0096781843549337138 -0.022058033439186116 0.024617851486660555 -0.031370447130401768 -0.0041816066492139266 -0.01052422075091689 0.016295233519913545 0.01220603358216959 -0.026956269505673022 0.022541020151358962 0.00051779922311488431 -0.041501312353688841 0.030174079914670381 0.039204964501204399 0.014273007447815678 0.028060935135126527 -0.022567837364581914 -0.046141338380559387 -0.048079126559737895 0.022722444840620686 0.0049264873930335885 -0.036482545026497934 -0.045686359969498887 0.025620014613184212 0.033287749964910553 -0.029683193034861242 0.035257255926278867 0.019193295476284119 -0.023260526334069449 0.0076454795305962563 -0.043352923051441228 0.051610162342567469 -0.0015973830649348756 0.0095306749992428788 -0.039926911870096608
leaf_weight=694.36774696409702 1070.0547634512186 2140.6022101342678 9255.9277730807662 2119.9211922287941 2145.7336432039738 45.492436558008194 48.452334120869637 541.74509484320879 88.59159043431282 159.93793617188931 49.292439550161362 198.65911030769348 86.429978206753731 2547.9010040462017 2084.5948587879539 74.113306522369385 529.69045147299767 53.117694303393364 1113.9794157445431 540.53980225324631 5033.1948486641049 2544.5000690445304 34.221197083592415 386.45686842501163 409.90049837529659 43.361604303121567 193.82944104075432 136.65050473809242 5792.6280996724963 77.255322560667992 145.92904574424028 16.077275589108467 15.355753235518931 1768.7344544231892 2045.72791428864 54.53951171040535 15.34957119822502 80.197154819965363 227.24904292821884 27.276476100087166 167.91327715665102 226.61314983665943 65.353549800813198 129.59154658019543 86.452854782342911 20.906177505850792 375.79143432527781 6361.2125670462847 44.28253086656332
leaf_count=2171 2119 4240 17574 4825 4790 94 233 1768 331 238 175 229 446 3598 4918 250 697 197 4199 2164 9304 6850 170 811 1041 223 278 164 12319 156 609 73 72 2805 6939 235 74 134 249 116 181 418 206 284 354 21 1525 18688 258
internal_value=0.0132478 0.0109962 0.0144402 0.00899095 0.0103507 0.00859254 0.009814 0.0120489 0.00845256 0.013685 0.0124343 0.0165981 0.0109473 0.0198107 0.0149933 0.0111437 0.0139643 0.00894001 0.00131552 -0.00698929 0.017032 0.0112393 0.0178028 0.0116547 0.0114188 0.00933159 0.0102105 0.013921 0.0148476 0.00965667 -0.00780432 0.015279 0.0174024 0.0181946 0.00407063 0.016246 -0.00423992 0.0141647 0.0165646 0.0178707 0.0161613 -0.000802151 0.00969047 -0.0106506 -0.023716 -0.00584956 -0.00572547 0.0102758 -0.00406855
internal_weight=52115.7 18044.1 34071.6 12016 10207.6 8061.89 7475.85 5381.67 3219.12 29870.8 20069.6 5281.15 14788.5 4200.76 6028.15 14702.1 1652.86 1123.17 1808.35 586.032 5231.85 2633.09 3943.56 14099 13939.1 7599.91 7180.76 6339.18 5929.28 6986.93 239.262 93.3326 2162.55 3909.34 2094.18 9801.18 150.086 95.5467 9651.09 2147.2 9423.84 603.031 291.967 311.064 181.472 95.0195 419.153 6747.67 586.028
internal_count=119813 46943 72870 34810 28440 23650 21392 14220 9207 66259 47812 9708 38104 6611 12133 37658 3013 2316 6370 2258 9533 7181 7215 36125 35887 22363 20615 13524 12483 20337 838 229 5013 7045 7172 18447 443 208 18004 4941 17755 1533 624 909 625 271 1748 19499 2026
is_linear=0
shrinkage=0.03


Tree=49
num_leaves=50
num_cat=0
split_feature=6 13 11 4 19 2 8 1 12 19 8 13 18 15 19 12 6 15 2 7 19 2 19 8 19 8 13 13 8 15 19 12 2 2 8 7 8 9 19 18 9 12 15 9 8 8 13 19 18
split_gain=159.87 142.377 121.323 114.797 91.8066 144.733 130.253 99.5602 120.906 116.83 114.489 132.025 89.7009 83.018 114.517 93.1862 92.3399 87.5797 81.4185 79.7022 77.3282 89.4001 77.1352 88.1841 81.155 81.1103 74.6859 95.0797 94.5334 71.0381 95.5868 70.8803 70.245 67.6059 97.2456 67.5943 66.1311 109.943 65.5085 75.9534 95.5744 76.4287 75.2295 110.5 76.2551 75.6225 66.3372 65.3417 65.2382
threshold=156387.00000000003 2.5000000000000004 1.5000000000000002 9321.4658203125018 4.5000000000000009 55542.699218750007 35994.400390625007 4.5000000000000009 11.500000000000002 7.5000000000000009 79978.101562500015 7.5000000000000009 1.0000000180025095e-35 1.5000000000000002 53.500000000000007 11.500000000000002 109174.69921875001 2.5000000000000004 39726.658203125007 8757.1000976562518 25.500000000000004 21898.087890625004 53.500000000000007 100001.00000000001 51.500000000000007 159995.00000000003 15.500000000000002 11.500000000000002 7800.6000976562509 3.5000000000000004 1.5000000000000002 29.500000000000004 8358.7602539062518 14697.500000000002 100001.00000000001 7156.9001464843759 102204.19921875001 6122.4001464843759 62.500000000000007 4.5000000000000009 6363.9001464843759 9.5000000000000018 2.5000000000000004 6174.7001953125009 45000.900390625007 48999.000000000007 6.5000000000000009 70.500000000000014 3.5000000000000004
decision_type=2 2 2 2 2 2 2 2 2 2 2 2 2 2 2 2 2 2 2 2 2 2 2 2 2 2 2 2 2 2 2 2 2 2 2 2 2 2 2 2 2 2 2 2 2 2 2 2 2
left_child=1 -1 -3 4 5 6 18 10 -9 31 11 38 -13 19 15 32 20 -16 -4 -12 21 -17 24 47 26 -25 27 28 -11 -8 -31 -10 -15 -26 -35 -2 37 -37 39 -6 42 -42 -41 44 -44 46 -46 -24 -5
right_child=35 2 3 48 7 -7 29 8 9 22 13 12 -14 14 17 16 -18 -19 -20 -21 -22 -23 23 25 33 -27 -28 -29 -30 30 -32 -33 -34 34 -36 36 -38 -39 -40 40 41 -43 43 -45 45 -47 -48 -49 -50
leaf_value=0.020688569211372784 0.034922539046976502 0.027964233760010958 0.011004880132468262 0.0098668087004405713 0.012711824052022482 -0.020308069799581677 -0.005889128703825925 0.016442613306608796 -0.029362875802759501 -0.045308558607589193 0.022120736207197508 -0.017460138923817033 0.0049034024648785379 -0.034889539640403894 -0.00060884443646168557 0.048611271612814748 0.032924768686800845 0.028190454273237069 0.03114820343019321 -0.00030491457869252623 -0.045113162368669441 -0.028971222180032424 0.021583828633384462 -0.028172467641911524 0.038501736482495753 0.018639751607377544 -0.044656307645663529 0.033156329856068832 0.009427641182434934 -0.019024358621442482 0.028918376679472793 0.052089359963510565 0.01153012408855026 -0.041722911786180102 0.026711197583286706 0.017181001865230108 0.023624749766104947 -0.0025788260932626851 0.0012100971287566729 0.0058999102949649669 0.0023384622414816354 -0.042230216890296435 0.014768453695969944 0.063109151192488583 -0.044672236126466848 0.0054851043845177225 0.074115360256946899 -0.012987989772957677 -4.1526495982367409e-05
leaf_weight=1775.8488828390837 216.31943132728338 426.2819714397192 1284.7673122957349 1370.0431247726083 13888.994296550751 167.39361591637135 628.31025522947311 9905.6574425548315 92.943647809326649 28.683032512664795 1824.3170168399811 180.55714911967516 1523.0017357692122 29.755260422825813 114.47595144808292 22.290590435266495 31.59431679546833 559.59108628332615 210.13117568194866 154.73155984282494 71.170099444687366 33.393619492650032 1117.7150866389275 69.327282145619392 17.722567722201347 64.123362362384796 22.5803502202034 152.94138941168785 2851.5203695222735 52.273099109530449 131.79112847149372 10.724787309765814 2100.1258926764131 76.534746609628201 24.725681945681572 2305.8911287486553 1161.3194788172841 284.71124508976936 570.12429464608431 2887.2466776296496 86.25502298027277 57.856879480183125 1997.4667784944177 38.997067615389824 45.269676320254803 419.19641607254744 4.6673817932605735 51.468359887599945 1061.3738520815969
leaf_count=2662 231 608 3268 4243 32543 592 2130 17789 375 132 3350 667 4664 106 317 31 53 775 362 497 347 146 1931 219 26 93 112 264 7089 174 213 14 4901 325 35 4183 1541 706 1788 8668 279 311 4809 48 223 1243 9 197 4524
internal_value=0.0128281 0.0123519 0.0120332 0.0118857 0.0122395 0.00662756 0.00858175 0.0125772 0.0145788 0.0105486 0.0114887 0.0105502 0.00253313 0.0156099 0.0124317 0.00923041 -0.0129654 0.0232995 0.0138363 0.0203674 -0.0243948 0.00208533 0.0112777 0.0174249 0.00875535 -0.00567908 0.00970184 0.0101065 0.00888254 -0.00108752 0.0153029 -0.0209364 0.0108816 -0.0155522 -0.0250127 0.0186162 0.0176761 0.0150094 0.0112332 0.0115274 0.0085564 -0.0155546 0.00920072 0.0130043 0.0122121 0.0013279 -0.0335697 0.020062 0.00554157
internal_weight=52204.2 48236 46460.1 46033.8 43602.4 2474.67 2307.27 41127.7 14486.7 4581.01 26641.1 21699.6 1703.56 4941.45 2962.4 2288.33 158.449 674.067 1494.9 1979.05 126.854 55.6842 4477.34 1302.63 3174.71 133.451 3055.73 3033.14 2880.2 812.374 184.064 103.668 2129.88 118.983 101.26 3968.24 3751.92 2590.6 19996.1 19426 5536.96 144.112 5392.84 2505.6 2466.6 469.133 49.9371 1169.18 2431.42
internal_count=119813 113152 110490 109882 101115 6739 6147 94376 28601 10812 65775 55252 5331 10523 6676 5584 577 1092 3630 3847 524 177 10423 2440 7983 312 7597 7485 7221 2517 387 389 5007 386 360 6661 6430 4889 49921 48133 15590 590 15000 6332 6284 1475 232 2128 8767
is_linear=0
shrinkage=0.03


Tree=50
num_leaves=50
num_cat=0
split_feature=19 13 5 0 13 18 7 10 19 2 2 7 7 2 6 12 7 19 7 16 15 10 7 16 4 2 19 0 6 6 4 18 18 16 7 2 6 2 4 2 12 7 6 7 7 16 13 18 10
split_gain=159.865 154.103 129.859 95.7685 84.8208 84.7397 103.444 97.0843 96.7881 80.4126 99.2531 76.7985 203.513 109.494 135.241 90.2824 86.3017 96.2295 82.6765 77.8308 75.7565 74.998 70.8662 70.7525 80.1009 69.802 66.6213 65.3124 105.654 66.3524 80.9291 81.3227 64.8878 69.1996 64.4548 72.9717 74.0329 98.3196 72.901 80.9919 79.9279 71.0817 80.1114 70.9908 68.8341 66.7075 65.0072 62.0744 61.9233
threshold=37.500000000000007 13.500000000000002 0.25833334028720861 1.5000000000000002 5.5000000000000009 5.5000000000000009 13177.700195312502 74815.761718750015 27.500000000000004 18101.200195312504 24196.500000000004 4943.3000488281259 4759.3000488281259 22009.589843750004 44000.500000000007 26.500000000000004 6792.3000488281259 64.500000000000014 2479.3000488281255 10.500000000000002 2.5000000000000004 122996.10156250001 4300.3000488281259 1.5000000000000002 10017.100097656252 40529.666015625007 53.500000000000007 3.5000000000000004 69447.500000000015 156387.00000000003 43804.105468750007 1.5000000000000002 4.5000000000000009 1.5000000000000002 3763.700073242188 78961.402343750015 85500.300781250015 40529.666015625007 34000.599609375007 28613.837890625004 14.500000000000002 2651.900024414063 57777.000000000007 7448.5000000000009 3012.700073242188 2.5000000000000004 1.5000000000000002 2.5000000000000004 114.57999801635744
decision_type=2 2 2 2 2 2 2 2 2 2 2 2 2 2 2 2 2 2 2 2 2 2 2 2 2 2 2 2 2 2 2 2 2 2 2 2 2 2 2 2 2 2 2 2 2 2 2 2 2
left_child=4 2 3 20 47 27 7 8 9 -7 -11 12 15 14 48 19 -15 -18 -17 -5 21 34 -21 -3 -25 -24 -22 29 -29 30 -6 -32 -14 -34 38 36 -36 -38 39 -2 -40 -41 44 -39 45 -43 -47 -1 -13
right_child=1 23 -4 11 5 6 -8 -9 -10 10 -12 13 32 16 -16 18 17 -19 -20 22 26 -23 25 24 -26 -27 -28 28 -30 -31 31 -33 33 -35 35 -37 37 43 40 41 -42 42 -44 -45 -46 46 -48 -49 -50
leaf_value=0.029899508435155805 0.009729497728456684 0.019410956936334114 0.039505143206864844 0.021271355917043003 0.011177947276693738 -0.0057356018814762521 -0.042386955851428577 0.025515434515150166 -0.0051660196858262942 0.026579329281392509 0.0072495061131451705 -0.0051022079834315281 0.011208057798420101 0.022185911739339155 -0.031864177010008446 0.04368985596551965 0.016655597884351458 -0.0057285176989704456 -0.050585052696918376 0.015224034316514392 0.012271567142759071 0.025098777857956809 0.0015958615573739088 -0.00088659006286348463 -0.041285054908186729 -0.058637694590451858 0.022000726160983312 0.018596572449814799 -0.0063980448533439019 0.01831940351792874 0.015346687061500977 -0.03068585620880512 0.018267336236322252 -0.00042476187248395456 0.0057169809496530836 0.022668654840241151 0.013790451714114312 -0.041642749363655134 -0.037162522911949353 0.031918820128152822 0.048704295745989647 0.031663539200326087 -0.015776754528357331 -0.0063605839200162242 0.026980578052287523 0.038621453265541478 -0.049399828205246944 0.0130181317480982 0.02696702531474663
leaf_weight=350.83229371905327 2511.3951700553298 141.397879101336 185.80871415138245 2936.7870311439037 20200.734014727175 312.31963737308979 39.889257326722145 217.30034303665161 668.8468881547451 295.81353984773159 1246.400063470006 98.823182545602322 2879.6839041337371 3126.0188426077366 86.299255460500717 11.427934020757673 5110.1712027639151 178.90193576365709 31.308624714612961 1316.8192096948624 1743.66962864995 272.03601890802383 153.42047870159149 525.89414263516665 48.222805708646774 19.518319234251976 994.84692804515362 229.15026487410069 453.29642029851675 1185.8674438968301 59.145194850862026 83.027028761804104 217.23885089159012 993.18189272284508 1633.4868150576949 189.51184492558241 102.34067293256521 92.841882787644863 50.302041754126549 312.44220145791769 12.104084484279154 25.224792771041393 72.476561039686203 114.77831461280584 236.6582633331418 9.7323426753282529 33.69816642254591 444.30629688501358 119.98331385105848
leaf_count=457 6059 316 130 4436 50029 1070 225 411 2316 632 3630 281 7116 4788 295 15 8727 537 134 2307 3540 449 348 1633 279 80 1542 438 1252 2213 270 575 535 3374 5150 403 271 414 359 497 42 38 227 394 467 7 147 879 179
internal_value=0.0125035 0.0141357 0.0145156 0.0143348 0.0108205 0.0105136 0.00557635 0.00627443 0.00461749 0.00814597 0.0109572 0.0156125 0.0135938 0.017594 -6.0563e-05 0.0180191 0.0182341 0.0158985 -0.0253755 0.0184381 0.0117087 0.00972947 0.0128528 0.000401857 -0.00427985 -0.00520225 0.015806 0.0111317 0.00199459 0.0114213 0.0110192 -0.0115358 0.00875825 0.00292998 0.00895478 0.00489914 0.00316638 -0.0102752 0.011605 0.012231 -0.0205081 0.0213326 0.0125774 -0.0221378 0.0193083 -0.00713856 -0.0296751 0.0204666 0.0124831
internal_weight=52375.4 26588.5 25872.9 25687.1 25786.9 24991.8 2780.57 2740.68 2523.38 1854.53 1542.21 17279.6 8559.39 8720.2 305.106 4469.28 8415.09 5289.07 42.7366 4426.55 8407.55 5669.03 1489.76 715.515 574.117 172.939 2738.52 22211.2 682.447 21528.8 20342.9 142.172 4090.1 1210.42 5396.99 2132.96 1943.45 309.961 3264.03 3201.63 62.4061 690.232 377.79 207.62 305.314 68.6553 43.4305 795.139 218.806
internal_count=119913 55516 53288 53158 64397 63061 8284 8059 7648 5332 4262 33152 18345 14807 755 7320 14052 9264 149 7171 20006 14924 2735 2228 1912 428 5082 54777 1690 53087 50874 845 11025 3909 14475 6632 6229 1079 7843 7442 401 1383 886 808 659 192 154 1336 460
is_linear=0
shrinkage=0.03


Tree=51
num_leaves=50
num_cat=0
split_feature=8 1 18 12 14 4 10 2 8 13 2 13 19 2 19 12 8 13 8 19 12 10 10 2 6 6 8 15 1 10 12 1 15 2 2 10 1 16 6 8 13 19 6 8 6 10 15 2 2
split_gain=161.349 158.143 181.081 130.943 127.196 122.157 113.344 132.636 112.914 97.9218 86.2358 75.002 94.5775 83.4056 73.8104 73.766 73.163 71.5107 73.8737 71.0062 75.0483 70.3342 110.969 76.6626 69.3931 100.974 122.402 87.5807 68.3356 67.9263 67.173 67.107 64.3589 65.4708 188.848 118.924 88.6901 69.6975 66.8575 63.6416 82.3295 84.157 76.5369 86.8763 88.6416 75.7916 88.234 73.6575 72.2229
threshold=140024.00000000003 6.5000000000000009 4.5000000000000009 12.500000000000002 7.5000000000000009 24002.000000000004 74815.761718750015 100022.50000000001 27478.500000000004 4.5000000000000009 12789.500000000002 8.5000000000000018 32.500000000000007 15300.639648437502 7.5000000000000009 10.500000000000002 9198.8002929687518 11.500000000000002 8943.4003906250018 44.500000000000007 15.500000000000002 978.60400390625011 173919.31250000003 19991.316406250004 50000.099609375007 68484.800781250015 45000.900390625007 2.5000000000000004 5.5000000000000009 64478.800781250007 17.500000000000004 4.5000000000000009 3.5000000000000004 21132.596679687504 22398.200195312504 13223.200195312502 1.5000000000000002 2.5000000000000004 23999.900390625004 59999.900390625007 6.5000000000000009 41.500000000000007 39999.900390625007 120015.50000000001 34424.701171875007 22500.299804687504 1.5000000000000002 14697.500000000002 29436.166992187504
decision_type=2 2 2 2 2 2 2 2 2 2 2 2 2 2 2 2 2 2 2 2 2 2 2 2 2 2 2 2 2 2 2 2 2 2 2 2 2 2 2 2 2 2 2 2 2 2 2 2 2
left_child=1 2 4 -3 9 6 8 -8 17 -1 -10 12 13 30 -5 -14 -13 29 -19 21 -21 -2 23 -23 39 26 27 28 -26 -4 -11 -28 33 35 -35 -15 -37 -38 -36 40 41 45 43 44 48 46 -12 -42 -41
right_child=19 3 5 14 -6 -7 7 -9 10 11 24 16 15 32 -16 -17 -18 18 -20 20 -22 22 -24 -25 25 -27 31 -29 -30 -31 -32 -33 -34 34 38 36 37 -39 -40 42 47 -43 -44 -45 -46 -47 -48 -49 -50
leaf_value=0.018144573915056434 0.019157022748890352 0.016735682824685003 0.011220191846419005 -0.0090983893063121372 -0.034553603288717594 -0.015307015555550101 0.024587990710193106 -0.048742716919427935 -0.0092313298806946838 0.016422155450747052 -0.016960165674664185 -0.046424138636379238 0.014820821662246655 -0.0060335512539882331 0.011034053232723025 0.0072974100404773964 0.0060070172011197328 0.064583257057275703 -0.021011093975224177 0.024974981125478267 0.0056253373502500557 -0.05511950476915399 0.038492300870104523 0.0052236886493766599 -0.013810364758474218 0.0094394541347927463 -0.0082823487987390403 0.013293288492212953 0.038806483755678675 -0.049176583565183674 -0.041638581448047544 -0.048522468420862871 0.013579156628514607 0.031815001681844562 -0.032591931315996026 0.051091011885148675 -0.04528472569514283 0.015356999729889999 0.0077610021323061273 0.019913164474094216 0.033391753656662373 0.018544570579978777 0.030468974264175115 -0.050072824171909801 -0.032079692358463009 0.026821032054539538 0.0091870105814443933 -0.028697965020738701 -0.045340753341736366
leaf_weight=2180.9971314966679 1114.1639382392168 8334.1017954871058 4353.9473153725266 170.98793994635344 52.797003298997879 211.89524555206299 498.49012060463428 23.233608230948448 419.19249880313873 1833.2789584547281 238.39771006256342 24.325538031756878 9783.7293463423848 689.49966824799776 3951.3474798724055 1332.6919114142656 1562.9170355275273 9.966610834002493 101.43083306401968 1504.7145168781281 204.97479501366615 19.473304748535156 92.523969098925591 702.77962662279606 219.82159896194935 1016.5750042125583 866.1630068346858 517.5311266258359 24.712004326283932 16.823957420885563 18.110960781574249 38.976950123906136 2067.1140886545181 301.88371825963259 37.173416405916214 58.43306240439415 19.516327515244484 135.39316593855619 6214.7076940312982 339.75710929185152 20.743031077086926 404.41471017152071 241.80427259206772 21.104508526623249 36.549453772604465 83.504885852336884 226.51640391349792 100.55251506716013 15.98339046537876
leaf_count=3338 1944 14625 10946 583 245 1339 851 105 1436 4089 1033 113 20243 2255 9157 3820 4323 16 461 1848 393 81 93 1567 954 2414 3553 1465 48 75 96 182 4335 565 153 65 96 307 16962 788 51 904 451 94 161 172 580 457 81
internal_value=0.0121094 0.0116551 0.0106557 0.0145724 0.011964 0.00722978 0.00771528 0.0213224 0.00695311 0.0120575 0.00377197 0.0115062 0.011951 0.0100278 0.010199 0.0139189 0.00520348 0.0103828 -0.0133531 0.0182037 0.0226552 0.0142582 0.00755937 0.00359672 0.00500713 0.00198737 -0.00255653 0.00630243 -0.00849303 0.0109877 0.0158542 -0.0100152 0.00889522 0.00759675 0.00864011 2.29431e-05 0.0195969 0.00771703 0.00752107 0.00969355 0.00519874 0.0081621 0.0170623 0.00922045 0.0124103 0.000505874 -0.00422069 -0.0180799 0.0169813
internal_weight=52455.7 48817.1 36360.7 12456.4 26312.6 10048.1 9836.19 521.724 9314.47 26259.8 4832.3 24078.8 22491.5 11375.1 4122.34 11116.4 1587.24 4482.17 111.397 3638.63 1709.69 1928.94 814.777 722.253 4413.11 2683.78 1667.2 762.065 244.534 4370.77 1851.39 905.14 9523.72 7456.61 6553.76 902.842 213.343 154.909 6251.88 1729.33 1074.13 952.834 655.199 413.394 392.29 548.419 464.914 121.296 355.74
internal_count=119913 113987 89622 24365 61005 28617 27278 956 26322 60760 14824 57422 52986 28923 9740 24063 4436 11498 477 5926 2241 3685 1741 1648 13388 8616 6202 2467 1002 11021 4185 3735 24738 20403 17680 2723 468 403 17115 4772 3197 2689 1575 1124 1030 1785 1613 508 869
is_linear=0
shrinkage=0.03


Tree=52
num_leaves=50
num_cat=0
split_feature=8 1 18 12 14 4 10 8 9 7 19 4 7 9 6 11 12 15 19 3 6 9 9 19 19 6 10 9 6 3 3 6 8 9 9 9 6 15 9 19 9 8 1 3 7 7 1 8 19
split_gain=152.943 149.124 169.593 123.557 121.165 115.231 106.292 105.605 147.871 87.8183 85.2582 91.0742 89.6609 77.6719 87.4461 76.0238 75.9088 75.7348 71.7732 107.926 81.0974 75.7925 70.8704 70.1008 69.2999 66.8911 66.7988 65.2906 65.0712 64.7805 86.7806 74.3312 63.3402 85.6727 78.2644 77.2517 71.392 66.3395 63.1335 64.0534 85.9483 70.5173 73.5383 63.0434 62.7622 60.7909 60.2655 64.3206 59.0602
threshold=140024.00000000003 6.5000000000000009 4.5000000000000009 12.500000000000002 8.5000000000000018 24002.000000000004 74815.761718750015 27478.500000000004 1811.5000000000002 5843.1000976562509 32.500000000000007 45058.099609375007 1928.299987792969 3105.099975585938 58896.099609375007 1.5000000000000002 10.500000000000002 3.5000000000000004 64.500000000000014 3962.437866210938 33999.000000000007 3598.3000488281255 2849.900024414063 4.5000000000000009 7.5000000000000009 40480.800781250007 39024.685546875007 600.10000610351574 39076.900390625007 8220.1499023437518 3660.6286621093755 39999.900390625007 70003.000000000015 7387.4001464843759 6078.3000488281259 3480.900024414063 156387.00000000003 1.5000000000000002 7858.1000976562509 59.500000000000007 6997.4001464843759 13779.000000000002 1.5000000000000002 1869.049987792969 8837.8002929687518 8244.7001953125018 1.5000000000000002 29851.700195312504 37.500000000000007
decision_type=2 2 2 2 2 2 2 2 2 2 2 2 2 2 2 2 2 2 2 2 2 2 2 2 2 2 2 2 2 2 2 2 2 2 2 2 2 2 2 2 2 2 2 2 2 2 2 2 2
left_child=1 2 4 48 10 6 7 13 25 -8 12 16 28 22 17 -10 18 -15 26 20 -20 -22 27 -2 45 -9 -12 -4 -1 30 44 -32 34 35 -26 -34 -35 -37 39 40 41 -18 43 -43 -14 -5 -27 -48 -3
right_child=23 3 5 24 -6 -7 9 8 15 -11 11 -13 29 14 -16 -17 38 -19 19 -21 21 -23 -24 -25 32 46 -28 -29 -30 -31 31 -33 33 36 -36 37 -38 -39 -40 -41 -42 42 -44 -45 -46 -47 47 -49 -50
leaf_value=0.018597717359099899 -0.010282077176439601 0.013448032205195751 0.033293286763214081 -2.2137518614995975e-06 -0.043281204938749297 -0.014987265257605183 0.032572304042428717 -0.035880288065333082 0.037842258393284235 0.0079723696832817784 0.013745725033786788 -0.014750906823094699 0.0074706105991795705 0.0063006917021023352 -0.048962360766056874 0.0045628701446318544 0.020669771559692945 -0.047680415928426555 -0.019825122099075668 -0.044536626974410562 0.028286778831325281 -0.01402584313428438 0.028956731560938309 0.018285630249752709 0.0092940822342820317 0.030368836328665959 0.020831613418154753 0.0096285079471865442 -0.0068891297499958986 -0.011166057658270603 -0.00024377453525962274 0.015597432573776703 -0.051315003868860225 -0.010494223112117356 -0.019044569859904104 0.030561098464688432 0.023175185163649897 0.012904010794341045 -0.01395935038007275 0.020771357232691096 0.034028708222617214 0.0040309571831329896 0.003520971529181979 -0.044219754894683237 -0.048394605052351949 -0.045113834630426647 0.019561617576466864 -0.024062240613405391 0.018519321179187795
leaf_weight=1298.7824962586164 79.023193448781967 3779.637843310833 107.84215891361237 137.06899427622557 36.177369393408298 209.95327125489712 269.16101507842541 105.27581316232681 62.646228268742561 253.7152910977602 11384.685580864549 104.54873107373714 7266.0896599367261 250.79427281022072 35.160619452595711 4463.3380496874452 193.29467468708754 25.797394260764122 73.969103410840034 42.450482748448849 143.54814271628857 51.86674939841032 191.38256371021271 3558.123883344233 2826.5244687274098 33.497466683387756 1338.0828932523727 3881.9772631600499 96.882110290229321 145.41108077019453 302.01415304094553 2272.540798150003 12.789309471845625 158.0878976508975 90.518787041306496 448.17765375226736 88.357363820075989 334.38330918550491 114.94195319712162 334.29123713821173 92.247748792171478 42.59222848713398 951.24786845594645 56.967689074575901 18.144327104091644 33.444389432668686 39.894868411123753 128.06796023249626 4560.7643656507134
leaf_count=2706 237 7545 173 420 185 1339 356 477 81 600 23384 541 18929 751 156 13553 448 114 258 206 293 205 375 5689 6855 63 2067 9929 372 605 1092 5136 57 485 331 671 129 629 386 744 150 132 2797 286 83 163 101 549 7080
internal_value=0.0117299 0.0112884 0.0103188 0.0141199 0.0115834 0.0070047 0.00747353 0.00673555 0.00365737 0.0206357 0.0116588 0.013151 0.00970534 0.0100465 -0.00439901 0.00502351 0.0133478 0.00126593 0.0141424 -7.699e-05 0.00692912 0.0170562 0.0111236 0.0176649 0.00987589 -0.0165003 0.014491 0.0102682 0.0168285 0.0087116 0.00900478 0.0137391 0.0106825 0.0170322 0.00841471 0.0218211 0.00157718 0.0230163 0.00754683 0.00902648 0.00608848 0.00401676 0.000953463 -0.0235779 0.00733146 -0.00885038 -0.00637304 -0.0137006 0.0162212
internal_weight=52526.2 48889 36419.3 12469.8 26360.8 10058.5 9848.55 9325.67 4832.72 522.876 26324.6 14924.7 11399.9 4492.95 311.752 4525.98 14820.2 276.592 13034.6 311.834 269.384 195.415 4181.2 3637.15 4129.35 306.736 12722.8 3989.82 1395.66 10004.2 9858.79 2574.55 3958.84 1041.8 2917.04 795.35 246.445 782.561 1785.58 1670.64 1336.35 1244.1 1050.81 99.5599 7284.23 170.513 201.46 167.963 8340.4
internal_count=119913 113987 89622 24365 61005 28617 27278 26322 14824 956 60820 31897 28923 11498 1021 13634 31356 865 26413 962 756 498 10477 5926 9740 1190 25451 10102 3078 25845 25240 6228 9157 1971 7186 1357 614 1300 4943 4557 3813 3663 3215 418 19012 583 713 650 14625
is_linear=0
shrinkage=0.03


Tree=53
num_leaves=50
num_cat=0
split_feature=13 6 10 18 4 16 15 4 1 9 3 9 18 9 3 6 19 7 4 10 11 10 18 19 19 1 0 19 7 4 3 7 15 7 7 7 18 3 15 7 6 10 10 7 18 3 6 9 16
split_gain=149.37 129.019 149.633 122.208 114.193 109.936 98.5099 111.173 99.8841 109.111 89.2954 80.5988 88.9657 77.6838 75.3597 77.5291 75.7484 75.1013 72.6977 70.8465 88.2127 70.7671 70.7413 69.0909 72.601 68.0959 66.7269 103.815 75.1871 109.583 61.8379 61.4209 70.0532 118.25 61.2065 69.2222 101.666 59.7407 88.167 85.8286 83.0015 79.881 68.662 106.656 67.6815 59.3021 64.9533 63.051 62.1734
threshold=4.5000000000000009 58019.400390625007 72619.441406250015 3.5000000000000004 9321.4658203125018 5.5000000000000009 2.5000000000000004 37816.349609375007 1.5000000000000002 1467.9000244140627 2975.3857421875005 3866.3000488281255 4.5000000000000009 2530.900024414063 4277.8449707031259 102445.10156250001 65.500000000000014 6146.9001464843759 2.0160000324249272 3517.9001464843755 2.5000000000000004 173919.31250000003 4.5000000000000009 30.500000000000004 13.500000000000002 17.500000000000004 2.5000000000000004 39.500000000000007 9261.7001953125018 53299.000000000007 3696.2199707031255 4861.5000000000009 2.5000000000000004 5111.1000976562509 2238.099975585938 4943.3000488281259 1.0000000180025095e-35 2542.750122070313 1.5000000000000002 1893.0000610351565 11000.500000000002 28540.992187500004 37559.601562500007 4666.7001953125009 4.5000000000000009 1345.4000244140627 30000.500000000004 12298.100097656252 10.500000000000002
decision_type=2 2 2 2 2 2 2 2 2 2 2 2 2 2 2 2 2 2 2 2 2 2 2 2 2 2 2 2 2 2 2 2 2 2 2 2 2 2 2 2 2 2 2 2 2 2 2 2 2
left_child=13 2 3 -2 5 11 7 14 9 -8 25 37 -13 34 -3 16 18 30 -16 26 -21 -20 -17 24 -6 -7 -10 28 -28 -30 -11 -14 33 -33 -1 36 -36 39 41 -5 -41 -39 -42 -44 -43 -25 48 -48 -47
right_child=1 6 -4 4 23 10 8 -9 19 17 -12 12 31 -15 15 22 -18 -19 21 20 -22 -23 -24 45 -26 -27 27 -29 29 -31 -32 32 -34 -35 35 -37 -38 38 -40 40 42 44 43 -45 -46 46 47 -49 -50
leaf_value=0.022897803634691453 0.011099262186570312 0.013276193878698658 0.033649199351207498 0.00093189126115621255 -0.021342597573238583 0.0078867386438370626 -0.050150518637085056 -0.0040097023509093289 0.022334205475017795 -0.0077223948184188054 0.0011634852403780173 0.024381637000416224 0.0067326298049965785 0.020123866025784507 -0.03407318219915758 0.014610292888267913 -0.043408721154990969 -0.0070489658692772968 0.0047360257153010793 0.012112371180181722 0.033976740118195022 0.036840901570688894 0.0033755234301630225 -0.038703808036765805 0.018301327839267054 0.045896739344429491 0.0062949825259966926 0.020853707812810676 -0.045614514997501729 0.066771964328905781 0.023188333119734159 0.066546899716536392 0.050402152918216349 -0.010841429490952494 0.024244175721593122 0.018050208049646025 -0.0025115040796035823 -0.012466689581260145 0.0082165741182697715 -0.02389893609001896 0.019566234089378 -0.048386521363188453 -0.050259441597173889 0.043599051458944847 0.035966809003731143 -0.017240676011814011 -0.028580633241528406 0.049506069444276511 0.050092106943919558
leaf_weight=336.37430977076292 15195.815461784601 9471.5800459906459 229.51571081578732 428.66202867031097 61.525179035961628 3111.0369764715433 32.019642658531666 416.09733165055513 2414.8041005134583 76.117787636816502 2980.9895670041442 704.11560036242008 768.38759155571461 2526.1441608518362 42.086591608822346 2118.1163419783115 29.588318482041359 211.46645151078701 1913.8567382320762 2743.2141489088535 176.77514551579952 63.853533089160919 662.08452060073614 86.175419203937054 128.21439449489117 43.00614058971405 214.96256378293037 456.88588911294937 57.174476131796837 9.0433697402477247 248.10738435387611 24.31996401399374 67.494899183511734 65.982866123318672 161.45337146520615 431.95638346672058 613.48698842525482 374.80350805819035 1457.8438075855374 44.010331273078918 1122.496589846909 10.089029461145399 30.907671742141247 16.82959346473217 56.511106133460999 22.045990273356438 95.79784619063139 10.307725846767424 28.040403783321381
leaf_count=446 35819 19020 290 1163 369 7560 138 2001 3634 238 10236 1415 2227 3586 184 4138 148 597 5327 5048 169 77 1653 572 546 44 436 637 221 4 389 37 65 293 220 656 1423 1462 4012 164 2191 46 137 20 99 111 570 10 65
internal_value=0.0113633 0.0109003 0.00952866 0.00932313 0.0070241 0.0076025 0.012645 0.0112764 0.0156781 0.00364439 0.00488638 0.0108241 0.016344 0.0168841 0.0117211 0.0086714 0.00424424 0.00685985 0.00494232 0.0168031 0.013436 0.00577258 0.0119348 -0.00811161 0.00544634 0.00840501 0.0199214 0.0120271 -0.00231509 -0.0302659 0.0159315 0.0102336 0.0272815 0.0100005 0.011581 0.00842693 0.00306285 0.00828347 0.00465988 0.0124724 0.0165466 -0.00708696 0.0180677 -0.01717 0.0231884 -0.0187256 -0.00770304 -0.0209948 0.020455
internal_weight=52592.2 48522.8 27164.9 26935.4 11739.6 11307.5 21357.8 14717.3 6640.57 567.711 6135.03 5172.45 1630.3 4069.42 14301.2 4829.59 2049.39 535.692 2019.8 6072.86 2919.99 1977.71 2780.2 432.107 189.74 3154.04 3152.87 738.066 281.18 66.2178 324.225 926.185 157.798 90.3028 1543.27 1206.9 774.94 3542.15 1899.25 1642.91 1214.24 441.404 1170.23 47.7373 66.6001 242.367 156.192 106.106 50.0864
internal_count=119913 113582 69523 69233 33414 31171 44059 32548 11511 1362 17840 13331 4037 6331 30547 11527 5736 1224 5588 10149 5217 5404 5791 2243 915 7604 4932 1298 661 225 627 2622 395 330 2745 2299 1643 9294 5619 3675 2512 1607 2348 157 145 1328 756 580 176
is_linear=0
shrinkage=0.03


Tree=54
num_leaves=50
num_cat=0
split_feature=5 8 1 11 12 18 8 9 13 16 19 7 13 19 19 8 8 16 6 7 7 6 1 13 4 19 19 18 7 8 9 8 4 7 15 16 10 8 6 19 9 6 7 18 8 9 6 19 7
split_gain=149.176 142.692 136.437 136.671 128.982 127.864 130.44 124.542 105.397 111.53 87.9306 78.7386 78.1918 79.1257 108.099 85.4796 77.7817 95.4807 77.0402 114.713 125.449 89.9024 77.5241 76.612 86.1878 80.8515 72.4859 91.1825 133.717 111.64 79.6795 71.9911 71.6385 71.8052 112.762 123.301 113.211 87.7915 79.1933 73.7277 74.9069 73.24 120.012 71.2814 70.8802 69.361 79.8877 66.7025 66.1063
threshold=0.34313726425170904 140024.00000000003 4.5000000000000009 1.5000000000000002 11.500000000000002 4.5000000000000009 27478.500000000004 1576.9000244140627 8.5000000000000018 8.5000000000000018 7.5000000000000009 8244.7001953125018 13.500000000000002 70.500000000000014 55.500000000000007 7800.6000976562509 75496.500000000015 5.5000000000000009 68484.800781250015 7591.7001953125009 3421.700073242188 156387.00000000003 3.5000000000000004 5.5000000000000009 33630.833984375007 4.5000000000000009 46.500000000000007 1.0000000180025095e-35 4895.1000976562509 30000.500000000004 9907.8999023437518 8528.1000976562518 9321.4658203125018 3836.900024414063 2.5000000000000004 1.5000000000000002 5320.6999511718759 45000.900390625007 12770.200195312502 44.500000000000007 4676.1000976562509 50000.099609375007 4499.7001953125009 2.5000000000000004 84000.101562500015 5170.7001953125009 43998.900390625007 67.500000000000014 11821.100097656252
decision_type=2 2 2 2 2 2 2 2 2 2 2 2 2 2 2 2 2 2 2 2 2 2 2 2 2 2 2 2 2 2 2 2 2 2 2 2 2 2 2 2 2 2 2 2 2 2 2 2 2
left_child=1 2 3 -1 23 8 -7 -8 9 16 11 45 13 14 15 -12 -5 47 32 20 -20 -21 -23 31 -25 -26 -11 28 -28 -30 48 -4 33 38 35 -35 -37 39 -9 -36 -41 42 -39 -19 -31 46 -6 -18 -29
right_child=-2 -3 4 5 10 6 7 18 -10 26 12 -13 -14 -15 -16 -17 17 43 19 21 -22 22 -24 24 25 -27 27 30 29 44 -32 -33 -34 34 37 36 -38 41 -40 40 -42 -43 -44 -45 -46 -47 -48 -49 -50
leaf_value=0.027313694127357929 0.033696505753772144 0.016651912837559322 -0.038064788745021276 0.0081921282165141815 -0.042289319025587323 0.0097548504427517405 -0.027098179866817677 -0.0078098479756295884 0.0017354152594644295 0.016109745787375753 -0.033618563142999325 -0.044555674458911051 -0.012967802991856592 -0.021607678037146749 0.017786873617027556 0.0085931485849679873 0.019130524197742214 0.01194083815317391 -0.027475077317234059 -0.017493200421503648 0.022820957152811801 0.026851188418011509 -0.032697141794434892 0.013693832977999067 0.042929126188450718 -0.016792300064081011 -0.013524320860522208 0.013699452127145276 0.041888267356540707 -0.050950671908807969 -0.05045226476101846 0.021227702252110434 -0.022833151101596134 0.016957662385764828 0.019097673245292424 -0.025043522964671047 0.0092801928429433571 -0.050934090257278901 0.010281853340033701 -0.021961921974672612 0.036932594922434399 -0.008016868735135475 0.035172806413984618 -0.0087260268251781094 0.025430807502292482 -0.045331667077812686 0.013466466292744072 -0.02599830016282834 -0.050070548567880055
leaf_weight=371.81291786581278 259.561866492033 3610.576543584466 18.655739367008209 11425.576390951872 26.887643218040466 4040.5876593366265 126.17554457485676 268.15171360969543 1238.263654820621 4490.4628110527992 43.642473369836807 44.253779500722885 134.14900377392769 69.460110239684582 1406.1799348518252 4036.6830046474934 1559.5554138496518 428.92666275799274 48.635052934288979 180.81898090988398 542.18251447379589 102.66920250654221 24.341018185019493 10734.811406739056 23.85036638379097 141.1036678776145 309.26749901473522 1737.1926667913795 88.615042895078659 24.242068983614445 17.901526123285294 1522.1792632937431 109.35484775900841 108.63348580151796 389.0498144775629 427.21465757489204 108.43784414231777 17.709117099642754 1158.6916896626353 85.832139581441879 25.126030102372169 553.93564261496067 82.123156800866127 231.13945781439543 19.918472416698933 27.41987606883049 165.41531786322594 30.044407546520233 14.754545390605925
leaf_count=509 221 5910 60 28808 143 10581 572 882 3675 8923 187 221 473 284 2472 10172 3003 996 213 702 1032 168 86 20212 51 633 936 3639 102 107 78 1939 731 374 1016 2330 344 75 2837 330 46 2191 140 728 34 130 418 133 66
internal_value=0.0110095 0.0108971 0.0104712 0.00923681 0.0125104 0.00901288 0.00587182 0.0022725 0.0102335 0.0107499 0.00887918 -0.0080471 0.00966442 0.0102109 0.0106137 0.00814166 0.00919608 0.0142949 0.00314798 0.0109439 0.0186807 -0.00390539 0.015439 0.0142483 0.0133631 -0.0081573 0.0139201 0.00947485 -0.0027131 0.0224689 0.0125189 0.0205098 0.00104684 0.0018566 -0.00213114 -0.0121848 -0.018095 0.00348296 0.00688182 0.0129455 -0.0086255 -0.00375412 0.0198984 0.00470379 -0.016499 -0.000694006 0.00567074 0.0182776 0.0131624
internal_weight=52652.2 52392.6 48782 30387.3 18394.7 30015.5 8399.67 4359.08 21615.9 20377.6 5954.09 263.977 5690.11 5555.97 5486.51 4080.33 13675.2 2249.67 4232.91 898.647 590.818 307.829 127.01 12440.6 10899.8 164.954 6702.35 2211.89 442.043 132.776 1769.85 1540.84 3334.26 3224.91 1798.06 644.286 535.653 1153.78 1426.84 500.008 110.958 653.768 99.8323 660.066 44.1605 219.723 192.303 1589.6 1751.95
internal_count=119913 119692 113782 76387 37395 75878 24650 14069 51228 47553 14500 912 13588 13115 12831 10359 33668 4860 13497 2201 1245 956 254 22895 20896 684 13885 4962 1179 243 3783 1999 11296 10565 6846 3048 2674 3798 3719 1392 376 2406 215 1724 141 691 561 3136 3705
is_linear=0
shrinkage=0.03


Tree=55
num_leaves=50
num_cat=0
split_feature=13 15 5 18 9 11 9 7 2 3 8 8 6 3 12 6 10 3 10 9 9 2 8 8 14 9 3 3 10 7 2 7 6 8 2 9 2 3 8 9 6 7 15 10 2 3 2 18 9
split_gain=202.789 158.357 115.872 105.52 118.196 107.696 105.658 91.4107 134.783 92.2365 88.9483 80.37 76.841 107.265 104.547 85.6011 92.6753 79.1401 96.6758 88.3566 77.4519 104.82 78.7286 79.6522 76.2434 72.0611 71.5171 69.4079 68.704 66.8771 65.7757 65.7902 69.8445 65.3928 91.8826 62.8978 117.168 95.1746 80.9781 73.401 104.425 95.7537 69.7942 62.845 137.073 105.947 116.997 126.201 112.041
threshold=5.5000000000000009 3.5000000000000004 0.25833334028720861 5.5000000000000009 1648.3000488281252 2.5000000000000004 1717.7000122070315 11593.900390625002 51200.369140625007 6616.7602539062509 81496.402343750015 19978.100585937504 156387.00000000003 2961.8200683593755 14.500000000000002 35145.500000000007 1454.9000244140627 2597.814331054688 13422.899414062502 1736.100036621094 1834.5000000000002 73747.703125000015 16237.000000000002 20277.200195312504 5.5000000000000009 1667.7000122070315 1818.6250000000002 521.17501831054699 84037.835937500015 693.20001220703136 42492.699218750007 2671.900024414063 17400.400390625004 110006.30078125001 65398.800781250007 1316.7000122070315 18101.200195312504 3183.093383789063 27998.100585937504 956.70001220703136 49999.099609375007 4613.1000976562509 2.5000000000000004 3313.700073242188 32178.869140625004 3962.437866210938 51662.939453125007 2.5000000000000004 4954.6000976562509
decision_type=2 2 2 2 2 2 2 2 2 2 2 2 2 2 2 2 2 2 2 2 2 2 2 2 2 2 2 2 2 2 2 2 2 2 2 2 2 2 2 2 2 2 2 2 2 2 2 2 2
left_child=10 2 3 5 35 12 -6 8 11 26 29 30 13 14 15 17 20 18 24 -20 22 -22 -17 -24 -2 -19 -10 -3 -9 -1 31 32 -8 34 -14 36 -5 38 -37 41 -41 -38 -42 44 -15 -46 48 -48 -47
right_child=1 27 -4 4 6 -7 7 28 9 -11 -12 -13 33 43 -16 16 -18 25 19 -21 21 -23 23 -25 -26 -27 -28 -29 -30 -31 -32 -33 -34 -35 -36 37 39 -39 -40 40 42 -43 -44 -45 45 46 47 -49 -50
leaf_value=-0.016018882534204675 0.056728403912382132 -0.013780748172928063 0.030985657729735834 -0.025307003859017223 -0.033437473647599344 0.025680585254900815 0.0094619913925793261 -0.0350548535597393 -0.043781896094855936 -0.023761258668203621 0.022319870361137653 -0.0018760926432403707 0.0014265888237610489 0.0058035382896439993 0.0031028051478507045 0.016374068860863206 0.010449120078585797 0.017807274504491748 0.0021985096962383395 0.024331702028024264 0.020540120238825763 -0.046281958975998995 -0.028912311214776512 0.0074282661940870713 0.0085826547201187202 -0.0054505146349537043 0.021875723030013967 0.014214139750279058 0.011487320629875101 0.014147147860622565 -0.050642539833133611 0.01859448610510412 -0.047955090603684379 0.022081345923910731 0.016286262500837548 0.030388499823804628 -0.019579736022260433 -0.0072609927524288883 -0.011150070703967185 0.026051053214801785 -0.0015612435317946228 0.03595735586705797 -0.04687719497812267 0.0046900207677664334 0.017463214162406277 0.0079903269426286339 0.020398194742342092 0.0044532306316024343 -0.012243465241224633
leaf_weight=67.037716552615166 29.776737436652184 80.576044283807278 217.32786838710308 89.689887799322605 74.509090825915337 370.07154556363821 54.398115150630474 96.539063021540642 15.360775001347063 46.977998182177544 1389.8593771234155 2057.8958819359541 562.49073491990566 6645.6351185888052 1393.2675257101655 415.37787384539843 3013.4742774143815 154.52957393229008 209.25139310210943 723.88931056857109 2630.7696275264025 21.298535667359829 83.312011130154133 155.7823595777154 5060.0265946090221 534.96783458441496 533.34719284623861 7386.0950179845095 40.528794780373573 4955.6621205657721 14.832842662930487 397.15196122229099 29.357836231589317 728.05820985138416 1120.5909893065691 407.46925029158592 33.875611573457718 92.765881761908531 47.123142197728157 99.475414700806141 121.27807484567165 159.47015261650085 40.905788108706474 5310.8566671311855 2122.7229451164603 692.34070358425379 1002.2371676117182 806.0274244248867 382.30328399688005
leaf_count=214 29 295 210 340 316 552 140 461 91 195 1712 6990 1333 20161 4128 798 6429 333 524 1216 4735 108 292 369 11840 1573 981 14084 94 8663 64 906 140 964 2038 756 118 310 184 213 355 241 183 13019 4081 1893 1920 2089 1314
internal_value=0.0106032 0.0099108 0.00914159 0.00901867 0.00467494 0.00958475 0.00188887 0.00268979 0.00373359 0.0165835 0.0156031 0.000736094 0.00940851 0.00901206 0.0109137 0.0117488 0.0142545 0.00938959 0.0104917 0.0193685 0.0177226 0.0200035 0.00847993 -0.00523454 0.00886432 -0.000237999 0.0200377 0.013912 -0.0212931 0.0137445 0.0115797 0.0134988 -0.0106636 0.0145695 0.0113201 0.0132493 0.00603202 0.0204316 0.0260826 0.0122095 0.00185182 0.0262268 -0.0129908 0.00739473 0.00862759 0.0123769 0.00863176 0.0132908 0.00079218
internal_weight=52718.6 46306 38839.3 38622 4452.95 34169.1 3360.9 3286.39 3149.32 595.686 6412.56 2553.64 33799 31387.8 14425.7 13032.5 6320.01 6712.44 6022.94 933.141 3306.54 2652.07 654.472 239.094 5089.8 689.497 548.708 7466.67 137.068 5022.7 495.741 480.908 83.756 2411.14 1683.08 1092.05 544.695 547.358 454.592 455.005 261.659 193.346 162.184 16962.1 11651.3 5005.63 2882.91 1808.26 1074.64
internal_count=119994 109405 95026 94816 13078 81738 10378 10062 9507 1267 10589 8240 81186 76851 32374 28246 12731 15515 13609 1740 6302 4843 1459 661 11869 1906 1072 14379 555 8877 1250 1186 280 4335 3371 2700 1450 1250 940 1110 751 359 538 44477 31458 11297 7216 4009 3207
is_linear=0
shrinkage=0.03


Tree=56
num_leaves=50
num_cat=0
split_feature=11 12 18 1 16 15 6 8 10 10 7 19 7 9 19 19 16 19 19 4 10 10 18 10 7 14 8 9 8 9 8 19 18 7 19 4 7 16 8 8 7 19 12 9 9 7 8 8 7
split_gain=165.977 148.789 118.568 118.479 117.406 103.896 96.318 92.7327 120.612 80.8085 79.5444 77.3428 76.6568 98.8826 75.2901 89.2265 89.6113 73.8315 69.6372 68.54 67.3516 69.5093 66.3635 86.5664 78.2449 66.3419 64.9013 136.967 129.06 91.1829 71.7364 65.4522 77.2912 85.5358 103.963 63.9766 106.751 62.7555 126.802 78.9812 79.9693 71.6372 61.5982 64.877 60.0456 72.0806 59.979 59.6539 59.0204
threshold=2.5000000000000004 9.5000000000000018 4.5000000000000009 8.5000000000000018 5.5000000000000009 3.5000000000000004 100002.00000000001 74000.300781250015 2456.8000488281255 5763.6000976562509 21883.100585937504 37.500000000000007 6146.9001464843759 1798.7000122070315 62.500000000000007 53.500000000000007 7.5000000000000009 6.5000000000000009 18.500000000000004 0.13700000196695331 69352.800781250015 15357.024902343752 2.5000000000000004 365426.96875000006 14422.899902343752 7.5000000000000009 17979.000000000004 2098.900024414063 19998.200195312504 6000.1000976562509 119036.90234375001 23.500000000000004 5.5000000000000009 2750.099975585938 42.500000000000007 87543.902343750015 8485.1000976562518 1.5000000000000002 18796.100585937504 21998.600585937504 10663.100097656252 52.500000000000007 35.500000000000007 5080.3000488281259 1782.5000000000002 2500.900024414063 41494.300781250007 20277.200195312504 3511.500122070313
decision_type=2 2 2 2 2 2 2 2 2 2 2 2 2 2 2 2 2 2 2 2 2 2 2 2 2 2 2 2 2 2 2 2 2 2 2 2 2 2 2 2 2 2 2 2 2 2 2 2 2
left_child=1 2 14 5 7 11 26 25 10 -10 17 12 20 -14 15 16 18 -9 -1 -13 21 -4 -8 24 -24 37 35 31 -29 -30 -31 -28 33 34 44 36 48 38 41 40 -40 -3 43 -11 45 -33 -34 -17 -6
right_child=-2 4 3 -5 6 -7 22 8 9 42 -12 19 13 -15 -16 47 -18 -19 -20 -21 -22 -23 23 -25 -26 -27 27 28 29 30 -32 32 46 -35 -36 -37 -38 -39 39 -41 -42 -43 -44 -45 -46 -47 -48 -49 -50
leaf_value=0.05728896706738313 0.025025936793776904 0.017021672689439764 0.0026806142850568457 0.020561644157478954 0.002216678707452591 0.016702602444491801 0.016899009405007732 0.0066109827988821432 -0.037587104184378023 0.023171363663678741 -0.049567991170107843 -0.021133365910716954 0.014282216533673538 -0.033583433127238146 0.0046413693805135081 0.010759753723968816 0.013419016978499329 0.021344815713609834 0.0061915189727324805 0.0079303934557339636 0.037492508024641512 -0.025541865115321673 0.0075551924490030323 0.041915110102996693 -0.018314258587691978 -0.030253389120147269 -0.02066295122962435 -0.033193899925645393 0.0078784315667629612 -0.0074667804386316849 0.0064360233011941581 -0.030894717198364698 0.020734957765424424 -0.01385406618939933 -0.032817742014740546 0.093828008972559426 -0.04483770243014152 0.010202643154664619 -0.021151971892617621 0.0029372561599143193 0.037730299192276252 -0.0044772007295155545 0.043048548294598983 0.005301059263104555 0.038664089708213251 0.047424896783706538 -0.041574569184225335 0.019653967496526894 0.013481173257424608
leaf_weight=24.275056764483452 677.75057666003704 881.55564497411251 852.35971227288246 632.84877720475197 605.04252491146326 826.46211273223162 1110.5993284136057 363.35093044489622 34.464163653552532 212.77188611030579 15.317703261971472 74.546034350991249 55.465663008391857 129.61103286594152 912.58415006101131 887.68268880993128 11148.742704465985 1942.399306461215 2150.5395201444626 3583.7213287204504 45.401214897632599 86.51247701048851 1041.6817009299994 59.940935373306274 117.05011560022831 38.763486005365849 232.79047559946775 77.855354726314545 4200.9941468089819 728.85463967174292 616.60508494824171 30.482934094965458 157.05820314586163 479.59791039675474 37.891279175877571 8.0565183088183385 32.464802466332912 9866.2345503866673 216.06443440169096 1678.1095264106989 22.964892372488976 165.71354861557484 46.016691610217094 1299.679164968431 84.594425201416016 16.194644391536713 15.254165366291998 2882.5374375805259 1358.6618613898754
leaf_count=18 938 1913 2649 870 1648 1578 2071 948 131 347 73 234 121 535 2208 1691 21483 3476 4912 9115 53 318 2326 65 410 178 914 326 11420 2445 1381 125 398 1723 167 17 157 23787 745 4681 30 460 38 2925 143 19 86 4411 3287
internal_value=0.0102756 0.0100837 0.0117987 0.00825175 0.00858467 0.00687393 0.00617757 0.010164 0.0142076 0.00785058 0.0185703 0.00519131 -0.00152499 -0.0192386 0.0130371 0.0134853 0.0123324 0.019023 0.00676186 0.00733815 0.00180576 8.00509e-05 0.0115946 0.00676051 0.00494197 0.0089342 0.00472432 0.00330339 0.00516316 0.00570158 -0.00109532 -0.0066219 -0.00264099 -0.00738462 0.010957 0.00945893 0.00911841 0.00905259 0.00522497 0.00063914 -0.0154948 0.0136198 0.00885539 0.00781506 0.0235925 -0.00372196 0.0152189 0.0175599 0.0100104
internal_weight=52766.1 52088.4 24293.3 6286.93 27795.1 5654.08 11011.7 16783.4 3914 1592.93 2321.07 4827.62 1169.35 185.077 18006.4 17093.8 13323.6 2305.75 2174.81 3658.27 984.273 938.872 2329.27 1218.67 1158.73 12869.4 8682.4 6678.17 5624.31 5546.45 1345.46 1053.86 821.074 648.761 169.163 2004.23 1996.17 12830.6 2964.41 1917.14 239.029 1047.27 1558.47 1512.45 131.272 46.6776 172.312 3770.22 1963.7
internal_count=119994 119056 50196 15473 68860 14603 29128 39732 7938 3441 4497 13025 3676 656 34723 32515 26413 4424 4930 9349 3020 2967 4872 2801 2736 31794 24256 19147 15572 15246 3826 3575 2661 2177 454 5109 5092 31616 7829 5456 775 2373 3310 3272 287 144 484 6102 4935
is_linear=0
shrinkage=0.03


Tree=57
num_leaves=50
num_cat=0
split_feature=19 16 19 18 15 6 16 19 10 10 1 0 19 9 9 7 10 6 19 3 18 7 9 9 9 3 4 10 10 6 4 6 16 3 3 0 3 2 3 4 6 4 9 19 6 3 10 2 6
split_gain=130.597 88.7727 121.351 96.1606 121.959 105.533 84.9576 95.8791 81.4389 134.353 84.5904 79.8766 83.0759 81.542 78.223 83.3654 91.1311 70.5927 66.1423 91.5987 69.4581 89.4413 76.2297 68.901 66.0023 80.0285 72.6426 69.7468 117.77 86.3091 95.4323 84.7504 77.3959 73.1442 72.0232 66.9664 64.8862 98.4867 100.196 91.2648 72.9363 72.809 68.9174 64.557 63.35 63.246 62.9103 62.7932 78.1367
threshold=53.500000000000007 8.5000000000000018 21.500000000000004 3.5000000000000004 3.5000000000000004 11779.000000000002 11.500000000000002 47.500000000000007 3517.9001464843755 8685.5004882812518 4.5000000000000009 5.5000000000000009 63.500000000000007 766.30001831054699 1236.3000488281252 5899.9001464843759 9463.2543945312518 220070.00000000003 15.500000000000002 5956.5666503906259 4.5000000000000009 2332.099975585938 1438.7000122070315 6000.1000976562509 1271.7000122070315 3006.7373046875005 9321.4658203125018 28540.992187500004 26093.300781250004 59506.000000000007 908.50503540039074 52001.000000000007 6.5000000000000009 11628.225097656252 3262.4934082031255 2.5000000000000004 2611.185668945313 49738.376953125007 4571.9543457031259 9974.9858398437518 4398.3000488281259 23605.482421875004 3654.099975585938 22.500000000000004 200168.70312500003 8579.4501953125018 9463.2543945312518 59899.400390625007 50000.099609375007
decision_type=2 2 2 2 2 2 2 2 2 2 2 2 2 2 2 2 2 2 2 2 2 2 2 2 2 2 2 2 2 2 2 2 2 2 2 2 2 2 2 2 2 2 2 2 2 2 2 2 2
left_child=1 2 8 6 36 -6 -3 46 -1 10 -10 12 -2 -14 15 16 -11 18 20 -20 22 -22 -16 -23 25 26 -4 28 29 35 34 32 -29 -32 -31 -26 39 -38 -39 40 -5 -41 -42 -27 -45 -33 -8 48 -40
right_child=11 3 24 4 5 -7 7 -9 9 14 -12 -13 13 -15 17 -17 -18 -19 19 -21 21 23 -24 -25 27 43 -28 31 -30 30 33 45 -34 -35 -36 -37 37 38 47 41 42 -43 -44 44 -46 -47 -48 -49 -50
leaf_value=0.01162103212887439 0.01432079372333517 0.014547594821570711 0.0046982049054296688 -0.032915952991785492 -0.053389466744306266 0.018643795221288572 -0.025144702969630735 0.009845474333228443 -0.027923684957830961 0.04465568005282454 0.001935891219779128 -0.039541185129816706 0.04840568641056979 0.0052303426508747836 -0.036381513048895198 0.013363386870585416 -0.03053348202600098 -0.051947747669545047 0.017569945458091086 -0.025492048524340991 -0.030542984798442821 0.021722999679968897 0.0047432901236185701 -0.012771211242591269 0.0025464641922141782 0.021236346596727875 -0.041306729066860171 0.0024307777012259144 -0.040867288907618891 -0.053873228024758635 0.011284876837899135 0.0089202245875449494 0.030836549153855055 -0.043206748538985533 -0.0010073282134484306 0.016912870459436735 0.0016011772541747542 0.01997064108185042 0.062851922847367833 -0.027295396363961544 0.015897532468661515 0.0061617387910968104 0.0037223152937378243 -0.031747025435422474 0.045357510522907624 -0.045550452481695113 0.014665835899547983 0.0074009408840639106 -0.025366175783663885
leaf_weight=9062.7987811714411 8476.7126643434167 7154.2891479283571 688.4094355031848 31.479941457509995 18.607609942555428 1125.0043642818928 120.05431690067053 2806.3428970500827 154.11707738041878 16.291858747601509 191.47221102565527 25.914154723286629 40.530038058757782 1374.048743493855 41.549471043050289 97.75783946365118 132.47605827450752 16.838373914361 1045.2480866238475 46.432244747877121 35.826158605515957 524.39528454095125 1713.3105234354734 57.867711558938026 5240.8432705104351 29.863506644964218 32.341752491891384 118.57058165967464 49.533345475792885 34.385188445448875 2726.4077867269516 1704.1322934776545 317.45487105101347 22.351600743830204 71.25817084312439 309.24443064630032 2983.5212244316936 640.78485573083162 9.9440127536654455 95.132059335708618 1792.0225349292159 152.19008387625217 545.8865886554122 149.81183363497257 10.246146366000174 19.402895346283913 50.858724236488342 615.28000497072935 98.972363039851189
leaf_count=21782 15466 13511 1707 120 78 1986 430 5798 603 18 489 90 33 3623 166 212 504 72 2077 179 159 1072 4284 190 15164 60 185 287 202 146 5905 3755 465 118 193 581 8886 1083 14 456 3441 682 1264 577 9 96 98 1321 357
internal_value=0.00995718 0.00923995 0.00806629 0.0108267 0.00839192 0.0174717 0.0127754 0.00851688 0.0100374 0.00651415 -0.0113801 0.0130598 0.0131977 0.00646739 0.00817297 -0.00815759 -0.0222994 0.00932935 0.00962716 0.0157384 0.00681568 0.015464 0.00376959 0.0182948 0.00581945 -0.00193131 0.00263386 0.00648448 0.00525534 0.00552717 0.00976639 0.0112962 0.023112 0.0108418 -0.0182143 0.00334694 0.00690111 0.00465497 0.0113298 0.0106338 0.0124439 -0.00670749 0.0130547 -0.0192561 -0.0268112 0.00830701 -0.0132983 0.00368422 -0.0173119
internal_weight=52818.2 42901 24660.6 18240.4 8108.83 1143.61 10131.5 2977.26 13136.4 4073.58 345.589 9917.21 9891.29 1414.58 3727.99 246.526 148.768 3481.47 3464.63 1091.68 2372.95 618.089 1754.86 582.263 11524.3 910.673 720.751 10613.6 8454.02 8404.49 2854.4 2159.56 436.025 2748.76 105.643 5550.09 6965.21 4348.5 1364.98 2616.71 2369.39 247.322 2337.91 189.921 160.058 1723.54 170.913 724.196 108.916
internal_count=119994 100782 61257 39525 19688 2064 19837 6326 31807 10025 1092 19212 19122 3656 8933 734 522 8199 8127 2256 5871 1421 4450 1262 29450 2538 1892 26912 22309 22107 6362 4603 752 6023 339 15745 17624 11661 2775 5963 4825 1138 4705 646 586 3851 528 1692 371
is_linear=0
shrinkage=0.03


Tree=58
num_leaves=50
num_cat=0
split_feature=13 15 5 18 9 9 11 8 7 2 19 19 8 10 9 7 2 7 8 8 1 9 7 2 2 7 8 13 8 19 9 19 10 9 7 10 19 8 9 2 2 2 7 19 13 2 9 7 16
split_gain=188.414 143.954 110.543 94.7 109.876 99.8544 95.8805 84.9675 84.4475 124.394 83.3176 83.3153 156.082 92.6946 76.9889 75.887 75.0328 85.2966 81.6985 74.2654 66.9757 66.3072 65.143 93.0993 90.1125 86.7698 83.3713 84.6333 72.0427 71.5222 71.1455 64.9827 64.8367 64.6694 62.6112 61.9766 61.8935 71.7993 95.58 63.6409 63.1293 61.8249 61.6917 105.332 74.0992 69.9976 69.0647 60.5954 60.3724
threshold=5.5000000000000009 3.5000000000000004 0.25833334028720861 5.5000000000000009 1648.3000488281252 1717.7000122070315 2.5000000000000004 81496.402343750015 11593.900390625002 51200.369140625007 53.500000000000007 5.5000000000000009 17979.000000000004 1999.9000244140627 1528.100036621094 1.0000000180025095e-35 32612.196289062504 5472.3000488281259 51802.000000000007 19978.100585937504 7.5000000000000009 1629.5000000000002 3939.500122070313 55542.699218750007 26663.666992187504 3045.700073242188 34495.500000000007 7.5000000000000009 30384.500000000004 64.500000000000014 1416.7000122070315 1.5000000000000002 84037.835937500015 766.30001831054699 693.20001220703136 1.0000000180025095e-35 13.500000000000002 27998.100585937504 1316.7000122070315 18101.200195312504 18499.250000000004 42492.699218750007 2500.900024414063 13.500000000000002 8.5000000000000018 27856.946289062504 1153.100036621094 2671.900024414063 1.5000000000000002
decision_type=2 2 2 2 2 2 2 2 2 2 2 2 2 2 2 2 2 2 2 2 2 2 2 2 2 2 2 2 2 2 2 2 2 2 2 2 2 2 2 2 2 2 2 2 2 2 2 2 2
left_child=7 2 3 6 31 -6 11 34 9 19 15 12 13 -2 -15 -3 18 -18 -14 41 -11 -19 24 -24 33 42 27 28 -27 -28 -25 -5 -10 -13 -1 -23 40 38 39 -38 -33 47 43 -26 46 -44 -45 -7 -36
right_child=1 10 -4 4 5 8 -8 -9 32 20 -12 22 16 14 -16 -17 17 21 -20 -21 -22 35 23 30 25 26 29 -29 -30 -31 -32 36 -34 -35 48 -37 37 -39 -40 -41 -42 -43 45 44 -46 -47 -48 -49 -50
leaf_value=-0.01614325948936509 0.020579116253070746 -0.024477697648761898 0.02966169436160784 -0.047062339080623024 -0.033109867634615417 -0.010738218508979934 0.023847379629139156 0.021069803308456987 -0.034522304324048701 0.00911070089765585 0.0198205531316097 0.026933689718008465 -0.014925132906665931 -0.03128666357384717 0.011427366090716241 0.011675584319021767 0.017201249746634322 0.034367339869708732 0.0045313454795437658 -0.0022708767728805484 0.031378175300143973 0.0042537440178660093 0.0067989306706795665 -0.0036023606192930606 -0.027638558472528097 0.016778914775147487 0.024948938040377341 -0.023884354442025336 -0.017565399591150069 -0.048848626511650298 0.012293822314280471 -0.01302470421043302 0.010720344215714987 0.0084834370158748933 0.0040912897309875193 -0.019464763183967147 -0.025170718735205492 -0.020608573531028043 0.022553754545727171 0.0070067852366214461 0.033241584988283668 -0.049963945218988809 0.026648958263356889 -0.030173779081901213 -0.01406816720730694 -0.0029295919128453337 0.021659088332695104 0.017325343851890499 0.014277262676336487
leaf_weight=67.000544890761375 547.63379888236523 52.699877537786961 215.86478187143803 16.366147741675377 74.051649421453476 83.73280581086874 370.5165819004178 1379.460799947381 95.510555326938629 427.98569590598345 1263.0412582233548 175.19569116830826 563.98800422251225 62.776222221553326 96.139062032103539 6167.9401095882058 298.02463456988335 37.73348380625248 296.26914331316948 2064.8523646742105 169.79788936674595 204.46019533276558 15859.377739280462 267.43080505728722 50.463627710938454 759.72166062146425 1126.2167576178908 55.819524705410004 59.257195577025414 11.944858841598032 4829.3051661774516 30.65570043027401 40.637564644217491 7099.7640590891242 595.23783718049526 192.50243063271046 66.383327156305313 65.975805871188641 388.79844614118338 331.89874990284443 197.82857006043196 14.708368211984633 84.603982277214527 23.950780585408211 62.984348177909851 483.59323184937239 680.07900659739971 400.24868942052126 4356.9554489180446
leaf_count=214 1118 225 210 76 316 280 552 1712 461 1060 1868 285 2021 246 238 12286 656 61 884 6990 207 554 40781 705 211 1440 1821 196 187 55 9568 109 94 16367 1192 659 248 283 801 846 337 64 135 94 242 1261 1401 906 7471
internal_value=0.00964918 0.0089846 0.00825302 0.00813382 0.00402637 0.00134217 0.00866904 0.0144756 0.00211586 0.00311217 0.0127956 0.00850329 0.00298982 0.0147256 -0.00544593 0.0113693 -0.00221547 0.00483936 -0.0082244 0.000238495 0.0154357 -0.00363586 0.00890413 0.00793248 0.0108118 0.0148448 0.0188219 0.0118578 0.0142939 0.0241744 0.0114597 0.0122692 -0.0210183 0.00892776 0.0126632 -0.00724827 0.013167 0.00945286 0.0119727 0.00164363 0.027034 0.0106287 0.00906725 0.0143446 0.0171068 0.00147462 0.0198958 0.0124701 0.0130529
internal_weight=52867.4 46468.7 38985 38769.2 4469.43 3371.53 34299.8 6398.65 3297.47 3161.33 7483.68 33929.2 2299.53 706.549 158.915 6220.64 1592.98 732.721 860.257 2563.54 597.784 434.696 31629.7 20956.1 10673.6 3398.63 2012.96 874.798 818.979 1138.16 5096.74 1097.91 136.148 7274.96 5019.19 396.963 1081.54 853.056 787.081 398.282 228.484 498.69 1385.67 817.478 767.014 568.197 704.03 483.981 4952.19
internal_count=119994 109405 95026 94816 13078 10378 81738 10589 10062 9507 14379 81186 6437 1602 484 12511 4835 1930 2905 8240 1267 1274 74749 51054 23695 7043 3699 1823 1627 1876 10273 2700 555 16652 8877 1213 2624 2178 1895 1094 446 1250 3344 1948 1737 1396 1495 1186 8663
is_linear=0
shrinkage=0.03


Tree=59
num_leaves=50
num_cat=0
split_feature=13 15 5 0 3 3 18 9 0 14 3 4 10 13 3 7 18 10 6 6 9 9 13 11 9 1 9 7 10 16 3 15 18 15 7 3 9 6 7 9 1 11 6 3 0 9 3 7 10
split_gain=178.589 135.57 105.035 93.0201 106.214 159.676 99.0982 85.6408 79.6675 71.4818 71.0622 78.0735 70.7501 69.5675 69.2362 67.3798 68.7491 80.9342 103.342 66.0027 65.0847 92.6701 65.0679 64.5523 63.3712 62.1896 70.9034 61.8811 67.9227 95.3198 72.4735 86.7013 67.6907 63.0614 102.009 61.688 58.1438 65.5757 68.9949 88.2959 105.288 57.307 55.5695 86.5934 68.9504 74.1038 62.7018 70.689 68.2984
threshold=5.5000000000000009 3.5000000000000004 0.34313726425170904 1.5000000000000002 2961.8200683593755 3006.7373046875005 5.5000000000000009 956.70001220703136 5.5000000000000009 5.5000000000000009 3108.1525878906255 2.0160000324249272 183183.26562500003 13.500000000000002 2947.566772460938 7854.0002441406259 2.5000000000000004 94139.843750000015 116284.00000000001 156387.00000000003 5776.1999511718759 6000.1000976562509 7.5000000000000009 1.5000000000000002 1343.100036621094 19.500000000000004 1236.3000488281252 7656.1000976562509 165109.42187500003 2.5000000000000004 6305.6833496093759 2.5000000000000004 1.0000000180025095e-35 2.5000000000000004 3537.3000488281255 521.17501831054699 2762.700073242188 58000.099609375007 4834.7001953125009 2274.700073242188 10.500000000000002 2.5000000000000004 156387.00000000003 5476.3334960937509 2.5000000000000004 2332.3000488281255 5730.2333984375009 15704.500488281252 133517.00000000003
decision_type=2 2 2 2 2 2 2 2 2 2 2 2 2 2 2 2 2 2 2 2 2 2 2 2 2 2 2 2 2 2 2 2 2 2 2 2 2 2 2 2 2 2 2 2 2 2 2 2 2
left_child=12 2 3 6 13 7 9 -6 10 -2 24 -12 36 14 41 27 20 19 -19 -18 -17 -22 25 -9 -7 26 -8 28 30 -30 33 32 -32 34 -11 -3 37 -1 39 -39 -41 -5 43 44 -13 -46 -45 -48 -49
right_child=1 35 -4 4 5 8 22 23 -10 15 11 42 -14 -15 -16 16 17 18 -20 -21 21 -23 -24 -25 -26 -27 -28 -29 29 -31 31 -33 -34 -35 -36 -37 -38 38 -40 40 -42 -43 -44 46 45 -47 47 48 -50
leaf_value=0.014763037702433679 0.042383424550975601 -0.01374559942445671 0.029907139029438687 0.011317950109914321 0.019380663450101841 -0.022099170825128335 -0.022477409188224939 0.02857839538129164 -0.03061239079402003 0.008515162173445159 -0.0028880209172318159 0.012093381158537045 0.032990732932345244 -0.011019228813071448 0.033104835659330506 -0.0047819949844683509 -0.024522155636742333 0.042802977953102062 -0.014278167530756744 0.01059002704492466 0.059032974905198772 0.0092418914454115986 -0.019265746438023902 0.0022080175158664755 0.021314861064572203 0.064602607342405305 0.0022725467405071025 0.02660036093863459 -0.03169028414475706 0.031546809804832134 0.037648754283121706 -0.05041802759177013 -0.014037495700187301 0.011381879337189876 0.0018405696589382365 0.012687393802768411 0.016016583696266563 0.003962369614651573 0.012930066736660466 -0.034857424134741265 0.043059920825673809 0.029007845778640198 0.014080258534737627 -0.017199035724131669 -0.0056480073890414909 0.0083226154825823562 0.0069395766500467415 -0.027841019533956696 0.038137860430660947
leaf_weight=1351.0070316195488 50.704281166195869 80.321858786046505 195.93107251822948 8078.9377055838704 289.45743542909622 31.744633257389069 113.18806941062212 84.893097653985023 43.879707023501396 5143.7062370553613 454.84709636867046 4254.7106725797057 172.7705295085907 119.51622199267149 138.00699780881405 231.50578112155199 253.18986944854259 52.176713213324547 63.026559710502625 59.506609991192818 40.211932115256786 205.90118503570557 159.82241181284189 5261.981791228056 647.19324419647455 13.667232722043989 1308.1539029702544 147.78231945633888 24.314182236790657 182.2838861644268 31.261642619967461 41.92560014128685 84.297006674110889 2356.2038576602936 3438.3143819049001 7408.0511145964265 3582.9941143319011 576.19566071033478 582.95545222610235 108.74705184996128 18.223758608102798 168.24835270643234 2148.0490058138967 153.13952258229256 430.9317567050457 1650.3103373497725 756.98829380422831 98.094897240400314 16.494577541947365
leaf_count=2236 72 295 183 15547 619 97 451 142 151 13179 1106 8722 150 379 162 811 1219 76 213 144 55 550 745 16680 1076 6 4386 301 85 251 55 179 326 4838 10873 14084 5573 1280 957 384 9 183 3751 490 1143 3452 1850 459 19
internal_value=0.0093527 0.00870651 0.00799703 0.00788647 0.00898915 0.00757277 0.00593115 0.00348711 0.00972768 0.00683607 0.009894 0.00925408 0.0140542 0.0117075 0.0120315 0.00669019 -0.0011877 -0.00992094 0.0115745 -0.0178403 0.00663644 0.0173772 -0.00110826 0.0026267 0.019285 0.000914005 0.000301593 0.0073132 0.00706102 0.0241045 0.00674367 -0.0134627 -5.50107e-05 0.00703459 0.00584104 0.0124039 0.0135282 0.0101473 0.00529874 -0.00102796 -0.0236742 0.0116788 0.00983489 0.00859598 0.00990456 0.00542993 0.000504854 0.00361549 -0.0183437
internal_weight=52905.8 46512.9 39024.5 38828.6 24827.4 16322.7 14001.1 5636.33 10686.4 12406.3 10642.5 9963.57 6392.89 8504.71 8385.19 12355.6 905.519 427.9 115.203 312.696 477.619 246.113 1594.83 5346.87 678.938 1435.01 1421.34 11450.1 11302.3 206.598 11095.7 157.484 115.559 10938.2 8582.02 7488.37 6220.12 2637.13 1286.12 703.166 126.971 8247.19 9508.72 7360.67 6335.95 2081.24 1024.72 871.578 114.589
internal_count=119994 109405 95026 94843 56028 39757 38815 17441 22316 33227 22165 20992 10589 16271 15892 33155 3068 1652 289 1363 1416 605 5588 16822 1173 4843 4837 30087 29786 336 29450 560 381 28890 24052 14379 10439 4866 2630 1673 393 15730 19886 16135 13317 4595 2818 2328 478
is_linear=0
shrinkage=0.03


Tree=60
num_leaves=50
num_cat=0
split_feature=0 15 13 7 3 3 2 5 13 13 16 2 12 10 19 10 2 13 19 4 4 2 2 1 18 3 19 2 7 13 3 6 6 6 2 16 19 2 7 2 6 19 7 10 19 6 12 2 10
split_gain=157.427 165.066 139.249 116.514 105.31 102.298 91.7976 85.0343 78.5918 77.7499 87.9563 75.5568 89.3567 74.668 74.5652 114.421 92.7395 75.6972 73.8659 73.3884 73.1186 69.3954 69.8631 68.7312 68.2471 81.7275 67.1922 66.6154 65.9283 98.0421 83.9018 72.4865 86.1097 77.1306 115.761 84.0435 65.6726 68.4558 65.2475 137.58 79.6296 77.2492 159.832 119.286 71.7957 69.6479 63.2744 62.5114 62.2285
threshold=1.5000000000000002 2.5000000000000004 5.5000000000000009 1654.5000000000002 2762.5786132812505 3006.7373046875005 10966.482910156252 0.15587044507265094 3.5000000000000004 10.500000000000002 9.5000000000000018 32178.869140625004 11.500000000000002 18751.349609375004 4.5000000000000009 21420.396484375004 28414.303710937504 13.500000000000002 58.500000000000007 30952.364257812504 42.085000991821296 43998.250000000007 41970.363281250007 5.5000000000000009 3.5000000000000004 2791.033325195313 58.500000000000007 23528.200195312504 3537.3000488281255 9.5000000000000018 2503.256469726563 45000.800781250007 11998.500000000002 47655.099609375007 26462.166992187504 11.500000000000002 50.500000000000007 45865.880859375007 8929.8002929687518 65398.800781250007 180158.00000000003 63.500000000000007 6584.5000000000009 1999.9000244140627 36.500000000000007 200168.70312500003 10.500000000000002 20384.974609375004 58302.400390625007
decision_type=2 2 2 2 2 2 2 2 2 2 2 2 2 2 2 2 2 2 2 2 2 2 2 2 2 2 2 2 2 2 2 2 2 2 2 2 2 2 2 2 2 2 2 2 2 2 2 2 2
left_child=1 3 -2 26 14 9 -5 8 -8 11 27 12 24 18 15 16 -4 -16 -14 46 21 22 -10 -20 25 -6 -1 -11 -22 31 -31 32 -30 34 -33 47 37 -36 41 -40 -41 44 43 -43 -7 -42 -3 -35 -34
right_child=2 19 4 6 5 38 7 -9 20 10 -12 -13 13 -15 17 -17 -18 -19 23 -21 28 -23 -24 -25 -26 -27 -28 -29 29 30 -32 33 48 35 36 -37 -38 -39 39 40 45 42 -44 -45 -46 -47 -48 -49 -50
leaf_value=0.012842987672937798 0.015222141020185877 0.013252477881703254 -0.0070380600847627355 -0.0068040950184070472 -0.057046208600947161 0.0093177335723767796 0.015927826872835022 0.033149839260672345 -0.0092526309096385637 0.050007009513669549 0.0054128974912853525 0.014876580089691872 -0.023215581123890505 0.017394669940830266 0.013234784780173751 -0.040972510607218834 0.026339823554148475 -0.010989491738151828 0.032486299579373379 -0.028867286322447217 0.0068887918234803698 -0.046701165956511838 0.047588956805869664 -0.054470294017878639 0.0030849765921435813 0.009019410185535837 -0.012089186485210835 -0.029479159565796817 0.039123777222535572 0.017761511528973345 -0.02467945613079538 -0.043087256963302241 -0.0049258470224824522 -0.043493478470746826 0.031508750933807061 -0.0146662002235675 0.06460441120256058 -0.043522631541871609 0.0017476968855127113 0.0035057668742171743 0.020044868173499333 0.030779882190570901 -0.048997909981246965 -0.03040133816011473 0.015027642202891378 0.0054031998172383734 0.0068165237993373668 0.0057848190116758218 0.046636442246991039
leaf_weight=1802.1285961344838 4256.7689127475023 3935.9032089486718 190.986911021173 733.9967902302742 16.918022692203522 4007.5359938889742 467.00358489900827 90.484634518623352 278.83249627798796 10.13623498380184 202.59839926660061 874.99080674350262 233.84665377438068 76.508478417992592 7929.1406372711062 54.661977559328079 123.27625431865454 117.82204092293978 43.05351410806179 41.834483318030834 3676.450407423079 41.446499451994896 20.920821517705917 10.099817603826521 3386.0849305093288 4339.6891860812902 102.8351891040802 148.6796765178442 42.59480619430542 52.335859723389149 210.68558696657419 19.132962144911289 1415.7322495207191 23.357801280915737 74.138610236346722 201.31129279732704 46.482951566576958 12.838946506381033 2146.4077922180295 627.17235745489597 1118.5927637666464 88.719037055969238 57.478489086031914 42.38262876868248 3921.0214399695396 395.87444192916155 2112.8306074589491 2852.5057207942009 21.383480742573738
leaf_count=4330 6703 7129 509 2400 69 8565 733 79 980 9 716 1515 1030 151 14423 217 191 370 76 225 9680 198 20 42 10497 10664 316 677 75 179 1024 100 5449 119 155 707 43 62 5420 1480 1672 139 258 143 6648 767 4758 8143 23
internal_value=0.00894791 0.00669772 0.0101428 0.00468222 0.00942594 0.00832324 0.00341957 0.00420554 0.0039286 0.00595233 -0.00769041 0.00650133 0.00559729 -0.00893937 0.0122755 -0.000912762 0.00605511 0.0128801 -0.0159595 0.0107305 0.00330529 -0.0103163 -0.00528546 0.0159634 0.00627977 0.00876286 0.0114971 -0.0244061 0.00384266 0.00159049 -0.0162346 0.002586 -0.00291271 0.00510522 0.0259241 0.00407284 0.0358176 0.0204332 0.0101088 0.00711537 0.012495 0.0116902 -0.00728631 0.0110012 0.0121415 0.0162176 0.0110044 0.00538458 -0.00415863
internal_weight=52697.6 18277.2 34420.4 12186.6 30163.7 21747.8 10281.6 9547.64 9457.15 9342.61 361.414 8981.19 8106.2 363.508 8415.89 368.925 314.263 8046.96 287 6090.57 8990.15 341.2 299.753 53.1533 7742.69 4356.61 1904.96 158.816 8648.95 4972.5 263.021 4709.48 1479.71 3229.77 152.593 3077.17 133.461 86.9776 12405.2 4288.05 2141.64 8117.14 188.58 131.102 7928.56 1514.47 6048.73 2875.86 1437.12
internal_count=119878 46927 72951 34815 66248 50538 30169 27769 27690 25446 1402 24044 22529 1299 15710 917 700 14793 1148 12112 26957 1198 1000 118 21230 10733 4646 686 25759 16079 1203 14876 5547 9329 360 8969 260 217 25092 9339 3919 15753 540 282 15213 2439 11887 8262 5472
is_linear=0
shrinkage=0.03


Tree=61
num_leaves=50
num_cat=0
split_feature=8 12 1 4 9 1 18 7 3 3 8 7 2 9 19 2 12 12 10 4 1 2 6 12 19 2 7 7 1 19 3 8 18 8 19 19 8 3 19 3 8 19 8 2 3 15 3 6 3
split_gain=131.265 103.654 95.2564 90.3782 88.6566 88.6112 91.6994 87.8426 95.2 94.8984 97.4937 127.959 118.289 112.252 86.2308 85.4838 98.1836 122.916 108.272 84.602 83.2779 94.4353 91.8396 82.4972 96.333 80.9738 80.2481 70.8036 70.7359 69.9251 95.4991 79.8151 108.624 86.3821 68.9442 124.715 67.9553 67.0523 66.1261 91.7898 65.8676 65.3644 64.4972 91.6619 71.4103 63.945 63.7566 63.1859 63.0192
threshold=140024.00000000003 10.500000000000002 9.5000000000000018 9321.4658203125018 7965.3000488281259 17.500000000000004 3.5000000000000004 4921.7001953125009 3358.7224121093755 3550.7375488281255 16652.900390625004 4693.9001464843759 58089.099609375007 1798.7000122070315 62.500000000000007 72639.535156250015 15.500000000000002 28.500000000000004 111812.50390625001 0.13700000196695331 8.5000000000000018 52933.976562500007 107296.50000000001 23.500000000000004 63.500000000000007 21701.002929687504 2205.500122070313 4823.3000488281259 10.500000000000002 33.500000000000007 2436.7966308593755 17998.100585937504 2.5000000000000004 19924.799804687504 21.500000000000004 15.500000000000002 14396.200195312502 4637.4304199218759 40.500000000000007 2366.5163574218755 9198.8002929687518 50.500000000000007 25648.700195312504 44603.207031250007 3835.0273437500005 2.5000000000000004 7917.7250976562509 250377.60156250003 4148.6916503906259
decision_type=2 2 2 2 2 2 2 2 2 2 2 2 2 2 2 2 2 2 2 2 2 2 2 2 2 2 2 2 2 2 2 2 2 2 2 2 2 2 2 2 2 2 2 2 2 2 2 2 2
left_child=1 5 3 46 20 6 14 9 -9 10 -8 12 13 26 27 16 18 23 -4 41 22 -22 -2 24 38 34 -12 37 -25 30 -29 32 -32 -33 35 -5 -20 -1 42 -40 -16 -15 43 -18 -45 -21 -3 -17 -44
right_child=4 2 15 25 -6 -7 7 8 -10 -11 11 -13 -14 19 40 47 17 -19 36 45 21 -23 -24 28 -26 -27 -28 29 -30 -31 31 33 -34 -35 -36 -37 -38 -39 39 -41 -42 -43 48 44 -46 -47 -48 -49 -50
leaf_value=0.013041309158666468 -0.0040353778491115447 0.0063458089310244889 0.015434957625024653 -0.03943899936448729 0.016016315603517725 0.022294745550369754 0.011804802222181028 0.018323456968342804 0.0079507492504925018 -0.0092208206734950577 -0.022634386609699627 -0.001412304131826677 -0.034187721887151926 -0.05262003289208933 0.036147024260882676 0.028446378289287883 -0.037123298291486688 0.018731156562858394 -0.051776238460425998 0.0083437347109291751 -0.059613524459139144 0.0023107777682010514 0.026738235997606753 0.01605452730670854 -0.048808314729908493 0.00081433455999217568 0.0034798637187602607 -0.056360981657348506 -0.02643717442369229 0.010994178861298448 0.021086264697703659 -0.038493317577109942 -0.01096369919631336 0.0033789317699934045 -0.040067560965168947 0.029822597697488552 0.00072379356714137762 0.042421024533891155 0.028971298957076418 0.0032684283985790433 -0.0015850614287549393 0.0044374859746428644 0.0086662712891934085 0.04145111538750542 -0.046504129678633419 0.017776988826608428 -0.008812291191590476 -0.0080086151418063481 -0.027425514232904815
leaf_weight=7120.4572444185615 218.54439564049244 14263.810190681368 2144.0384714379907 44.857975736260414 3130.152819223702 472.9766548126936 2068.2774053737521 1125.1427432000637 2724.9496309459209 376.13313657790422 158.15759339928627 2240.2794231548905 59.722220152616501 33.121668592095375 44.283622071146965 340.47987915575504 98.56527166813612 377.2312982454896 23.954707503318787 2126.0771050676703 38.383880078792572 52.45231294631958 145.31451897323132 44.423472717404366 31.840048417448997 781.44084600359201 320.56422286480665 22.651546344161034 170.92058397829533 6081.6511605530977 492.00937962532043 45.514401152729988 117.99758987128735 1721.2163225486875 90.030292399227619 48.90860241651535 301.11378279328346 70.606780380010605 175.04907517135143 437.77093128859997 697.02755223959684 39.763639196753502 273.43458802253008 29.130663648247719 11.622178353369234 929.47251535207033 254.18453798443079 48.941439986228943 51.78752712905407
leaf_count=12889 522 36187 4016 273 4952 588 4413 1898 6185 1200 538 7570 250 144 47 423 408 725 100 5065 158 99 166 87 145 3144 762 94 579 12073 980 180 347 4452 542 116 699 76 258 989 1876 83 639 39 53 1548 979 122 200
internal_value=0.00867617 0.0082718 0.00661182 0.00548942 0.0142182 0.00941563 0.00920276 0.00723307 0.010982 0.00550478 0.00619926 0.00423659 0.00768779 0.0083811 0.010667 0.0104226 0.00916755 0.00362327 0.0129888 0.0104513 0.00183981 -0.023856 0.0082547 -0.000679469 0.00261943 -0.00339969 -0.00514762 0.0111399 -0.0176715 0.00928317 0.00494632 0.00553062 0.0148866 0.00230022 -0.0213163 -0.00331218 -0.003145 0.0133298 0.00413931 0.0106103 0.000668936 -0.0214915 -0.00439723 -0.0214764 0.0163674 0.0112133 0.00608042 0.0238648 0.00291911
internal_weight=52716.4 49131.6 20043.5 15483.2 3584.85 29088.1 28615.1 12201.7 3850.09 8351.57 7975.44 5907.16 3666.88 3607.16 16413.4 4560.3 4170.88 1701.78 2469.11 3128.43 454.695 90.8362 363.859 1324.54 1109.2 965.238 478.722 15672.1 215.344 8481.04 2399.39 2376.74 610.007 1766.73 183.797 93.7666 325.068 7191.06 1077.36 612.82 741.311 72.8853 464.54 139.318 40.7528 3055.55 14518 389.421 325.222
internal_count=119878 113981 50723 41241 5897 63258 62670 29656 8083 21573 20373 15960 8390 8140 33014 9482 8937 4122 4815 6840 945 257 688 3397 2731 4075 1300 31091 666 18126 6053 5959 1327 4632 931 389 799 12965 2586 1247 1923 227 1339 500 92 6613 37166 545 839
is_linear=0
shrinkage=0.03


Tree=62
num_leaves=50
num_cat=0
split_feature=0 15 13 7 3 3 13 16 19 13 1 4 11 13 6 8 12 6 6 8 14 4 7 4 7 12 19 1 18 7 3 8 7 6 15 3 8 7 12 13 19 8 7 13 6 14 6 13 3
split_gain=148.93 154.086 131.435 109.482 97.5339 93.7016 72.815 83.5008 69.3774 71.1088 69.3354 68.8419 66.6367 66.6195 64.8127 102.831 70.9641 68.5595 63.4854 107.097 63.1369 62.8791 88.245 65.3258 61.6058 116.586 90.7259 80.3178 77.3324 61.4223 59.2397 58.7422 57.759 83.0627 79.088 79.8674 68.6359 61.3865 114.314 98.2282 57.3936 57.2316 56.9466 86.465 83.3253 69.7774 67.6318 66.8363 63.9407
threshold=1.5000000000000002 2.5000000000000004 5.5000000000000009 1654.5000000000002 2762.5786132812505 3006.7373046875005 10.500000000000002 9.5000000000000018 4.5000000000000009 13.500000000000002 12.500000000000002 30952.364257812504 1.5000000000000002 3.5000000000000004 15650.800292968752 89799.300781250015 12.500000000000002 98605.000000000015 9103.0000000000018 9998.1000976562518 6.5000000000000009 180.20000457763675 6358.5000000000009 1414.486999511719 5288.9001464843759 11.500000000000002 21.500000000000004 9.5000000000000018 2.5000000000000004 1466.9000244140627 521.17501831054699 104400.80078125001 8929.8002929687518 150089.00000000003 3.5000000000000004 5014.5300292968759 5982.0000000000009 15704.500488281252 28.500000000000004 12.500000000000002 1.0000000180025095e-35 140024.00000000003 3537.3000488281255 9.5000000000000018 45000.800781250007 5.5000000000000009 47655.099609375007 5.5000000000000009 3294.0500488281255
decision_type=2 2 2 2 2 2 2 2 2 2 2 2 2 2 2 2 2 2 2 2 2 2 2 2 2 2 2 2 2 2 2 2 2 2 2 2 2 2 2 2 2 2 2 2 2 2 2 2 2
left_child=1 3 -2 14 8 6 24 -8 10 29 -4 12 -3 -5 -1 16 17 -16 19 -15 21 22 41 -23 25 28 -27 -28 -6 -10 -18 -17 36 34 37 -36 -25 39 -39 -34 -20 -7 -42 44 45 -44 -46 48 -48
right_child=2 11 4 13 5 20 7 -9 9 -11 -12 -13 -14 18 15 31 30 -19 40 -21 -22 23 -24 32 -26 26 27 -29 -30 -31 -32 -33 33 -35 35 -37 -38 38 -40 -41 42 -43 43 -45 46 -47 47 -49 -50
leaf_value=0.01467978853381504 0.014515892341685157 0.031737595684284033 0.0021742450430008104 0.013583215391094531 0.0093625488007393742 -0.035313245114872514 -0.024063943801593948 0.005036381438132384 -0.002503066660064771 -0.010942550594427084 -0.052738870808891447 -0.028480505320209314 0.009920699750241891 0.037715590762647945 -0.0098242559800716372 0.051829839127340058 0.062479074719323152 0.036954916943477356 -0.020120767032597776 -0.022969331378587511 -0.022630954718578098 0.029320293311918981 0.0053032650825108442 -0.052862134598689915 0.014047858693307625 -0.044134285985994767 0.0016640329416086892 -0.053332032939742764 0.0033823636780600233 0.013011626206235255 -0.010234106978138216 0.0095356676692780092 0.0070680528520881431 0.011133612878589206 -0.048621131355128161 -0.0023204384596113921 0.011638688440906507 -0.022636092743316009 0.06712321121319037 -0.048452795594892829 0.0057164983153554028 0.024983563604574245 0.060630361171430371 -0.014730149211600698 0.023928262753402301 -0.0043318881397005331 -0.052077942299927842 0.004605769718120746 -0.0052025602728115435
leaf_weight=1296.395590133965 4246.5187143087387 128.73773387074471 346.6809411123395 514.14725382626057 3480.7018309682608 81.661491826176643 157.44301172345877 203.38019182533026 236.72589974105358 117.69614654779434 22.007737055420876 41.297747284173965 5924.4498244822025 30.745843186974525 421.38508030027151 51.760665968060493 25.696742512285709 30.219262838363647 96.826209530234337 175.98394253849983 54.700863771140575 159.47146317362785 752.55105026066303 14.877275273203848 796.60998159646988 65.329452991485596 218.50571439415216 26.834750816226006 4414.2594147473574 7692.5089179798961 16.596823446452618 68.891921438276768 1466.3069177418947 2032.2891237288713 52.231638789176941 93.647663846611977 7506.3012969568372 135.4715863391757 14.098782479763029 29.25129684060812 4172.6422255560756 17.141185894608498 15.023217201232908 295.73900413513184 155.47199536859989 1573.1307357698679 34.14407854527235 3123.8911472335458 112.41844759136438
leaf_count=2726 6703 124 824 831 8355 289 686 716 598 370 93 225 11763 49 1523 61 59 55 438 668 191 201 1559 62 1433 325 738 112 13081 13825 74 148 3513 3677 197 216 14432 587 14 134 11067 20 21 1314 371 5944 155 9037 274
internal_value=0.00841182 0.00622533 0.00957415 0.00428085 0.00887901 0.00781888 0.00555313 -0.00766137 0.0116218 0.0122049 -0.00110362 0.0101213 0.0103847 0.00305732 0.0108758 0.00285133 -0.003214 -0.00669401 0.0025043 -0.013944 0.00952834 0.00967071 0.00180359 0.0102529 0.00608279 0.00530953 -0.0127171 -0.0043513 0.00601889 0.0125484 0.033945 0.0276801 0.00998489 0.00698253 0.00227222 -0.0188983 0.0115111 0.00414948 -0.0141752 0.00598213 0.00285927 -0.0248524 0.00309392 0.001033 0.00196274 -0.00371737 0.00459586 0.00367683 -0.0161229
internal_weight=52740.8 18305.6 34435.2 12211.1 30188.7 21773.1 9363.06 360.823 8415.62 8046.93 368.689 6094.49 6053.19 10300.2 1910.95 614.55 493.898 451.604 9786.02 206.73 12410 12355.3 851.354 11503.9 9002.24 8205.63 310.67 245.34 7894.96 7929.23 42.2936 120.653 11344.5 3823.3 1791.01 145.879 7521.18 1645.13 149.57 1495.56 9579.29 98.8027 9482.46 5309.82 5014.08 1588.15 3425.93 3270.45 146.563
internal_count=119878 46927 72951 34815 66248 50538 25446 1402 15710 14793 917 12112 11887 30169 4646 1920 1711 1578 29338 717 25092 24901 1868 23033 24044 22611 1175 850 21436 14423 133 209 22832 8338 4661 413 14494 4248 601 3647 28621 309 28183 17116 15802 5965 9837 9466 429
is_linear=0
shrinkage=0.03


Tree=63
num_leaves=50
num_cat=0
split_feature=0 15 13 7 3 3 2 5 4 10 13 13 19 10 2 13 4 11 19 10 2 7 14 4 7 10 10 7 6 2 4 7 2 7 13 2 7 13 3 2 2 19 4 10 2 16 0 10 4
split_gain=140.259 144.983 124.515 102.676 91.9855 88.3454 84.5021 81.2257 70.9818 70.2825 69.4075 67.9787 65.2566 107.216 87.1284 67.5319 65.2032 63.1576 62.496 59.9659 59.8984 79.0935 59.5072 59.0813 83.2928 78.3767 97.1696 73.1681 67.153 80.087 61.4924 58.9519 58.857 95.701 58.8145 58.521 58.0308 88.0515 80.2862 64.3759 90.2708 71.9568 60.6971 57.4106 61.7043 56.2047 55.6039 71.3955 68.097
threshold=1.5000000000000002 2.5000000000000004 5.5000000000000009 1654.5000000000002 2762.5786132812505 3006.7373046875005 10966.482910156252 0.15587044507265094 42.085000991821296 31425.200195312504 12.500000000000002 3.5000000000000004 4.5000000000000009 21420.396484375004 28414.303710937504 14.500000000000002 30952.364257812504 1.5000000000000002 58.500000000000007 211655.10156250003 33460.654296875007 4970.1000976562509 6.5000000000000009 180.20000457763675 6358.5000000000009 152851.00000000003 115764.31250000001 9038.5004882812518 198806.50000000003 33237.312500000007 1414.486999511719 1466.9000244140627 52012.554687500007 4759.3000488281259 6.5000000000000009 6026.7333984375009 3537.3000488281255 9.5000000000000018 2503.256469726563 24558.569335937504 12050.125000000002 12.500000000000002 4820.3510742187509 31031.156250000004 43998.250000000007 8.5000000000000018 2.5000000000000004 79866.300781250015 1414.486999511719
decision_type=2 2 2 2 2 2 2 2 2 2 2 2 2 2 2 2 2 2 2 2 2 2 2 2 2 2 2 2 2 2 2 2 2 2 2 2 2 2 2 2 2 2 2 2 2 2 2 2 2
left_child=1 3 32 18 12 9 -5 8 43 10 -6 -10 13 14 -4 31 17 -3 34 -19 -16 -22 23 24 -7 26 27 -26 29 -29 -25 -14 33 -2 -1 -36 -13 39 -39 40 -38 -42 -41 -8 -45 46 48 -48 -11
right_child=2 16 4 6 5 22 7 -9 11 45 -12 36 15 -15 20 -17 -18 19 -20 -21 21 -23 -24 30 25 -27 -28 28 -30 -31 -32 -33 -34 -35 35 -37 37 38 -40 42 41 -43 -44 44 -46 -47 47 -49 -50
leaf_value=0.013511870956218693 0.019492504278021024 0.030892952433624402 -0.0070622710855923285 -0.0068483840400389798 0.0050738121717184524 -0.02420563393605488 -0.020057331062645015 0.032117394594159805 0.015409843484520338 0.042149449366102001 -0.016030568361306858 0.0062291592216549953 -0.002604608022294438 -0.040062690582759665 0.039997049838460662 -0.015651700698858042 -0.028015716279607701 0.009883149009145064 -0.012228639984673051 -0.024671417028456818 -0.054297661444779696 0.030391749409626259 -0.022051771099256809 0.028441155165248456 0.012148651341900605 0.02151807682282926 -0.056552305071332444 0.01053095478308802 0.004274406813342747 -0.045584421531722479 0.0096815300627188464 0.012564918322209989 0.020786309371101236 0.0086534213360968931 -0.047464804596245101 0.0023064922177751168 0.02627993678878051 0.017409606260891788 -0.024102218567869284 0.029143192623980234 -0.027827629515234126 -0.0037551127875963008 0.0034488019728849666 0.012969826629921967 -0.035525720358263464 0.028053145489951282 0.0077486340828112543 -0.043766126411078542 0.0062355763858626331
leaf_weight=1650.098110832274 1094.2494819760323 128.29646699130535 190.88036385178566 733.58425035327673 8680.5436880886555 98.406075924634933 204.63583551347256 89.78030452132225 444.30876235663891 66.808908835053444 142.55347730219364 3691.6927046999335 237.65508289635181 54.145239263772964 82.535638920962811 79.634451940655708 40.732021376490593 5882.2066620662808 102.76106128841639 45.549723401665688 16.831021368503571 24.188021615147591 54.457163043320179 159.46870177984238 295.9092622846365 194.94225960969925 26.583794996142387 33.389269106090069 129.01096273958683 72.790878891944885 11348.737396754324 7730.2873444408178 925.68416438996792 2221.3923584669828 25.194955885410309 136.1906924918294 79.118971861898899 52.537561468780041 207.70840952917933 84.67790199816227 129.73655426502228 806.37102045118809 3621.9770625084639 128.33864087611437 28.937405295670033 208.68499760329723 72.851715594530106 36.266725137829781 164.54977063834667
leaf_count=3786 1409 124 509 2400 23887 309 833 79 693 53 644 9680 603 217 86 276 225 11627 316 136 73 32 191 201 546 282 111 77 246 297 22832 13914 1117 4177 113 431 183 179 1024 140 691 3025 10837 287 118 247 147 132 336
internal_value=0.00815664 0.00603535 0.00928458 0.0041498 0.00860863 0.0075796 0.00296438 0.00371659 0.00344762 0.00538096 0.00473283 0.0039648 0.0112724 -0.00107124 0.00564302 0.0118377 0.00981391 0.0100683 0.0105303 0.00961763 0.0252715 -0.00435819 0.00923955 0.00937743 0.00174995 0.00514364 -0.00058015 0.00222149 -0.0102685 -0.0279385 0.00994148 0.0121125 0.0140979 0.0122306 0.0118213 -0.00546363 0.00337853 0.00126626 -0.015722 0.00220256 -0.00449066 -0.00709136 0.00403579 -0.00958228 0.00404707 0.0157941 0.00828035 -0.00937287 0.0166063
internal_weight=52757.9 18314.4 34443.4 12217.7 30202.1 21786 10303.4 9569.82 9480.04 9372.26 8823.1 9118.13 8416.16 368.58 314.435 8047.58 6096.78 6056.05 1914.24 5927.76 123.555 41.019 12413.7 12359.2 851.033 752.626 557.684 531.1 235.191 106.18 11508.2 7967.94 4241.33 3315.64 1811.48 161.386 8673.82 4982.13 260.246 4721.88 1015.23 936.108 3706.65 361.912 157.276 549.162 340.477 109.118 231.359
internal_count=119878 46927 72951 34815 66248 50538 30169 27769 27690 25446 24531 26452 15710 917 700 14793 12112 11887 4646 11763 191 105 25092 24901 1868 1559 1277 1166 620 374 23033 14517 6703 5586 4330 544 25759 16079 1203 14876 3899 3716 10977 1238 405 915 668 279 389
is_linear=0
shrinkage=0.03


Tree=64
num_leaves=50
num_cat=0
split_feature=0 15 13 7 2 8 4 7 7 8 18 4 16 13 8 10 16 13 12 10 8 16 8 8 13 19 18 12 8 19 16 6 18 7 10 1 7 2 2 7 7 4 8 7 16 6 18 12 1
split_gain=132.048 136.388 118.22 97.0748 137.53 71.7516 69.2928 66.4851 122.074 89.3225 83.6505 90.1536 74.0708 76.6495 66.6153 112.801 64.7345 66.2255 63.0918 62.4703 62.3394 62.2182 61.6975 75.3506 63.1674 72.3994 61.1924 60.9133 77.335 109.557 93.0535 92.1379 86.0529 80.9837 78.4419 71.9667 61.6965 80.4574 60.2311 72.7579 77.1654 74.8511 71.9084 69.6985 66.722 69.2267 106.75 75.5732 62.0488
threshold=1.5000000000000002 2.5000000000000004 5.5000000000000009 2777.099975585938 18499.250000000004 150010.00000000003 39735.445312500007 4823.3000488281259 4943.3000488281259 15993.000000000002 3.5000000000000004 39735.445312500007 10.500000000000002 8.5000000000000018 119036.90234375001 19569.799804687504 1.5000000000000002 10.500000000000002 10.500000000000002 47701.701171875007 16652.900390625004 1.5000000000000002 43116.201171875007 24300.200195312504 8.5000000000000018 48.500000000000007 1.0000000180025095e-35 11.500000000000002 24300.200195312504 23.500000000000004 1.5000000000000002 51725.500000000007 2.5000000000000004 9261.7001953125018 422535.20312500006 19.500000000000004 15704.500488281252 65398.800781250007 85396.699218750015 6861.3000488281259 6243.7001953125009 272.83100891113287 40000.099609375007 5804.3000488281259 6.5000000000000009 70967.000000000015 5.5000000000000009 13.500000000000002 12.500000000000002
decision_type=2 2 2 2 2 2 2 2 2 2 2 2 2 2 2 2 2 2 2 2 2 2 2 2 2 2 2 2 2 2 2 2 2 2 2 2 2 2 2 2 2 2 2 2 2 2 2 2 2
left_child=1 3 -2 6 16 7 19 14 9 12 20 22 -9 -14 -4 -16 -5 -18 -3 -1 -11 26 23 24 -12 -26 -8 36 29 -29 -31 35 -32 -34 -35 -30 -10 -38 39 40 43 42 -41 -33 45 -43 47 -47 -45
right_child=2 18 5 4 -6 -7 21 8 27 10 11 -13 13 -15 15 -17 17 -19 -20 -21 -22 -23 -24 -25 25 -27 -28 28 31 30 32 38 33 34 -36 -37 37 -39 -40 41 -42 44 -44 48 -46 46 -48 -49 -50
leaf_value=0.0072026782026666106 0.01369914601317504 0.011760550842702933 0.010806668266930957 -0.029359244406575273 0.0036460954913829116 0.015396757973085349 0.086989657366993461 0.0070293380671394038 0.01077769480288746 -0.023692721941898986 -0.0088312915223146549 0.10189501694193724 0.025102200687255331 -0.042923758664905637 0.003634404843261909 -0.060173403105716484 -0.0037582114916361081 -0.042324032633759959 0.0053675887560907399 0.028200323190225623 0.0061023803507466454 -0.036401380147300565 -0.0078173485004101109 0.0070887500162364891 -0.017351823347058971 0.052382453928064426 -0.036369710954111033 -0.021017228736959399 -0.025915665510389346 -0.033857309719429837 0.015842182442336976 0.012845683804040983 0.0031861918551999912 -0.041662271376974119 0.046112978131095071 0.039977602418458151 -0.026047625613406147 0.0077265950621285516 0.021545961052967393 0.0092546177975758072 0.02263576902020811 0.03520350280077135 -0.030729867409438848 0.0010512792660392737 -0.001503542201260805 -0.0097983321536634672 -0.038470990004155853 0.015480587638798671 -0.041242254538847174
leaf_weight=4607.134140625596 4234.0004427134991 3957.8466303423047 7655.8019742444158 110.78265930712223 6234.6030074283481 1245.609718978405 8.2543612942099553 1529.5844246149063 8719.3692243546247 64.420678406953812 611.55992358922958 7.5536884292960158 344.27370996773243 15.582143262028692 127.54183141887188 30.99442732334137 1025.3083561211824 41.703963845968246 2140.874771900475 131.14899373054504 3334.7899874746799 56.3529062718153 985.78445573151112 957.62210883945227 22.3255435526371 33.513747125864029 6.4446698874235144 200.7068627551198 108.54435167461634 55.764383912086487 408.9771763086319 423.86682786047459 308.65395432710648 71.30908427387476 10.514260485768316 17.294119268655777 94.36524710804224 193.95519389212132 324.85077111423016 66.859009519219398 496.5128333941102 97.71848051995039 102.59799183905125 113.58272805809975 612.72870053350925 129.06450605392456 41.381475433707237 607.10803546011448 43.053456753492355
leaf_count=11326 6703 7223 14398 523 18411 1929 8 3790 16335 227 2073 11 621 75 252 126 3636 231 4889 199 8731 432 4032 2964 98 63 49 677 450 203 829 830 772 303 9 23 381 432 488 146 784 149 350 274 1591 359 167 1144 162
internal_value=0.00790998 0.00585211 0.00900436 0.00402361 0.00186998 0.0083465 0.0073429 0.00804337 0.00716992 0.00422006 0.00243336 -0.00159677 0.00991042 0.0221566 0.0104081 -0.00884026 -0.00753179 -0.00526555 0.00951639 0.00778386 0.00553771 -0.0220637 -0.0018962 0.00169575 -0.00604244 0.0245014 0.0329038 0.00893042 0.00596588 -0.00107002 0.00361128 0.00829838 0.00622483 -0.00384817 -0.0303832 -0.0168599 0.0103262 -0.00332747 0.0093332 0.00788235 0.013953 0.00393765 -0.014954 0.00652649 0.00608908 0.0114042 0.00841329 0.0110487 -0.0105736
internal_weight=52770.2 18320.5 34449.7 12221.7 7412.4 30215.7 4809.34 28970.1 21155.8 7907.01 6017.57 2618.36 1889.44 359.856 7814.34 158.536 1177.79 1067.01 6098.72 4738.28 3399.21 71.0519 2610.81 1625.02 667.399 55.8393 14.699 13248.8 4241.09 1055.93 855.219 3185.16 799.454 390.477 81.8233 125.838 9007.69 288.32 3059.32 2734.47 1077.02 1657.46 169.457 580.503 1488 875.272 777.554 736.173 156.636
internal_count=119878 46927 72951 34815 22801 66248 12014 64319 49543 22685 18199 9241 4486 696 14776 378 4390 3867 12112 11525 8958 489 9230 5198 2234 161 57 26858 9710 2793 2116 6917 1913 1084 312 473 17148 813 6444 5956 2050 3906 496 1266 3410 1819 1670 1503 436
is_linear=0
shrinkage=0.03


Tree=65
num_leaves=50
num_cat=0
split_feature=5 12 8 10 19 9 8 19 10 9 8 7 8 16 8 1 19 8 18 6 8 19 6 18 18 7 13 8 18 7 18 9 8 7 7 9 18 10 9 7 6 8 19 8 19 8 1 6 13
split_gain=141.604 119.5 94.0422 92.2362 83.8675 74.6097 82.4478 90.7476 102.133 78.3815 108.628 91.1574 105.512 85.0016 139.826 107.464 92.4977 94.8571 84.1324 76.483 76.2352 74.3087 73.5022 88.7217 93.6612 79.2494 73.243 83.0285 85.3204 80.7561 74.4648 74.1459 73.6797 72.9187 70.6171 70.0992 68.3122 110.781 68.1996 67.0314 87.6882 112.902 101.407 104.006 76.8417 76.3252 76.7402 79.9423 93.0215
threshold=0.051315790042281158 10.500000000000002 115797.00000000001 365426.96875000006 45.500000000000007 2700.099975585938 19675.300781250004 21.500000000000004 36641.701171875007 6122.4001464843759 124020.00000000001 7591.7001953125009 110006.30078125001 6.5000000000000009 51171.000000000007 1.5000000000000002 15.500000000000002 15058.800292968752 1.5000000000000002 156387.00000000003 43601.099609375007 5.5000000000000009 29357.000000000004 1.0000000180025095e-35 5.5000000000000009 3261.900024414063 11.500000000000002 26112.700195312504 3.5000000000000004 1.0000000180025095e-35 1.5000000000000002 1485.9000244140627 98789.199218750015 2107.900024414063 4300.3000488281259 3835.099975585938 1.0000000180025095e-35 7932.7001953125009 3995.700073242188 4823.3000488281259 65463.601562500007 15993.000000000002 63.500000000000007 20277.200195312504 36.500000000000007 25315.200195312504 1.5000000000000002 50599.000000000007 7.5000000000000009
decision_type=2 2 2 2 2 2 2 2 2 2 2 2 2 2 2 2 2 2 2 2 2 2 2 2 2 2 2 2 2 2 2 2 2 2 2 2 2 2 2 2 2 2 2 2 2 2 2 2 2
left_child=1 2 26 5 -4 6 -3 -8 36 13 11 19 -13 16 15 -15 17 -7 -14 -11 -17 -12 23 -19 25 -25 29 31 30 -1 -29 33 -30 -28 -23 -22 37 -9 -18 -31 41 -41 43 -43 -42 -45 -47 48 -48
right_child=-2 3 4 -5 -6 9 7 8 -10 10 21 12 18 14 -16 20 38 22 -20 -21 35 34 -24 24 -26 -27 27 28 32 39 -32 -33 -34 -35 -36 -37 -38 -39 -40 40 44 42 -44 45 -46 46 47 -49 -50
leaf_value=-0.0053265340594078102 0.026557976624864438 0.0065954707689767737 0.0086763997818019717 0.028622316232556243 0.01891724737915873 0.037835707829283673 0.0053243582972149761 0.014692531879895419 0.0084003868314257799 0.0024170401238778321 -0.028520611764216896 -0.016686134364539557 -0.035511775145162655 -0.045032485699775499 0.011242578645102065 0.0022244041359829382 0.017573268403041544 -0.049054754700901593 0.02376508221782166 0.051939230511442377 -0.00049241739917616227 0.020744715355686328 0.0075921129323050385 0.010941724164713305 -0.045340116353693533 -0.027749007936284351 0.04454808531445445 0.0016477874379116748 -0.01137090581895973 0.010715576182219161 0.027767091830237046 -0.021811441397124515 0.027341567023791081 -0.0072496056975486535 0.0068869309455943878 -0.037509420098733363 -0.0098150869943051684 -0.050437391873903357 0.0096030699300447483 0.012001908036017002 0.0049221457333559889 -0.0051827137735357409 -0.02426430562476475 0.013648004178656045 0.012461285956304148 -0.012774355827936722 0.016581481225449547 0.0034413971109533386 -0.046271908580733781
leaf_weight=357.64497566968203 367.18262554705143 4633.5840996205807 1332.5450505390763 163.26975712180138 1564.9872497692704 84.01240374147892 2005.9804682508111 213.68941020965576 490.15507056564093 1411.9069830849767 46.276200212538242 498.98864404112101 26.517200909554958 53.941080540418625 1157.7254280224442 843.93059351295233 2003.6373291909695 39.639119133353233 115.02685380727053 28.637049838900566 91.695856407284737 424.85768178850412 2185.4045913740993 255.88274039328098 39.380673378705978 58.547421403229237 34.213114060461521 180.31690301001072 266.86980950087309 11755.921823881567 215.80608832091093 219.44287325441837 53.041937112808228 85.806563720107079 1497.3194217607379 92.474865958094597 1374.0957728438079 26.408935241401196 1866.2104677706957 1988.3400056734681 1669.5733458697796 891.04356020689011 113.46593182533979 940.48620285093784 4485.990567818284 225.89996525645256 663.6231773942709 3789.1984375044703 21.890889719128609
leaf_count=1165 373 11406 2532 207 2155 123 5132 509 1116 3885 164 1709 98 265 2679 2333 4076 179 185 18 245 651 5341 601 196 261 50 468 1048 22871 397 798 117 273 2988 394 4652 120 4160 4346 3665 2584 548 2173 7603 797 1430 10604 108
internal_value=0.00799246 0.00786282 0.00906294 0.00615861 0.0142076 0.00598855 0.00385176 0.000758777 -0.00359338 0.00744571 0.00399341 -0.000785276 -0.0102013 0.00903936 0.00399601 -0.00375742 0.0107685 0.00646508 0.01266 0.00340151 -0.00159186 0.00904551 0.00544311 -0.00649345 -0.0017251 0.00373745 0.00852977 0.000777671 0.00657109 0.00883391 0.0158775 -0.0114425 -0.00495231 0.00751598 0.00994991 -0.0190792 -0.00723533 0.00752875 0.0137297 0.00902469 0.00768064 0.00573014 0.00385366 0.00434208 0.0104164 0.00584657 0.00428568 0.00514694 0.0145744
internal_weight=52952.5 52585.3 30856.1 21729.2 2897.53 21565.9 8743.91 4110.33 2104.35 12822 4049.53 2081.08 640.533 8772.48 2239.77 1082.04 6532.71 2662.87 141.544 1440.54 1028.1 1968.45 2578.85 393.45 353.811 314.43 27958.6 1055.5 716.035 26903.1 396.123 339.463 319.912 120.02 1922.18 184.171 1614.19 240.098 3869.85 26545.4 14789.5 8633.95 6645.61 6532.14 6155.56 5641.1 4700.61 4474.71 685.514
internal_count=119798 119425 65732 53693 4687 53486 22935 11529 6397 30551 9698 5895 1992 20853 5916 3237 14937 6701 283 3903 2972 3803 6578 1237 1058 862 61045 3151 2030 57894 865 1121 1165 323 3639 639 5281 629 8236 56729 33858 22590 18244 17696 11268 15112 12939 12142 1538
is_linear=0
shrinkage=0.03


Tree=66
num_leaves=50
num_cat=0
split_feature=5 12 10 9 13 3 9 3 9 1 12 3 13 6 3 9 3 14 9 4 10 19 19 9 19 7 6 6 7 1 4 15 13 1 12 15 12 7 9 9 9 4 3 3 9 9 6 0 7
split_gain=134.611 112.686 86.8873 82.9814 78.3685 77.1135 70.1325 93.3033 79.2936 69.717 137.05 67.5481 93.4793 72.4999 82.9057 78.5135 67.506 59.0168 57.7278 57.2628 56.2886 56.1082 70.3228 110.085 88.4008 86.0604 113.493 78.8172 75.3185 92.6641 85.8041 69.2761 67.1697 69.0807 67.0994 79.0983 61.982 58.7626 58.1607 57.2092 88.5708 55.8606 62.0022 55.8269 55.2579 77.62 69.2407 52.8683 52.2883
threshold=0.051315790042281158 10.500000000000002 365426.96875000006 9060.5000000000018 11.500000000000002 1.0000000180025095e-35 2700.099975585938 7036.2397460937509 600.10000610351574 11.500000000000002 14.500000000000002 2961.8200683593755 2.5000000000000004 65463.601562500007 4938.2336425781259 1236.3000488281252 1992.477233886719 8.5000000000000018 8908.2001953125018 8.0060000419616717 39567.621093750007 6.5000000000000009 25.500000000000004 4325.3000488281259 42.500000000000007 10301.100585937502 93285.800781250015 17002.500000000004 9341.1000976562518 11.500000000000002 25699.299804687504 1.5000000000000002 8.5000000000000018 15.500000000000002 18.500000000000004 2.5000000000000004 16.500000000000004 9163.7001953125018 4511.9001464843759 2983.500122070313 3044.500122070313 3807.145385742188 1852.1072387695315 3375.471557617188 3672.700073242188 1750.100036621094 25981.000000000004 1.5000000000000002 1654.5000000000002
decision_type=2 2 2 2 2 2 2 2 2 2 2 2 2 2 2 2 2 2 2 2 2 2 2 2 2 2 2 2 2 2 2 2 2 2 2 2 2 2 2 2 2 2 2 2 2 2 2 2 2
left_child=1 3 6 4 5 -1 8 21 48 -10 19 12 -7 15 -15 20 -12 -16 -17 -11 -13 -8 23 -23 25 26 36 -26 30 43 37 -28 33 -27 35 -33 39 38 -25 -24 -41 42 -42 -30 45 46 -6 -46 -3
right_child=-2 2 -4 -5 44 11 7 -9 9 10 16 13 -14 14 17 18 -18 -19 -20 -21 -22 22 24 28 27 32 31 -29 29 -31 -32 34 -34 -35 -36 -37 -38 -39 -40 40 41 -43 -44 -45 47 -47 -48 -49 -50
leaf_value=-0.0050203664293892118 0.025899830946585083 -0.048610225638120237 0.027778489778070029 0.014410235961091936 0.029126275677760757 0.021095837178910615 0.0013571405233710929 -0.0059766230653513696 0.0021877464320202516 0.038802699560026556 0.021939797443648809 0.015174734645551516 0.0099264635508260739 0.012781057743812907 0.0047482363369107019 0.0053266547902516906 -0.0057224867479954838 0.057485077317209914 -0.052352030858443033 0.015213025201147957 -0.052606923842941938 0.015111608816994233 -0.029616222599756707 -0.013039305439262707 -0.020544263683565343 -0.042109004935145522 0.019353943701423803 0.009499609824714662 0.050695065765236878 -0.014267886896532467 -0.032389298137451554 -0.029203441482556651 0.018439327473646117 0.0023297953370335035 -0.033172651432076254 0.01567402805495496 -0.018689899339430934 -0.052384307946343661 0.0071366612339273461 0.049884516142426012 0.054332567583823217 -0.0027902221890069986 -0.00066623324194696053 0.019051800015249625 -0.0052182686464835714 -0.014501677437639039 -0.0047918120374118968 0.015036524821889928 0.025508302310532107
leaf_weight=365.28852511942387 365.24727582931519 8.9609953165054304 163.18369334936142 2195.9387336075306 86.002069979906082 720.94393113255501 1135.1117349341512 464.89622985571623 7325.8681303523481 111.43056392669678 95.799307703971863 921.42728535830975 10439.673657953739 3920.0233450680971 1968.6345701664686 9187.3295073434711 463.75681916624308 19.285164132714272 15.643574386835096 548.41268026083708 11.16007839143276 2671.3652352392673 54.913584686815739 135.18749453872442 80.526822499930859 99.183991558849812 438.56209550797939 3262.6797352880239 59.224320992827415 67.226624064147472 53.902465246617794 44.075235188007355 34.725347094237804 46.123287193477154 45.56177581846714 178.49372613430023 197.81131248176098 15.52108436077833 2634.4690885469317 33.367027387022972 34.150376260280609 674.28314519673586 40.120434805750847 328.55458795279264 180.73308735340834 358.14910589158535 146.3373801857233 323.71133229136467 194.48975700885057
leaf_count=1181 373 40 207 3736 155 859 3111 1528 19996 125 170 1933 20084 6597 4157 23834 1280 17 69 993 47 5790 220 415 311 411 805 6900 43 199 295 151 64 111 156 308 741 67 6082 58 29 2017 108 631 593 1276 492 702 331
internal_value=0.00775031 0.00762429 0.00597003 0.00878977 0.00835919 0.0086718 0.00580511 0.00721741 0.00373397 0.00329328 0.00993505 0.00885565 0.010648 0.00760883 0.0102503 0.00606913 -0.000986541 0.00525985 0.00522861 0.0191967 0.0143636 0.00771347 0.00835595 0.0105861 0.00582887 0.000700926 0.00274243 0.00877595 0.00691615 0.0182476 0.00510012 0.0120096 -0.0190453 -0.0280033 -3.12455e-06 0.00678696 -0.00358728 0.00582566 0.00615187 -1.73113e-05 0.00206139 -7.03379e-05 0.0246227 0.0238846 0.000487989 -0.00574112 0.0077632 0.00777961 0.0222437
internal_weight=52967.5 52602.2 21741.9 30860.3 28664.3 27569.4 21578.8 12830 8748.72 8545.27 1219.4 27204.1 11160.6 16043.5 5907.94 10135.6 559.556 1987.92 9202.97 659.843 932.587 12365.1 11230 5965.45 5264.58 1921.37 1741.34 3343.21 3294.09 455.006 2839.08 706.693 180.033 145.307 268.131 222.569 1034.65 2785.18 2769.66 836.835 781.921 748.554 74.2708 387.779 1094.93 590.489 232.339 504.444 203.451
internal_count=119798 119425 53693 65732 61996 58778 53486 30551 22935 22564 2568 57597 20943 36654 10771 25883 1450 4174 23903 1118 1980 29023 25912 13522 12390 5179 4593 7211 7732 873 6859 1420 586 522 615 459 3173 6564 6497 2432 2212 2154 137 674 3218 1923 647 1295 371
is_linear=0
shrinkage=0.03


Tree=67
num_leaves=50
num_cat=0
split_feature=8 9 12 13 7 12 9 9 1 12 8 8 6 13 19 8 18 12 15 10 8 10 8 7 7 6 19 19 16 2 6 15 10 7 7 9 2 12 12 7 18 2 1 19 19 6 9 16 9
split_gain=101.594 95.9469 93.2807 77.6895 72.1984 70.2899 80.3463 80.5778 70.3889 105.689 95.8225 96.6958 79.9502 68.8334 67.7563 65.5774 88.6936 82.8423 74.5153 65.4074 77.955 72.8788 69.9927 66.2338 78.2045 62.667 60.5958 59.7949 69.6446 115.53 76.208 68.0254 104.509 65.3975 65.9399 64.661 69.0492 63.7579 71.2792 85.1454 59.0915 64.1671 59.0691 58.1583 68.2913 58.3077 57.7263 56.0697 59.7237
threshold=135545.80468750003 7663.5000000000009 9.5000000000000018 12.500000000000002 1.0000000180025095e-35 10.500000000000002 2604.900024414063 2475.3000488281255 11.500000000000002 12.500000000000002 42699.900390625007 48399.000000000007 49201.000000000007 18.500000000000004 42.500000000000007 13578.600097656252 3.5000000000000004 12.500000000000002 2.5000000000000004 6714.1000976562509 36999.000000000007 21139.700195312504 14001.000000000002 1415.5000610351565 2702.099975585938 10406.300292968752 4.5000000000000009 6.5000000000000009 6.5000000000000009 25724.833007812504 30000.500000000004 1.5000000000000002 165109.42187500003 1552.9000244140627 6358.5000000000009 4093.700073242188 6603.0000000000009 28.500000000000004 23.500000000000004 11821.100097656252 1.0000000180025095e-35 71607.507812500015 11.500000000000002 63.500000000000007 59.500000000000007 13992.500000000002 4795.9001464843759 1.5000000000000002 5776.1999511718759
decision_type=2 2 2 2 2 2 2 2 2 2 2 2 2 2 2 2 2 2 2 2 2 2 2 2 2 2 2 2 2 2 2 2 2 2 2 2 2 2 2 2 2 2 2 2 2 2 2 2 2
left_child=1 3 -3 4 15 -6 7 8 10 12 -7 -12 -10 14 -2 16 -1 -17 -19 23 21 22 -21 -5 -25 -16 -9 33 35 42 -31 -32 -33 -8 -35 -29 -37 38 43 -40 -36 -42 -30 44 45 -38 -43 -26 -49
right_child=13 2 -4 19 5 6 27 26 9 -11 11 -13 -14 -15 25 17 -18 18 -20 20 -22 -23 -24 24 47 -27 -28 28 29 30 31 32 -34 34 40 36 37 -39 39 -41 41 46 -44 -45 -46 -47 -48 48 -50
leaf_value=0.033948687496545255 0.0085016348275295667 0.0072673435714526169 -0.0044426677653074996 0.02247354324748118 0.0087450901349316774 0.0045522033553244941 -0.048672194057188589 -0.048542965730525453 -0.023498005479679944 0.0045515836663333909 -0.036705690901780164 -0.00087192781411574096 0.027085138706535512 -0.057696094165386888 -0.059090897211428364 -0.012722500090220801 -0.029409559460731153 0.052343923315773061 -0.042124084798293403 0.047858240332873427 0.019562257778556674 -0.027042989285188553 -0.016611699804891494 -0.046151560156847793 0.015078591740360699 0.016708728648992758 -0.0045588941322294123 0.013543630148586675 -0.011290371404713003 0.049893784858307477 0.012199790412460467 0.0038683677682146531 -0.037440634796814476 0.0067831197409563395 0.016926113123862663 -0.050048250763027921 0.02658034087910378 0.027829023983265668 -0.052525996844686854 0.02496589501519773 -0.030013704064765095 0.02144853084335973 0.011801821363138652 -0.018628421145423048 0.02229598087185523 0.0059087693214886199 -0.050085575380879689 -0.0077933826707374965 -0.046225660558557216
leaf_weight=78.840621270239353 2033.0308947265148 1212.1372868046165 1237.0660189762712 59.851452276110649 26472.410494424403 6302.1811346709728 23.034736350178719 29.796751827001572 30.244331076741219 680.675577275455 100.68122442811728 207.36081099510193 400.81095871329308 12.671706154942511 9.8661219924688321 393.25143917649984 26.592185594141483 33.401742003858089 9.6963290646672231 30.958799824118614 229.65037468075752 82.308666571974754 29.691171266138554 50.946792542934418 84.670294165611267 1943.2086699157953 522.75675681978464 3246.2942898347974 491.56626074761152 38.736227780580521 1140.8289958611131 793.76727318018675 59.232852414250374 773.75089636445045 54.044877626001835 18.593171074986458 128.76911118626595 138.81964422017336 37.583865433931351 19.32162843644619 135.94009365141392 49.463643960654736 125.05788780748844 73.93284946680069 284.56701361387968 2652.181718327105 12.775102600455282 339.00993638113141 40.767458789050579
leaf_count=116 3966 2615 3641 140 56244 16330 104 134 90 1613 460 631 543 53 41 1529 111 68 52 33 434 307 105 243 202 2684 1485 6965 1737 62 2607 1952 211 1964 115 81 233 187 165 31 540 91 257 281 427 6405 57 1252 204
internal_value=0.00751552 0.00714018 0.00135274 0.00744478 0.00762153 0.00775247 0.00633764 0.00413636 0.00492828 0.0119125 0.00375365 -0.0125839 0.0235361 0.0121133 0.0123353 -0.00326467 0.0179685 -0.00839513 0.0310902 -0.00105608 0.00873575 -0.00865607 0.016297 -0.00739862 -0.0108676 0.0163258 -0.00693076 0.00810635 0.0088762 0.00476726 0.00821791 0.00740823 0.000999845 0.00131846 0.00244082 0.0105255 0.00760405 0.00792545 0.00706103 -0.0262145 -0.0108801 -0.0184631 -0.00660703 0.00766418 0.00829829 0.00686595 0.00676547 -0.00699719 -0.0119189
internal_weight=52982.8 48984 2449.2 46534.8 45587 45045.2 18572.8 8274.51 7721.95 1111.73 6610.22 308.042 431.055 3998.78 3986.11 541.782 105.433 436.35 43.0981 947.855 372.609 142.959 60.65 575.246 515.394 1953.07 552.554 10298.3 9249.25 2649.19 2032.57 1993.83 853 1049.01 1025.97 6600.06 3353.77 3335.18 3196.36 56.9055 252.224 198.179 616.624 3139.45 3065.52 2780.95 62.2387 464.448 379.777
internal_count=119798 113054 6256 106798 103878 102002 45758 21286 19667 2246 17421 1091 633 6744 6691 1876 227 1649 120 2920 879 445 138 2041 1901 2725 1619 24472 21601 6826 4832 4770 2163 2871 2767 14775 7810 7729 7542 196 803 688 1994 7346 7065 6638 148 1658 1456
is_linear=0
shrinkage=0.03


Tree=68
num_leaves=50
num_cat=0
split_feature=5 12 8 10 19 1 3 0 19 2 13 4 4 12 8 2 10 7 7 2 2 1 0 19 10 7 3 1 10 1 13 3 3 8 19 12 8 12 10 7 3 3 7 2 1 4 3 1 8
split_gain=128.162 100.841 84.0578 81.669 78.2162 66.5695 84.0608 88.4123 64.119 63.4065 63.229 63.4068 62.6184 63.5399 73.7786 64.1588 59.7429 55.8243 82.9171 82.6753 76.5678 86.9597 74.0515 65.2345 56.1045 95.7741 83.1527 87.0046 95.3103 78.5499 75.918 65.3618 76.357 55.4541 54.9663 53.9666 53.8744 53.0521 54.9267 53.0197 52.9811 52.9668 75.4856 92.2869 87.221 62.4774 55.1948 53.3028 62.5299
threshold=0.051315790042281158 10.500000000000002 115797.00000000001 365426.96875000006 45.500000000000007 4.5000000000000009 3496.600219726563 1.5000000000000002 2.5000000000000004 37308.279296875007 6.5000000000000009 14961.870605468752 46363.501953125007 13.500000000000002 15902.000000000002 70504.882812500015 12391.900390625002 11242.100097656252 11821.100097656252 40529.666015625007 37571.951171875007 13.500000000000002 5.5000000000000009 39.500000000000007 63528.201171875007 2419.900024414063 2762.5786132812505 3.5000000000000004 92638.800781250015 5.5000000000000009 9.5000000000000018 4251.4167480468759 3815.6760253906255 7200.5000000000009 31.500000000000004 16.500000000000004 16415.200195312504 27.500000000000004 139576.89843750003 3636.700073242188 2708.775024414063 1.0000000180025095e-35 2596.700073242188 11454.399902343752 1.5000000000000002 58.086002349853523 2422.0070800781255 3.5000000000000004 9563.8999023437518
decision_type=2 2 2 2 2 2 2 2 2 2 2 2 2 2 2 2 2 2 2 2 2 2 2 2 2 2 2 2 2 2 2 2 2 2 2 2 2 2 2 2 2 2 2 2 2 2 2 2 2
left_child=1 2 5 12 -4 10 7 8 -7 16 41 33 17 -14 -15 35 34 19 23 20 -3 -22 24 -19 25 -21 -26 28 -28 31 -27 32 -29 -12 -8 -16 -30 -31 -39 -10 -23 -1 44 -44 -43 -45 -46 -47 -49
right_child=-2 3 4 -5 -6 6 9 -9 39 -11 11 -13 13 14 15 -17 -18 18 -20 22 21 40 -24 -25 26 30 27 29 36 37 -32 -33 -34 -35 -36 -37 -38 38 -40 -41 -42 42 43 45 46 47 -48 48 -50
leaf_value=-0.0050771286908562665 0.025063400322439221 0.0052899324572988817 0.0078056915564286219 0.026763703442935837 0.017713439465052098 -0.044579476075578293 -0.048790765321415352 0.01404287824522839 0.013058578478579075 0.0076742282464591187 -0.050221598637349513 -0.022535760934935211 -0.02563561469098994 0.053386536264091421 0.0055282963070561342 0.026164821083246654 0.0089613620136915709 -0.037857269321932202 0.0026255771816309581 -0.019639895601191004 -0.00077141259882366477 0.0050113211973066233 -0.057450128235780606 -0.0015817871549209279 0.025259303785142823 0.012468025046486413 -0.0146044387847765 -0.02805038635689179 -0.025376660045466157 -0.00021930116799546317 -0.0055136671604151932 -0.040023810603269004 0.020717955446961721 0.0037552683999436936 -0.0087343926733098477 -0.039836974309839679 0.026834444839083468 0.038583368479887942 -0.016346935428621569 -0.0019299614601156554 -0.046389939557026784 0.0068144505575216214 -0.012479612465636898 -0.012504977057437614 0.016332306570181178 0.0093353844922996632 -0.034296191632892381 0.017745756360316979 0.0047885870039147118
leaf_weight=296.13654611259699 362.52890767157078 13032.307726964355 1331.394409686327 162.88712042570114 1554.2862449362874 24.1599982380867 36.59095074236393 4377.8940041363239 394.03478257358074 2369.0350198596716 17.245137855410576 87.746289141476154 116.2227808535099 22.881827615201473 44.597059518098831 41.738196969032288 155.96971868723631 87.049535378813744 1217.4782020561397 90.550128497183323 686.52644874900579 24.976917147636414 15.08640570938587 91.527868650853634 157.59397299587727 4078.6478049010038 75.518753096461296 60.078865543007851 19.069585457444191 916.99074606597424 222.8591423034668 78.756705820560455 55.667325064539909 2568.7843789607286 195.88246808946133 50.127632237970829 264.42466985434294 63.69977006316185 22.056047946214676 460.79186174273491 65.05110065639019 1896.7187472134829 223.43077172338963 146.6181293129921 1949.1086913719773 5740.4919725880027 19.574492909014225 352.9228431135416 6676.8064556717873
leaf_count=964 373 33508 2532 207 2155 119 165 6645 776 4346 75 472 712 71 189 90 316 361 3155 340 1795 51 62 216 237 8030 246 198 62 2093 580 298 96 6898 529 315 408 59 59 1215 255 3865 697 403 3321 12338 64 665 17172
internal_value=0.00728716 0.00716473 0.00826715 0.0056008 0.0131422 0.00776455 0.0100743 0.0122996 0.00361687 0.00583214 0.00683784 0.00254433 0.00544122 -0.008768 0.00353489 -0.00482413 -0.00540237 0.00562483 -0.000174529 0.00603107 0.00474463 -0.00440683 0.00893325 -0.0192647 0.00909727 0.0108936 0.00449373 0.00239092 0.0153445 -0.00149339 0.0115364 -0.0189409 -0.00459559 0.00339532 -0.0150392 -0.0184787 0.0233224 0.00189091 0.0244555 0.00497905 -0.0321294 0.00750135 0.00772039 0.00663634 0.0114056 0.006967 0.0158289 0.00719056 0.00543909
internal_weight=53002.5 52640 30875.6 21764.4 2885.68 27989.9 8014.36 5256.88 878.987 2757.48 19975.6 2673.78 21601.5 275.567 159.345 136.463 388.443 21325.9 1396.06 19929.9 13808.9 776.554 6121 178.577 6105.91 4392.06 1713.86 1556.26 359.013 1197.25 4301.51 194.503 115.746 2586.03 232.473 94.7247 283.494 1002.75 85.7558 854.827 90.028 17301.8 17005.7 13140.3 3865.4 12916.8 1968.68 12770.2 7029.73
internal_count=119798 119425 65732 53693 4687 61045 14111 8755 2110 5356 46934 7445 53486 1377 665 594 1010 52109 3732 48377 35609 2101 12768 577 12706 8950 3756 3519 716 2803 8610 592 294 6973 694 504 470 2211 118 1991 306 39489 38525 31275 7250 30578 3385 30175 17837
is_linear=0
shrinkage=0.03


Tree=69
num_leaves=50
num_cat=0
split_feature=5 12 8 13 8 8 4 12 8 2 1 3 0 19 11 12 2 19 19 2 2 12 1 0 2 12 3 8 7 19 12 1 3 7 2 4 8 1 3 19 7 2 2 2 19 14 16 2 7
split_gain=121.877 95.1863 80.4209 71.554 69.4949 69.1408 61.4083 60.458 67.959 58.6059 58.5026 82.3432 60.7637 66.1769 56.6232 52.2599 50.5595 79.5649 58.1329 50.448 65.2943 49.9849 102.403 58.9061 48.8778 101.961 74.8292 75.8631 63.8307 56.1423 51.9425 51.5887 48.7827 56.6566 113.528 90.0591 75.944 69.437 65.6527 64.8483 65.5997 63.3279 53.1629 67.5788 50.6609 50.377 48.6292 72.7553 84.5667
threshold=0.051315790042281158 10.500000000000002 135545.80468750003 11.500000000000002 26112.700195312504 19675.300781250004 46363.501953125007 13.500000000000002 15902.000000000002 70504.882812500015 4.5000000000000009 3496.600219726563 1.5000000000000002 2.5000000000000004 2.5000000000000004 16.500000000000004 37308.279296875007 48.500000000000007 39.500000000000007 33659.412109375007 24957.187500000004 13.500000000000002 11.500000000000002 4.5000000000000009 52933.976562500007 14.500000000000002 6305.6833496093759 112799.00000000001 7725.7001953125009 65.500000000000014 51.500000000000007 2.5000000000000004 1.0000000180025095e-35 2596.700073242188 11454.399902343752 0.068500000983476653 124020.00000000001 1.5000000000000002 2422.0070800781255 58.500000000000007 3202.900024414063 9376.3378906250018 109868.94921875001 40001.000000000007 63.500000000000007 5.5000000000000009 10.500000000000002 16840.916015625004 10837.100097656252
decision_type=2 2 2 2 2 2 2 2 2 2 2 2 2 2 2 2 2 2 2 2 2 2 2 2 2 2 2 2 2 2 2 2 2 2 2 2 2 2 2 2 2 2 2 2 2 2 2 2 2
left_child=1 2 3 10 5 -5 14 -8 -9 15 32 12 13 -12 21 -10 17 18 19 20 -13 22 46 -24 30 28 29 -28 31 -27 -23 -26 42 36 41 39 37 45 44 40 -36 -35 43 -1 -39 -34 -3 -48 -49
right_child=-2 6 -4 4 -6 -7 7 8 9 -11 11 16 -14 -15 -16 -17 -18 -19 -20 -21 -22 24 23 -25 25 26 27 -29 -30 -31 -32 -33 33 34 35 -37 -38 38 -40 -41 -42 -43 -44 -45 -46 -47 47 48 -50
leaf_value=0.00066305370279965596 0.024451566379374699 0.0059535186579607541 0.013667921265649334 -0.002691052989333679 0.005142318035201497 -0.032782375337269937 -0.025274146458780226 0.050354240422215264 0.0053488887932323171 0.02433801524470015 -0.044006806625921151 -0.049137858261694541 0.013817090716051672 0.0065243034708846789 0.01842720510517698 -0.039490821578948891 0.0075457240916512102 0.01026045315803694 -0.045637408088857613 -0.038474877311993456 0.011395171243079115 0.0017581035482556449 0.015362564441686793 -0.015061251600277822 -0.048431864855567178 0.014641844972264279 -0.021107804151232437 0.012645450820791097 -0.029625698766133624 -0.046451227596042623 -0.051508055261681653 0.018666907743212443 0.049682098640440188 -0.00072284761800447148 0.0057046185694342331 0.0069049172265397878 -0.061307768896807377 0.015378475695654882 -0.036520040464502995 0.012994517982605008 -0.054869562204469403 -0.031373333266749799 0.051088800706392004 -0.031419900530742298 -0.016948339023743618 0.0061011162445500332 -0.030756600897042973 0.0043022647310529622 -0.040494587965611929
leaf_weight=278.38965261727571 360.48342409729958 13093.155258193612 2113.3069292008877 242.26214241236448 753.41178199648857 95.93554674834013 114.80983037501574 23.521773763000965 44.708374463021755 42.550202958285809 23.981841787695885 19.148006588220596 4252.6533830761909 852.30062501132488 305.76807855069637 49.066069781780243 2381.0235590711236 181.90672643482685 48.67590918391943 37.285967320203781 98.720265425741673 4523.9834720753133 1343.3955735266209 59.827145263552666 12.416133821010588 1088.5453828573227 122.59972347319126 117.23869124799967 99.122724004089832 13.708293750882147 16.536625325679779 60.870273694396019 24.146227225661278 142.67413956671953 23.338996708393097 14699.037701912224 13.306407138705252 2143.4343275800347 22.738320738077164 35.819584116339684 51.808675967156887 105.5513764321804 15.235327161848543 75.00954170525074 44.536972664296627 2098.6265411823988 72.685059934854507 531.62737759202719 40.840478003025055
leaf_count=809 373 31950 3236 723 2143 398 713 71 189 93 120 88 6411 1913 462 315 4331 343 189 142 219 12419 2292 161 56 1901 448 201 342 63 72 100 16 389 46 34815 54 3707 77 66 228 405 16 365 142 4341 322 1360 163
internal_value=0.00706723 0.00694821 0.00801949 0.00760445 7.08565e-05 -0.011227 0.00542939 -0.00866622 0.00326244 -0.00486289 0.00790167 0.0100847 0.0123348 0.00514138 0.00560944 -0.0181128 0.00591342 -0.00416224 -0.0170337 -0.00805992 0.00156142 0.00542454 0.0063458 0.0140654 0.00312079 0.00778779 0.0105777 -0.00460841 -0.01393 0.0138821 0.00156411 0.00729908 0.00702998 0.00723536 0.00636442 0.00670165 0.0102525 0.0104722 0.0141934 -0.0202233 -0.0360567 -0.0137562 -0.00378112 -0.0061466 0.0147205 0.00659684 0.00555732 -0.00248338 0.00110641
internal_weight=53011.7 52651.2 30874.3 28761 1091.61 338.198 21777 274.656 159.846 136.325 27669.4 7895.7 5128.94 876.282 21502.3 93.7744 2766.76 385.737 203.83 155.154 117.868 21196.6 15141.5 1403.22 6055.02 1514.5 1342.09 239.838 172.409 1102.25 4540.52 73.2864 19773.7 19405 15058.2 14810 4346.79 4333.48 2210.71 110.967 75.1477 248.226 368.635 353.399 2187.97 2122.77 13738.3 645.153 572.468
internal_count=119798 119425 65732 62496 3264 1121 53693 1381 668 597 59232 13756 8444 2033 52312 504 5312 981 638 449 307 51850 36248 2453 15602 3111 2613 649 498 1964 12491 156 45476 44286 35949 35155 8337 8283 3926 340 274 794 1190 1174 3849 4357 33795 1845 1523
is_linear=0
shrinkage=0.03


Tree=70
num_leaves=50
num_cat=0
split_feature=15 8 8 19 9 18 16 13 19 2 8 2 3 9 3 12 8 7 7 9 9 7 3 3 3 9 9 9 19 8 3 3 2 19 3 19 7 7 2 15 11 9 12 3 9 8 8 10 8
split_gain=116.182 100.265 104.025 163.411 103.735 102.015 96.8388 92.443 92.4298 92.2054 91.9941 87.3349 81.6144 76.3957 76.3538 74.0804 70.269 69.6622 71.8927 69.2618 75.6183 71.6469 69.0683 81.6063 68.0663 67.0655 72.603 69.467 72.1777 74.4827 67.3124 66.8395 89.4531 74.0673 64.9826 67.1699 120.192 64.7513 72.9902 84.3916 80.3246 88.3406 72.1719 63.2419 62.8855 62.3354 62.1111 122.83 70.2385
threshold=3.5000000000000004 75496.500000000015 19978.100585937504 5.5000000000000009 3777.099975585938 3.5000000000000004 5.5000000000000009 10.500000000000002 42.500000000000007 99525.468750000015 20277.200195312504 19060.314453125004 5956.5666503906259 5276.3000488281259 5799.1667480468759 11.500000000000002 76181.902343750015 10506.899902343752 1773.100036621094 1852.5000000000002 1750.100036621094 11821.100097656252 2380.7214355468755 2734.825073242188 9653.9995117187518 4144.1000976562509 4511.9001464843759 4093.700073242188 33.500000000000007 60902.000000000007 1487.7833251953127 1373.233337402344 10681.049804687502 57.500000000000007 2720.8200683593755 28.500000000000004 3453.400024414063 26808.299804687504 116126.73828125001 1.5000000000000002 2.5000000000000004 5119.7001953125009 14.500000000000002 748.17501831054699 2567.099975585938 99999.902343750015 46676.000000000007 17545.416992187504 65003.000000000007
decision_type=2 2 2 2 2 2 2 2 2 2 2 2 2 2 2 2 2 2 2 2 2 2 2 2 2 2 2 2 2 2 2 2 2 2 2 2 2 2 2 2 2 2 2 2 2 2 2 2 2
left_child=1 2 15 -4 9 10 7 14 -6 16 12 -9 -5 -12 31 -1 -3 18 -17 20 21 34 25 -24 -16 27 -27 28 30 -30 -21 32 43 -34 35 -8 -37 38 39 -10 41 -41 -43 -7 -35 -44 -25 48 -48
right_child=-2 4 3 5 8 6 19 11 37 -11 13 -13 -14 -15 24 17 -18 -19 -20 22 -22 -23 23 46 -26 26 -28 -29 29 -31 -32 -33 33 44 -36 36 -38 -39 -40 40 -42 42 45 -45 -46 -47 47 -49 -50
leaf_value=0.0087344778989562263 0.010093448440173163 0.020207236507283021 -0.0058460777373637932 -0.0074515934997041715 0.006611765959604581 -0.04874094297110064 0.025217009245667665 0.020973391691885196 0.015624086800238444 0.037025604037732446 0.0083773523902174931 -0.032284696051755914 0.039984549261944898 0.0012114425032829102 -0.021385898129133652 -0.027576090336881645 -0.033906799953442507 -0.020961809452113754 0.0049003556345761003 -0.04034032425920326 -0.027536362243952343 0.030831859209203907 0.014374542508437508 0.0051074571000277302 0.024176871048559288 -0.051066873151546441 -0.010342129689611949 0.042076333298476098 0.0051625735691930011 -0.037173101006527647 -0.0066659948065146369 0.009351367656477207 -0.046770237243124291 -0.055402330423161457 -0.015011544660054483 -0.022352974121286867 0.019714181637193469 -0.041723418460543053 0.029112162305968504 -0.014039094853720796 0.036034063024703737 0.010166459130325755 0.020187908328648037 0.023340662644876213 0.025369914362513658 -0.022231205663205755 -0.016546523497498165 0.011690357297357892 0.0028895565644682778
leaf_weight=10413.713487118483 8622.9217739701271 26.53211709856987 1331.8529330790043 560.4017952606082 4990.280192643404 12.709671422839163 91.48481747508049 38.236281551420689 2373.8448497578502 26.573148228228092 9913.1204906404018 100.67462130635977 34.662090830504894 1548.0586633682251 140.80425651371479 63.964387685060501 116.09967993944883 111.60703332722187 1498.9762459620833 71.472454234957695 142.13106186687946 50.504621930420399 551.50497658550739 1888.5365266427398 37.333070419728756 48.862178578972816 203.42129925638437 32.684910334646702 662.93944985419512 39.637375488877296 211.56756406277418 3235.8325777873397 66.062807269394398 11.897048398852347 362.56123234331608 146.52848094701767 104.87934213131666 19.694193199276924 233.72746171802282 182.77805113792419 82.25377269089222 1410.800943352282 42.332202039659023 79.332681640982628 32.031189724802971 118.33196156471968 526.51294566318393 321.92531618475914 245.30462539941072
leaf_count=22309 16125 47 4206 1492 11272 56 186 88 3918 26 21475 452 54 4037 530 279 477 414 4007 328 566 86 1140 5190 103 226 663 45 1658 167 623 7550 354 55 1314 510 204 69 238 554 66 2689 82 160 61 359 2071 670 798
internal_value=0.00690597 0.00628911 0.00554219 0.00435135 0.00900054 0.00498265 0.00265018 0.00639121 0.00941724 -0.0142817 0.00681233 -0.017625 -0.00468847 0.00740945 0.00731381 0.00779272 -0.0238406 0.00193613 0.00357124 0.000186807 -0.00746027 -0.00368567 0.00161629 0.00377316 -0.0118371 -0.00438246 -0.0182297 -0.00095182 -0.00237871 0.00277412 -0.0151693 0.00830614 -0.00843461 -0.0266955 -0.00615684 0.00320577 -0.0048039 0.0125536 0.0127942 0.0118883 0.00705946 0.00570089 0.00799686 0.0133873 0.00349443 -0.0110545 0.00181268 -0.00387634 -0.0103692
internal_weight=53179.9 44557 34933.7 22845.5 9623.25 21513.6 9457.37 3754.91 9454.04 169.205 12056.2 138.911 595.064 11461.2 3616 12088.3 142.632 1674.55 1562.94 5702.46 898.09 755.958 4804.37 3533.78 178.137 1270.59 252.283 1018.3 985.617 702.577 283.04 3437.87 202.033 109.991 705.454 342.893 251.408 4463.76 4444.07 4210.34 1836.5 1754.24 1571.47 92.0424 43.9282 160.664 2982.28 1093.74 771.818
internal_count=120049 103924 84127 57118 19797 52912 25854 9409 19247 550 27058 540 1546 25512 8869 27009 524 4700 4286 16445 2866 2300 13579 9869 633 3710 889 2821 2776 1825 951 8236 686 470 2214 900 714 7975 7906 7668 3750 3684 3130 216 116 441 8729 3539 2869
is_linear=0
shrinkage=0.03


Tree=71
num_leaves=50
num_cat=0
split_feature=11 4 11 8 8 8 9 19 1 7 10 12 9 2 9 8 1 2 8 13 12 4 10 8 10 2 8 8 9 8 8 12 19 19 9 12 19 0 2 14 19 1 13 8 7 2 10 18 9
split_gain=100.528 111.792 98.4035 78.8289 82.5499 77.2187 113.5 94.7455 82.4171 92.9628 96.882 82.5772 79.3574 77.3393 77.1861 106.195 94.4838 83.8074 76.3175 75.8756 72.0218 70.0304 69.9125 83.1032 69.141 67.132 66.8889 74.1212 72.8745 66.6434 111.792 92.1099 78.8779 66.3234 65.6159 64.8931 69.3431 64.4592 98.5148 65.5547 64.3857 64.1342 63.3769 59.3856 59.0468 58.933 58.6645 64.5053 67.4547
threshold=2.5000000000000004 9321.4658203125018 1.5000000000000002 11958.800292968752 96029.000000000015 74000.300781250015 3777.099975585938 42.500000000000007 9.5000000000000018 4798.9001464843759 100602.89843750001 15.500000000000002 3935.900024414063 65398.800781250007 6078.3000488281259 110006.30078125001 19.500000000000004 10966.482910156252 77751.500000000015 7.5000000000000009 19.500000000000004 14701.243164062502 81264.300781250015 17818.100585937504 365426.96875000006 10966.482910156252 81496.402343750015 80001.000000000015 6657.9001464843759 25998.299804687504 21998.600585937504 29.500000000000004 45.500000000000007 27.500000000000004 5660.7001953125009 11.500000000000002 60.500000000000007 1.5000000000000002 63996.500000000007 5.5000000000000009 64.500000000000014 5.5000000000000009 4.5000000000000009 60000.500000000007 1052.799987792969 14292.375000000002 113459.00390625001 2.5000000000000004 5915.3000488281259
decision_type=2 2 2 2 2 2 2 2 2 2 2 2 2 2 2 2 2 2 2 2 2 2 2 2 2 2 2 2 2 2 2 2 2 2 2 2 2 2 2 2 2 2 2 2 2 2 2 2 2
left_child=1 2 -1 -3 26 8 13 14 9 10 35 24 -9 -7 46 17 44 -16 33 40 22 42 -21 -24 25 -10 27 28 34 30 31 -13 -33 -19 -5 37 -37 39 -39 -4 -11 -35 -6 -27 -17 -28 -8 48 -48
right_child=-2 3 5 4 21 6 7 12 11 19 -12 29 -14 -15 15 16 -18 18 -20 20 -22 -23 23 -25 -26 43 45 -29 -30 -31 -32 32 -34 41 -36 36 -38 38 -40 -41 -42 -43 -44 -45 -46 -47 47 -49 -50
leaf_value=0.020566484647452147 0.018676014225207128 0.017793102458262437 0.0429224719367816 -0.0039193859886487081 0.036779245154490207 -0.026287445479361668 0.013289774126822303 -0.058099969202366271 -0.058087539309303667 0.0048556937786199995 0.026247200279765882 -0.0087966918231446242 0.012638594262524731 0.016441797359396326 -0.053236307779559115 0.041857628568973522 -0.043646854783428314 0.0337229767667864 -0.0034021112070036011 -0.0046224282948984334 -0.047289395964606545 0.011756217202751777 -0.054509084793661643 0.023392640864815763 -0.061065962095540882 0.013286819270651297 0.064739818715895625 0.041297791693834685 -0.034621663526065841 0.0083384787259764732 -0.050990727740847244 0.041428465671081063 -0.024888668535268992 -0.048591198028946743 0.01847520220255458 -0.001086266535134537 0.01947017487134382 0.010544761014687725 -0.059384217410014359 0.0059009831581175506 -0.011005065180934579 0.042037978488335896 -0.038426557848636557 -0.0040460457302275267 0.0081066688105228182 -0.04333445993005007 -0.057843998439053211 0.010128327383678401 0.0097213146105692115
leaf_weight=468.88299138844013 623.15958657860756 226.3855852112174 43.252717018127441 1709.3067773357034 12.838543757796286 134.23869708180428 1725.8911816179752 14.314439147710798 12.196627900004385 15950.450744837523 237.86338222026825 316.9101534858346 4938.1057590171695 53.244876310229301 28.398514688014984 47.576479479670525 31.354962930083275 94.011187016963959 1252.0208644643426 1065.9559797868133 32.236233823001385 591.17298544943333 13.47237119078636 144.63849356770515 11.635118484497069 3520.1919881179929 4.9408067464828482 33.85597462952137 65.324935860931873 766.75868600606918 45.120247289538383 68.087595954537392 21.15740031003952 20.115482911467556 126.46302723139524 1378.4466536194086 165.41221432387829 5073.4930344074965 18.196354568004608 9031.4327808097005 233.72291154414415 10.80069264769554 47.019385278224945 187.37225642800331 2399.8882187828422 56.125710375607014 34.516389772295952 80.066524758934975 21.633810684084892
leaf_count=648 909 568 46 6481 7 491 3406 64 52 39135 302 882 8384 87 120 43 113 161 3404 3463 156 1311 57 212 48 5874 8 48 355 1609 195 80 74 93 344 4221 331 8582 74 20773 859 10 165 420 4749 312 141 144 38
internal_value=0.0066974 0.0065554 0.00688808 0.000802059 -0.000651079 0.00675778 0.00898761 0.00939311 0.00612462 0.00558908 0.00724447 0.00973736 0.0124341 -0.0141524 0.00677221 0.00436479 0.00809982 -0.00222323 -0.00117112 0.00407533 -0.00302684 0.00862533 -0.00186117 0.0167548 0.0119513 0.0121797 -0.00367672 -0.00270109 -0.00348466 0.00295502 -0.00619198 -0.00121524 0.0257066 0.0211878 -0.00237666 0.00695676 0.00111619 0.00759327 0.0102949 0.00607744 0.00462664 -0.0169295 -0.0222961 0.0124109 0.00876276 -0.0345903 0.0117938 -0.00716004 -0.0318121
internal_weight=53189.7 52566.5 49693.1 2873.43 2647.05 49224.2 10886.2 10698.7 38338 33388.6 15948.1 4949.43 4952.42 187.484 5746.27 3884.17 2478.82 1405.35 1376.95 17440.5 1256.3 651.031 1224.07 158.111 3731.4 3719.76 1996.02 1934.95 1901.09 1218.03 451.275 406.155 89.245 124.927 1835.77 15710.2 1543.86 14166.4 5091.69 9074.69 16184.2 30.9162 59.8579 3707.56 2447.46 61.0665 1862.11 136.217 56.1502
internal_count=120049 119140 109541 9599 9031 108893 21448 20870 87445 78211 34329 9234 8448 578 12422 8693 4905 3788 3668 43882 3888 1483 3732 269 6394 6346 7548 7228 7180 2840 1231 1036 154 264 6825 34027 4552 29475 8656 20819 39994 103 172 6294 4792 320 3729 323 179
is_linear=0
shrinkage=0.03


Tree=72
num_leaves=50
num_cat=0
split_feature=15 11 4 15 8 9 19 10 3 4 8 6 16 9 13 6 8 9 11 8 8 8 19 10 8 3 7 8 7 10 19 6 19 8 9 9 18 3 3 3 6 10 6 4 18 6 19 3 7
split_gain=113.631 104.9 101.356 106.285 136.63 132.992 131.009 108.268 96.6576 119.369 98.0321 96.0691 119.596 111.921 105.245 98.0679 90.4953 89.094 87.7916 82.924 78.6678 74.008 73.246 85.8597 71.7509 71.4528 87.0672 81.0493 72.1662 113.665 71.3291 71.0523 70.3882 69.5764 68.3771 99.8617 66.4753 65.1428 78.5993 76.6904 66.5137 64.9844 97.2421 71.3179 108.454 71.0799 85.1554 75.6173 65.2919
threshold=2.5000000000000004 1.5000000000000002 9974.9858398437518 1.5000000000000002 70003.000000000015 6000.1000976562509 37.500000000000007 28161.600585937504 3461.125122070313 141.42900085449222 29096.500000000004 69999.000000000015 7.5000000000000009 4240.3000488281259 7.5000000000000009 60000.099609375007 109050.10156250001 3748.3000488281255 2.5000000000000004 11958.800292968752 19998.200195312504 159995.00000000003 7.5000000000000009 31425.200195312504 96029.000000000015 1.0000000180025095e-35 4333.1000976562509 12924.100097656252 4834.7001953125009 130819.40234375001 63.500000000000007 123199.00000000001 7.5000000000000009 80001.000000000015 6905.5000000000009 6078.3000488281259 5.5000000000000009 1551.216735839844 1444.6500244140627 2272.814331054688 39076.900390625007 19842.400390625004 63982.000000000007 760.98001098632824 1.0000000180025095e-35 33999.000000000007 12.500000000000002 1834.600036621094 7917.6000976562509
decision_type=2 2 2 2 2 2 2 2 2 2 2 2 2 2 2 2 2 2 2 2 2 2 2 2 2 2 2 2 2 2 2 2 2 2 2 2 2 2 2 2 2 2 2 2 2 2 2 2 2
left_child=2 -2 3 4 7 17 16 8 36 -10 -11 15 14 -14 -13 34 -7 33 21 -4 -5 25 23 -9 -21 27 -27 -3 -28 -30 32 37 -19 -6 35 -12 41 38 40 -39 -26 43 -43 44 -1 46 -45 -47 -44
right_child=1 18 19 20 5 6 -8 22 9 10 11 12 13 -15 -16 -17 -18 30 -20 24 -22 -23 -24 -25 31 26 28 -29 29 -31 -32 -33 -34 -35 -36 -37 -38 39 -40 -41 -42 42 48 45 -46 47 -48 -49 -50
leaf_value=-0.045654949830929381 0.025163899096550941 0.026440237089575741 0.018017816943068091 0.0075583070904047187 0.004765253759891847 -0.00896686988393962 0.012911356069473929 0.033668578819195744 -0.031905492181541595 0.0057889380240055644 -0.010881909891768415 0.012085789474983035 -0.028213841552044226 0.0047134666129587041 -0.054102169109309775 -0.048162262207021286 0.0063223635070998457 -0.0024127648103833789 0.022512065561415721 -0.0054261417063043733 0.00049578694788293741 0.016402696214233719 0.01090793994038204 -0.0097121393952611431 0.017622575905419522 0.01070517775098798 0.0042282247229213149 -0.018212044186919438 0.010138131234520125 -0.0036374495164186987 -0.031832249810698682 0.023507495741138779 0.022134685989041409 -0.050444216743844007 -0.044139714856404728 0.026510238916943225 -0.00049615705305472457 -0.049088491464847117 0.053170744313302397 -0.00181465141666614 -0.045579654973080828 0.0019741950867239837 -0.051153383748252935 -0.0053676874522763296 0.00098019144162605695 0.021400592397027306 0.0070001911585245201 0.0092454923223220364 0.0095799330124584289
leaf_weight=49.829663574695587 324.97505077719688 45.682667590677738 194.95272560417652 2008.7239591926336 101.92612684518099 521.2272047996521 1935.7466399520636 47.784531489014626 101.5823352560401 1889.1038505733013 531.82429807633162 614.00631822645664 184.83916588872671 186.79238916933537 22.410752192139626 63.321263678371906 1050.874396674335 113.03753069043159 367.38523256033659 1620.8927312120795 4838.6295952275395 843.82708990573883 3957.6807436272502 291.86639107763767 52.19256329536438 5474.3033807873726 7347.6396449133754 183.70936968177557 5188.1785322502255 601.58113996684551 23.861883193254471 168.3243912383914 1502.9748188331723 25.729510433971882 46.430824548006058 73.118390999734402 1315.8269545510411 38.91653686016798 36.900775879621506 149.64210274815559 21.022237427532673 409.04206988215446 57.396428450942039 583.14081086218357 451.91560170054436 532.39881435036659 3558.2935660332441 3416.7485956922174 22.052040979266167
leaf_count=198 362 74 497 4624 235 1578 3232 66 407 4705 1997 1294 620 419 98 295 2222 303 453 6520 12912 1157 7582 868 110 9720 19035 698 9381 1319 88 242 2277 118 241 180 3513 184 18 437 109 917 221 1778 1097 780 7901 6927 40
internal_value=0.00649633 0.00825588 0.00540362 0.00585955 0.00681133 0.0110678 0.00768658 0.00559148 0.00432175 0.00016711 0.00106914 -0.00410643 0.00185874 -0.0116637 0.00975505 -0.0125201 0.00125325 0.0177781 0.00798187 -0.000693856 0.00256763 0.00771069 0.00976055 -0.00360903 -0.00244102 0.0073214 0.00752651 -0.00931969 0.00620196 0.00870679 0.0196573 0.00791995 0.0204176 -0.00636244 -0.00905521 -0.00636238 0.00580569 -0.000864753 0.0174691 -0.0115715 -0.000524743 0.00671884 -0.00392482 0.00732395 -0.00365127 0.00800459 0.00525871 0.0108842 -0.034296
internal_weight=53190.3 20377.3 32813 30530.1 23682.8 5275.38 3507.85 18407.4 14110.1 3713.43 3611.85 1722.74 1008.05 371.632 636.417 714.695 1572.1 1767.53 20052.3 2282.84 6847.35 19684.9 4297.33 339.651 2087.89 18841.1 18611.7 229.392 13137.4 5789.76 1639.87 466.999 1616.01 127.656 651.374 604.943 10396.6 298.674 110.116 188.559 73.2148 9080.82 488.491 8592.33 501.745 8090.58 4141.43 3949.15 79.4485
internal_count=120049 42199 77850 69733 52197 10053 7032 42144 33628 10256 9849 5144 2431 1039 1392 2713 3800 3021 41837 8117 17536 41384 8516 934 7620 40227 39455 772 29735 10700 2668 1100 2580 353 2418 2177 23372 858 237 621 219 19859 1178 18681 1295 17386 9679 7707 261
is_linear=0
shrinkage=0.03


Tree=73
num_leaves=50
num_cat=0
split_feature=15 11 4 1 3 6 7 11 3 2 3 0 4 16 7 13 2 3 2 13 2 7 2 4 7 3 7 10 2 3 9 15 10 6 9 9 2 7 3 2 2 2 2 9 7 9 7 10 1
split_gain=106.969 99.486 95.2719 111.32 99.3914 94.748 88.8705 83.202 75.3899 85.9874 72.4792 72.1061 85.1132 76.0116 80.7778 69.4153 67.156 73.5534 89.0043 69.4158 70.3624 85.0595 74.4615 65.9188 64.1027 99.5944 66.0575 93.2275 107.261 72.3895 62.7497 62.6909 63.638 61.5584 61.2898 59.9257 60.2437 77.5048 71.6369 66.0682 59.6077 57.323 56.6297 56.178 59.3368 55.5927 55.4035 62.4818 54.9209
threshold=2.5000000000000004 1.5000000000000002 9974.9858398437518 10.500000000000002 3002.6901855468755 65981.000000000015 3261.900024414063 2.5000000000000004 4899.5668945312509 58089.099609375007 4781.2250976562509 1.5000000000000002 17.456000328063968 3.5000000000000004 5038.5000000000009 16.500000000000004 41970.363281250007 983.62228393554699 6026.7333984375009 8.5000000000000018 28613.837890625004 2828.500122070313 22981.500000000004 -1.0000000180025095e-35 4333.1000976562509 1852.1072387695315 4834.7001953125009 120540.93750000001 51200.369140625007 3478.600219726563 1467.9000244140627 1.5000000000000002 5763.6000976562509 35980.599609375007 1750.100036621094 1016.1000061035157 57600.300781250007 12299.300292968752 2748.8200683593755 85396.699218750015 57039.750000000007 31516.166992187504 26663.666992187504 3127.900024414063 4232.1000976562509 1416.7000122070315 693.20001220703136 15772.963378906252 1.5000000000000002
decision_type=2 2 2 2 2 2 2 2 2 2 2 2 2 2 2 2 2 2 2 2 2 2 2 2 2 2 2 2 2 2 2 2 2 2 2 2 2 2 2 2 2 2 2 2 2 2 2 2 2
left_child=2 -2 3 4 11 6 41 24 9 10 40 12 23 14 16 31 17 46 -19 20 21 22 -20 -1 25 -3 -26 -28 29 -29 -12 -5 -33 -23 -25 -4 -37 38 39 -38 42 -6 -7 -35 -45 -11 47 -14 -27
right_child=1 7 35 15 5 8 -8 -9 -10 45 30 -13 13 -15 -16 -17 -18 18 19 -21 -22 33 -24 34 26 48 27 28 -30 -31 -32 32 -34 43 -36 36 37 -39 -40 -41 -42 -43 -44 44 -46 -47 -48 -49 -50
leaf_value=0.051103049468697904 0.024509090587638574 0.004798452725803844 0.020096760902798671 0.0120125222045908 0.0022457553802053688 -0.034304012616192828 -0.00016038549761006936 0.021913194141636328 0.0016372199109754453 -0.0098414039857916899 0.027850076630754849 0.0092937338590372686 -0.033217079878366002 0.0075459000004374577 -0.037251147310079093 -0.050770002563111108 -0.032654239343814298 -0.039344600156836725 0.0044247146236130403 0.020335800694161077 0.013331279740223771 -0.026498896591199868 -0.026024062141782663 -0.048468232276676515 0.004488833363301325 0.0084175394035073663 0.0099997920458349005 -0.011250977247753279 0.0050843548917307918 -0.05683597286937124 -0.050656607384168176 0.013065704049165447 -0.0062675505512571096 -0.023104422934829026 -0.008523312946272045 -0.0042145296309005114 -0.03213975079535214 -0.018945047629594036 0.021976121788413291 0.03314053889665014 -0.024161843953064473 0.028696162775879146 0.006907747213846376 0.024732745284055498 -0.047922665908678941 0.015975240454406729 0.029828687269944667 0.038758651135414407 0.015825319088366326
leaf_weight=14.565137669444082 323.667585298419 2064.211881890893 118.506591103971 3550.9788657426834 135.63832246512175 30.338300481438637 6310.4190483130515 366.12209770083427 2626.3886168599129 79.865512430667877 12.219366565346716 5879.5304564833641 30.625807657837868 4718.5574190244079 49.621169544756413 16.72813930362463 50.417962744832039 49.092483893036842 777.87257304787636 161.34065982699394 274.34431555867195 205.66348361223936 79.687598869204521 40.509110845625401 7604.7818367555737 1462.0507757514715 5479.242133654654 135.58949972689152 551.67873595654964 40.782967284321785 36.634815841913223 261.8566730171442 369.38944940268993 60.49969145655632 235.8237047046423 1757.2193456441164 47.098374016582966 74.718952521681786 262.0549329072237 19.826936133205891 58.409563064575195 161.59022522717714 2760.6441104635596 73.341724395751953 11.735228061676024 1249.965163141489 139.35654048621655 16.814489752054214 2346.2320107519627
leaf_count=9 362 4314 292 6276 395 115 19101 453 6351 213 17 10416 115 10944 211 73 179 198 1898 316 557 839 277 188 19410 2760 9781 339 1018 169 161 460 914 225 732 6703 274 292 506 50 174 238 5698 127 53 2021 222 20 3593
internal_value=0.00630208 0.00800942 0.00524185 0.00568357 0.00496018 0.00315807 0.000594694 0.00774308 0.00562915 0.00810885 0.00521085 0.00684528 0.00478577 0.00547561 0.000542924 0.01022 0.00151423 0.00243038 0.000459849 0.00164812 -0.000384775 -0.00349771 0.0015953 -0.0111004 0.00747952 0.010105 0.00636323 0.00865961 -0.00142644 -0.0217917 -0.0310206 0.0104639 0.00175237 -0.0159324 -0.0143791 -0.000674517 -0.00181363 0.00863698 0.0149015 -0.0128002 0.00583206 0.0166257 0.00645977 -0.00100464 0.0147109 0.0144248 0.020296 -0.00770638 0.0129814
internal_weight=53184.3 20374.4 32809.9 30530.5 26331.5 13462.1 6607.65 20050.7 6854.47 4228.08 2898.25 12869.4 6989.87 6698.97 1980.41 4198.95 1930.79 1880.37 1693.58 1644.49 1483.14 1208.8 857.56 290.898 19684.6 5872.49 13812.1 6207.29 728.051 176.372 48.8542 4182.22 631.246 351.24 276.333 2279.43 2160.92 403.699 328.98 66.9253 2849.39 297.229 2790.98 145.577 85.077 1329.83 186.797 47.4403 3808.28
internal_count=120049 42199 77850 69733 62010 34484 19734 41837 14750 8399 6165 27526 17110 16181 5237 7723 5026 4847 4490 4292 3976 3419 2175 929 41384 10667 30717 11307 1526 508 178 7650 1374 1244 920 8117 7825 1122 830 324 5987 633 5813 405 180 2234 357 135 6353
is_linear=0
shrinkage=0.03


Tree=74
num_leaves=50
num_cat=0
split_feature=12 8 10 8 12 10 2 3 19 0 7 0 3 9 13 6 10 2 3 2 8 9 8 19 7 8 7 10 19 2 0 9 12 19 10 10 18 9 6 7 8 16 8 9 3 9 8 9 3
split_gain=85.2303 78.6165 76.6136 81.3731 86.1226 102.395 92.7507 73.4414 94.074 74.5795 76.5482 71.0286 104.738 72.6129 90.479 79.7568 67.0119 66.9895 76.4359 79.3159 65.8984 182.308 91.0258 86.5235 67.0835 61.8919 61.7846 61.6033 60.6934 79.3126 97.192 65.1969 64.7425 60.3786 105.981 82.6381 79.6679 76.0211 67.9639 63.6881 61.1395 59.4345 59.2238 58.1198 108.466 100.077 96.0399 81.7979 86.3254
threshold=11.500000000000002 115797.00000000001 365426.96875000006 29851.700195312504 28.500000000000004 160724.62500000003 20769.615234375004 3002.6901855468755 63.500000000000007 1.5000000000000002 7099.9001464843759 1.5000000000000002 1200.8200683593752 5432.3000488281259 6.5000000000000009 21518.100585937504 105646.43359375001 40529.666015625007 5106.8801269531259 116126.73828125001 41494.300781250007 2182.900024414063 43601.099609375007 1.5000000000000002 7285.1000976562509 47172.000000000007 7682.9001464843759 60682.101562500007 7.5000000000000009 33659.412109375007 2.5000000000000004 1397.9000244140627 20.500000000000004 36.500000000000007 111812.50390625001 173919.31250000003 1.0000000180025095e-35 2872.900024414063 65981.000000000015 5472.3000488281259 16000.500000000002 7.5000000000000009 27478.500000000004 3390.700073242188 3696.2199707031255 2831.099975585938 69975.000000000015 4888.7001953125009 5153.7292480468759
decision_type=2 2 2 2 2 2 2 2 2 2 2 2 2 2 2 2 2 2 2 2 2 2 2 2 2 2 2 2 2 2 2 2 2 2 2 2 2 2 2 2 2 2 2 2 2 2 2 2 2
left_child=1 7 3 -2 11 6 -6 9 17 10 27 12 -5 15 -15 -14 28 20 33 -20 -9 -22 41 -24 43 -26 -16 -1 29 30 32 -30 -13 34 38 37 -37 -36 39 40 -19 -23 -35 44 45 -25 -47 -45 -49
right_child=2 -3 -4 4 5 -7 -8 8 -10 -11 -12 16 13 14 26 -17 -18 18 19 -21 21 22 23 24 25 -27 -28 -29 31 -31 -32 -33 -34 42 35 36 -38 -39 -40 -41 -42 -43 -44 47 -46 46 -48 48 -50
leaf_value=0.0055556991658585533 -0.00088542080442764433 0.010684488548741154 0.025752917236982111 0.023272644960174407 -0.047881760017800958 -0.056920139974919258 0.022050489628740812 0.0055010378831588892 -0.0084650382731511261 0.0098560688442474852 -0.04994303619143424 -0.045656796755255184 -0.027641581734004092 -0.02135936210020847 0.017542270768251957 0.0051269204812514537 -0.0045960880040863466 -0.026897437886769734 0.0015193377377975363 0.015637892232144283 -0.028407966404483734 -0.0080939802446562837 -0.026029977687459984 -0.0069343205246549765 -0.048897685091853452 0.016846208244428191 -0.045231233598970792 0.018099084242502419 -0.048571388101900356 -0.040263064616609515 0.045472291292248258 0.0082162546915117585 0.035654083405504348 0.0059575810119988784 -0.0049719335657874165 -0.055198852961453299 0.0091127602849013067 -0.048063894620957087 0.011366060625866101 -0.031793765407025915 0.0065726049452289161 -0.049193067483244174 0.015293931949853555 -0.0064326754060723274 -0.047537114319447203 0.028637430219570357 -0.025985986682623554 0.0051937804462062883 -0.04561741009246497
leaf_weight=9004.6936590075493 2999.1537465825677 3982.4127120897174 137.14927403628826 130.86599294096231 17.712881281971931 16.304740220308304 469.4663924202323 9350.4027609080076 448.70683316886425 8005.551418684423 22.028358288109303 31.136041142046452 75.457524940371513 362.77016466110945 101.9345551431179 585.9856190122664 485.51860116422176 55.643100589513779 2494.4995954148471 418.14409395307302 181.78813326358795 103.09276462346315 89.092799432575703 134.24778412282467 13.287133418023584 428.37852549552917 16.378803826868534 366.73620729893446 18.285156697034836 55.033529184758663 33.319192297756672 3707.568493925035 12.292752444744108 870.21638070046902 74.970483914017677 19.087613508105278 188.90527400374413 72.454387754201889 1816.6803155839443 53.796210251748562 418.94771084189415 45.708240352571011 2056.646488070488 948.14122997969389 26.290433846414089 313.46635783463717 31.919026501476765 1855.0075444057584 30.588997557759285
leaf_count=21115 8667 6855 171 363 84 68 772 23179 1460 13734 102 151 378 1472 249 2003 1148 177 6007 714 800 339 391 472 62 921 86 599 82 231 44 7747 19 1631 190 78 368 280 3387 199 920 211 3174 3004 127 596 149 4919 154
internal_value=0.00611369 0.00666505 0.00349748 0.00316277 0.00514661 0.0170329 0.0195079 0.00626426 0.00513401 0.00772849 0.00591527 0.00408109 -0.00214944 -0.0050613 -0.0139294 0.00138869 0.00590785 0.00541022 0.00749124 0.00354622 0.00409878 0.000977701 0.00230681 0.00319204 0.00388054 0.0148684 0.00885217 0.00604656 0.00722987 -0.0127788 0.00692937 0.00793756 -0.0226413 0.00953314 0.00629801 -0.00896791 0.00321085 -0.0261502 0.00861171 -0.000858203 0.00264843 -0.0207187 0.012518 0.00242742 0.0117937 0.0150459 0.0235894 0.000755196 0.0043695
internal_weight=53177.9 43921.5 9256.33 9119.18 6120.03 503.484 487.179 39939.1 22540.1 17399 9393.46 5616.55 1273.39 1142.53 481.084 661.443 4343.15 22091.4 8539.99 2912.64 13551.4 4201.01 4019.22 3870.42 3781.33 441.666 118.313 9371.43 3857.64 131.782 76.748 3725.85 43.4288 5627.35 2700.49 355.418 207.993 147.425 2345.07 528.387 474.591 148.801 2926.86 3339.66 505.924 479.633 345.385 2833.74 1885.6
internal_count=120049 96314 23735 23564 14897 924 856 89459 53909 35550 21816 13973 4551 4188 1807 2381 9422 52449 17125 6721 35324 12145 11345 10795 10404 983 335 21714 8274 445 214 7829 170 10404 5599 916 446 470 4683 1296 1097 550 4805 9421 1344 1217 745 8077 5073
is_linear=0
shrinkage=0.03


Tree=75
num_leaves=50
num_cat=0
split_feature=4 6 5 13 10 9 19 8 19 9 2 9 8 2 16 8 19 9 9 2 8 19 19 9 8 9 1 19 19 9 10 2 10 15 19 15 19 2 15 8 1 1 10 8 8 6 2 9 8
split_gain=97.788 95.2598 81.2838 80.0007 68.7217 65.3831 60.9601 59.4849 70.0863 75.2219 73.2924 66.672 91.1406 63.7271 62.2749 63.6747 58.9955 72.8381 103.037 65.6885 63.9857 81.1401 79.723 105.608 145.237 126.496 79.8153 67.1456 151.381 92.1948 110.21 89.5715 69.4987 66.3346 63.3492 63.304 63.0436 62.8119 62.4117 76.3882 63.4536 60.625 59.3828 82.3324 133.947 76.7401 67.3749 65.2279 69.4706
threshold=9321.4658203125018 156387.00000000003 0.051315790042281158 15.500000000000002 12558.600097656252 12298.100097656252 63.500000000000007 102204.19921875001 21.500000000000004 6000.1000976562509 74744.617187500015 6122.4001464843759 59999.900390625007 83500.097656250015 2.5000000000000004 60000.500000000007 53.500000000000007 1202.100036621094 956.70001220703136 59899.400390625007 18796.100585937504 5.5000000000000009 21.500000000000004 2032.100036621094 43116.201171875007 1993.100036621094 5.5000000000000009 6.5000000000000009 12.500000000000002 1768.3000488281252 61555.363281250007 26663.666992187504 2456.8000488281255 4.5000000000000009 42.500000000000007 2.5000000000000004 50.500000000000007 23916.333007812504 2.5000000000000004 75496.500000000015 17.500000000000004 4.5000000000000009 13003.000000000002 20400.299804687504 24839.200195312504 51006.000000000007 13978.166503906252 2332.3000488281255 30384.500000000004
decision_type=2 2 2 2 2 2 2 2 2 2 2 2 2 2 2 2 2 2 2 2 2 2 2 2 2 2 2 2 2 2 2 2 2 2 2 2 2 2 2 2 2 2 2 2 2 2 2 2 2
left_child=1 2 3 6 5 -5 16 11 9 -9 -11 -3 -13 14 -14 -16 17 18 36 -20 27 -22 35 24 25 33 -26 -19 29 30 -29 -30 -31 -24 -27 -23 -1 -38 41 -40 -41 -18 43 46 -45 -44 -25 48 -46
right_child=-2 7 -4 4 -6 -7 -8 8 -10 10 -12 12 13 -15 15 -17 38 20 19 -21 21 22 23 42 26 34 -28 28 31 32 -32 -33 -34 -35 -36 -37 37 -39 39 40 -42 -43 45 44 47 -47 -48 -49 -50
leaf_value=0.0087175120423111339 0.00081103077547899365 0.010347200656398808 0.022297434965175514 -0.023310901567522493 0.010530796915224057 0.038030869117972051 -0.00081278818543115226 0.049405500717180452 0.019588580913099826 0.0067814335939412919 -0.046530447829061038 -0.058609297178408147 0.009889246392544045 0.01388289101012081 0.026897638021665324 -0.049922973189093632 0.0029929856193675356 0.016007674087437234 -0.0034668908987352887 -0.041621569088456337 -0.00014912925925035536 0.0062035312874775652 0.0027397225334261886 -0.043169246064449676 -0.031393944012470566 -0.044610214499694829 0.0066128103922458567 -0.033080857892091142 0.012883265659774677 0.0087836238864574204 0.026538939217946492 0.0055196121927021599 -0.026700082207550886 0.037805765880749347 -0.0033300456062201195 0.012061172929833813 0.0043330246633080192 -0.054585257027276256 0.0089534181605991827 0.020964312253496039 -0.039214875812176933 0.010145734916831229 0.014795582361302202 0.015016016902137351 -0.019530649243453456 0.006249048802516961 -0.0039654764743858959 0.0047246181445044213 0.0036086427095211289
leaf_weight=1220.3629025146365 2897.5890536010265 2233.0626872479916 277.77403496205807 200.57514858990908 110.42474523186684 16.960926428437233 1112.3897466883063 18.853671953082085 982.23675180971622 53.799618810415268 40.81710322201252 26.128981739282608 46.267213329672813 138.10171940922737 11.912016138434408 52.549722895026207 2119.1934919133782 973.27200558781624 1343.3205437287688 41.876301594078541 2090.6521400362253 3736.3138683438301 1989.6613904833794 43.600487641990185 197.62607355415821 75.545050613582134 66.44940260052681 172.98419800400734 2765.920449770987 265.79573087394238 33.272558584809303 3214.5659733563662 61.096789471805096 49.766640424728394 60.056271195411682 2988.6443691700697 37.381441161036491 28.855511337518692 1810.1957631856203 839.08506590127945 16.071109667420387 2146.8647059202194 1348.4673874676228 1145.1896262392402 210.09703157097101 3164.5393533036113 414.79816561937332 10274.103984326124 262.8885503038764
leaf_count=2552 9663 3878 296 839 242 24 3017 9 1162 101 151 109 75 231 16 202 4812 1922 3478 161 5743 9130 4869 170 817 313 145 640 5196 598 54 7211 209 53 154 5940 73 121 3325 1045 50 3624 2366 2286 701 6259 1052 24383 709
internal_value=0.0061707 0.00647804 0.00611707 0.00602072 -0.008744 -0.0185282 0.00612526 0.0111784 0.0170097 -0.0053135 -0.016217 0.00863083 -0.00530854 0.000288412 -0.0166667 -0.0357271 0.00629598 0.00583481 0.00105746 -0.00462036 0.00619329 0.00553706 0.00599379 0.00501379 -0.000820928 0.00172987 -0.0218303 0.00865791 0.0075597 -0.00775784 -0.0234632 0.00892523 0.00215166 0.00359541 -0.0263277 0.00880673 0.00717039 -0.0213342 0.00884269 0.0124442 0.0198334 0.00659256 0.0058577 0.00478157 0.00526247 0.00880272 -0.00769433 0.00422315 -0.00666968
internal_weight=53428 50530.4 46926.6 46648.9 327.961 217.536 46320.9 3603.73 1095.71 113.47 94.6167 2508.02 274.96 248.831 110.729 64.4617 45208.5 38277.1 2671.8 1385.2 35605.3 28118.4 26027.7 19302.8 2439.1 2175.03 264.075 7486.91 6513.64 533.149 206.257 5980.49 326.893 2039.43 135.601 6724.96 1286.6 66.237 6931.41 2665.35 855.156 4266.06 16863.7 12350.7 11892.3 4513.01 458.399 10747.1 472.986
internal_count=120176 110513 104579 104283 1105 863 103178 5934 1423 261 252 4511 633 524 293 218 100161 87305 6385 3639 80920 65090 59347 44277 6351 5389 962 15830 13908 1501 694 12407 807 4922 467 15070 2746 194 12856 4420 1095 8436 37926 29301 28079 8625 1222 25793 1410
is_linear=0
shrinkage=0.03


Tree=76
num_leaves=50
num_cat=0
split_feature=5 4 11 1 8 19 9 12 8 9 15 2 7 7 7 15 9 8 1 9 2 9 2 13 9 13 8 19 7 9 1 2 7 2 19 15 2 19 10 7 7 2 7 19 7 9 13 7 19
split_gain=94.7597 98.2288 78.4912 78.1041 81.92 90.0436 87.5652 145.983 67.8822 70.0746 67.2903 67.2383 60.8075 55.545 94.2329 66.7186 77.293 101.733 61.2565 55.1321 53.6816 95.4585 71.5398 69.7285 63.6194 58.8412 59.9004 86.3183 63.7134 98.2791 73.1418 64.9087 57.9175 56.3089 53.6609 53.6397 85.7891 53.4145 68.9571 66.9454 60.5199 72.8072 54.9633 54.1574 69.4568 53.4068 52.4031 68.7074 72.674
threshold=0.34313726425170904 9321.4658203125018 1.5000000000000002 10.500000000000002 75496.500000000015 53.500000000000007 5381.9001464843759 13.500000000000002 76181.902343750015 3598.3000488281255 2.5000000000000004 105047.69921875001 2391.099975585938 4103.9001464843759 4232.1000976562509 1.5000000000000002 6078.3000488281259 94249.902343750015 7.5000000000000009 4589.7001953125009 32612.196289062504 4838.3000488281259 19621.833007812504 12.500000000000002 4989.0002441406259 11.500000000000002 139999.00000000003 50.500000000000007 5548.5000000000009 11159.899902343752 6.5000000000000009 27415.000000000004 8383.3002929687518 30679.820312500004 5.5000000000000009 1.5000000000000002 26870.629882812504 25.500000000000004 13223.200195312502 3763.700073242188 3113.099975585938 28613.837890625004 3453.400024414063 41.500000000000007 3185.900024414063 15429.500488281252 6.5000000000000009 3511.500122070313 43.500000000000007
decision_type=2 2 2 2 2 2 2 2 2 2 2 2 2 2 2 2 2 2 2 2 2 2 2 2 2 2 2 2 2 2 2 2 2 2 2 2 2 2 2 2 2 2 2 2 2 2 2 2 2
left_child=1 2 35 4 6 8 -4 46 12 11 19 -10 -6 15 -15 16 34 18 -18 -7 21 22 -16 24 -23 26 28 45 29 30 31 -26 -30 -33 -11 36 -1 -17 39 42 -40 -42 43 44 -39 -28 -8 -48 -49
right_child=-2 -3 3 -5 5 10 7 -9 9 13 -12 -13 -14 14 20 37 17 -19 -20 -21 -22 23 -24 -25 25 -27 27 -29 32 -31 -32 33 -34 -35 -36 -37 -38 38 40 -41 41 -43 -44 -45 -46 -47 47 48 -50
leaf_value=0.01471152977240797 0.025427040397943152 0.00051033535074677982 0.0054124950734314491 0.0093621853016841537 -0.054589051550612583 -0.038485703734752963 0.0029213402664980746 -0.028061412746835511 -0.030325057646627941 -0.025501454353298238 0.019388777351505675 0.037212149275982168 0.03155745598690702 -0.032702727583698118 0.029627746126369727 0.013876370120570745 -0.041157082858951005 0.013070251430875647 0.039978785053601119 0.0095911736268859595 0.0074122733600727386 0.034761529750655447 -0.036042795336474802 -0.0446869111261574 0.023951196367874128 0.037748540253702854 0.015964715748470006 -0.060405116095425607 -0.037844488023988557 -0.048019990097452288 -0.056876039092368998 -0.053929672020094098 0.0038347861776173733 0.0015052106772969168 0.027589042847333298 0.022868675363868034 -0.058426686848129343 -0.041324808426540516 0.026024404584430977 0.016411249676481939 0.017237542031916103 -0.061826862436097786 -0.060469322937961138 -0.00032751778570688518 0.015790673840620162 -0.020214054040138024 0.010705394388973237 -0.001087785918048757 -0.04425094528205905
leaf_weight=53.181474253535271 224.68687361478806 2875.2191178277135 32172.418377697468 5823.650103405118 7.7946576774120322 21.88213188201189 2117.4252462014556 160.88880006223917 80.745149545371532 17.853396937251091 973.56750923395157 15.875458419322966 136.75991665571928 59.435135446488857 17.691605918109417 345.40241323411465 50.872170880436897 548.64470362663269 10.025033503770826 1132.0202240198851 3423.4358972236514 56.915770798921585 95.630323231220245 27.340497747063637 121.92522343248129 41.141873553395271 398.7943089902401 15.062125027179716 82.17844994366169 36.367777109146118 18.207548305392265 16.975916281342506 47.264077439904213 577.61129113286734 425.4230590313673 392.34940449148417 19.810817196965218 81.622228622436523 119.01484306156635 76.639280200004578 25.380039915442467 17.857683032751083 22.210596084594727 160.25579713284969 25.041313767433167 40.446961745619774 74.748396545648575 63.809139132499695 78.048713028430939
leaf_count=88 206 9645 73779 10491 33 80 5316 680 330 58 1257 15 220 201 27 587 204 949 8 1985 6705 104 425 141 224 76 679 62 340 168 77 74 134 1712 569 488 83 289 130 116 37 74 92 352 37 117 167 189 356
internal_value=0.00598557 0.00590347 0.00621158 0.00609712 0.00566535 0.00815398 0.00499263 -0.000421647 0.00656032 0.00614592 0.0135802 -0.0192282 0.0269123 0.00649602 0.00485018 0.0108335 0.0159189 0.00898702 -0.0278003 0.00867946 0.00529506 0.000746646 -0.0257904 0.00277824 0.00367144 0.00240386 0.00133055 0.0102117 -0.00314985 0.000119601 0.00250245 0.00401134 -0.0226259 -7.74973e-05 0.0254508 0.0184755 -0.00513889 0.00470358 -0.00129674 -0.0085174 0.0149809 -0.015417 -0.0151252 -0.0113521 -0.0279159 0.0126332 0.00148361 -0.0125709 -0.0248357
internal_weight=53427.5 53202.9 50327.6 49862.3 44038.7 9371.31 34667.3 2494.92 7243.84 7099.29 2127.47 96.6206 144.555 7002.67 5076.42 1926.24 1052.82 609.542 60.8972 1153.9 5016.99 1593.55 113.322 1480.23 1452.89 1395.98 1354.83 454.303 900.53 771.088 734.72 716.512 129.443 594.587 443.276 465.342 72.9923 873.424 528.022 365.769 162.253 43.2377 289.13 266.919 106.664 439.241 2334.03 216.606 141.858
internal_count=120176 119970 110325 109666 99175 18688 80487 6708 15366 15113 3322 345 253 14768 11266 3502 1788 1161 212 2065 11065 4360 452 3908 3767 3663 3587 858 2729 2255 2087 2010 474 1786 627 659 171 1714 1127 886 241 111 770 678 326 796 6028 712 545
is_linear=0
shrinkage=0.03


Tree=77
num_leaves=50
num_cat=0
split_feature=5 6 3 18 13 10 10 2 3 14 3 0 3 6 1 2 10 7 6 0 0 2 3 3 3 16 2 13 7 13 6 3 2 2 2 11 6 19 7 7 0 16 7 13 1 2 19 16 2
split_gain=90.3205 86.4176 99.7909 109.354 79.0294 72.4057 108.17 66.373 124.66 87.7513 86.598 76.7409 74.9952 83.1162 67.7461 63.0348 58.689 58.9022 57.7713 56.3484 75.7454 55.9844 62.1196 85.0532 60.5792 57.3315 59.5516 53.8653 60.4966 55.7251 84.2277 63.3433 61.5127 52.3889 110.982 52.2374 52.1537 53.4145 63.0745 51.8296 50.2766 60.9028 52.7736 52.3379 57.3638 50.8064 50.1657 48.9287 54.9781
threshold=0.34313726425170904 156387.00000000003 5871.7199707031259 2.5000000000000004 15.500000000000002 49636.152343750007 99039.195312500015 40529.666015625007 2734.825073242188 7.5000000000000009 1.0000000180025095e-35 1.5000000000000002 983.62228393554699 26001.000000000004 12.500000000000002 7105.8332519531259 1.0000000180025095e-35 1552.9000244140627 40803.900390625007 2.5000000000000004 1.5000000000000002 33237.312500000007 1732.0986938476565 1420.779968261719 2076.224975585938 9.5000000000000018 40283.121093750007 7.5000000000000009 4556.3000488281259 10.500000000000002 19580.200195312504 2063.174926757813 17600.575195312504 41078.884765625007 34971.583984375007 1.5000000000000002 63368.000000000007 48.500000000000007 13177.700195312502 8105.3000488281259 3.5000000000000004 5.5000000000000009 9038.5004882812518 5.5000000000000009 12.500000000000002 109868.94921875001 65.500000000000014 2.5000000000000004 40283.121093750007
decision_type=2 2 2 2 2 2 2 2 2 2 2 2 2 2 2 2 2 2 2 2 2 2 2 2 2 2 2 2 2 2 2 2 2 2 2 2 2 2 2 2 2 2 2 2 2 2 2 2 2
left_child=1 2 4 5 7 -4 -7 8 11 35 -9 14 13 15 21 -13 -15 -18 -6 20 -5 24 23 -23 27 26 -24 -1 29 32 -31 -32 -29 34 -22 -10 -20 38 -38 -39 45 46 43 -43 -45 -12 -42 -37 -49
right_child=-2 -3 3 19 18 6 -8 10 9 -11 40 12 -14 16 -16 -17 17 -19 36 -21 33 22 25 -25 -26 -27 -28 28 -30 30 31 -33 -34 -35 -36 47 37 39 -40 -41 41 42 -44 44 -46 -47 -48 48 -50
leaf_value=0.0072070104375216168 0.024861278658688857 0.010014905439259061 0.0093198092347513955 -0.012464970646905058 0.0078211485337527243 -0.05254532679775973 0.0046067117611293526 -0.013609083571105679 0.018416011731843606 -0.042204578237445681 0.0088380410769655447 -0.038024084565235115 0.0096312455847199444 -0.045840003821999119 -0.031100055185639616 0.013980950262701484 0.016992942787691947 -0.039292577977194321 -0.036239722832215139 -0.028179622866092123 -0.025488076521040955 0.0072095509497511487 0.0080477167767581386 -0.052912289204530789 0.0010430053164235949 0.03218930599245113 0.063721860562858973 -0.035251287508692823 0.053919360257449242 0.017196947418404562 -0.03183293508895705 0.049153339996617189 0.0024553161494101838 -0.00075736757812046155 0.050914459753442387 0.0060643420695822327 -0.047877678011184852 0.014681059954827543 0.069616235106986793 -0.05044545383404845 0.010006723369793471 0.023362349047753948 -0.037371377919480808 -0.029849051964306667 0.0030841831155753205 -0.036660754698865476 -0.050932733454874576 0.0025999324933071639 -0.027445904858667325
leaf_weight=5298.269257247448 222.9328011572361 3916.8489429578185 863.9029979929328 567.0143845230341 123.44695571810007 44.591642752289772 89.881101652979851 166.64414819329977 210.079381108284 37.816026955842972 9832.7659465819597 24.008554473519325 8001.8189220353961 58.961358666419983 46.32117473334074 166.09420001506805 42.399939522147179 27.64243670552969 84.997515633702278 108.04100598394871 25.16477919369936 114.91703357547522 309.56097488850355 25.961460612714291 2836.062762260437 181.07047589868307 18.314350157976151 96.20060046762228 15.454125657677649 140.0244063064456 68.743756510317326 9.9501136839389783 65.415146693587303 333.68167788535357 53.46613621711731 4561.5290930494666 36.823424436151981 82.767342999577522 4.6290486752986899 12.68303534388542 382.65511220693588 49.784824803471565 51.984867796301842 83.690251156687737 110.38319154083729 22.137964829802513 12.556675866246222 13733.658557921648 55.030112400650978
leaf_count=12005 206 6709 2040 2054 365 198 188 739 323 208 19329 82 14078 249 180 308 80 104 450 396 108 339 662 122 7312 236 16 372 24 302 300 7 182 857 77 10795 176 155 4 59 662 51 185 260 219 74 55 36093 181
internal_value=0.00580581 0.00572597 0.00538514 -0.00103652 0.00566889 0.00613235 -0.0143451 0.00577428 0.0051596 0.00344829 0.00784825 0.0069734 0.00906249 -0.00519946 0.0050893 0.0074131 -0.0237856 -0.00522031 -0.00862969 -0.00761867 -0.00535035 0.00527191 0.0137601 -0.00386986 0.00462528 0.0186401 0.0111575 0.00640951 -0.00426629 -0.00663055 0.00324051 -0.021593 -0.0199893 0.00443372 0.0264628 0.00354131 -0.0177816 -0.00632165 -0.034757 0.00602733 0.00818731 0.000365079 -0.00992853 -0.00407836 -0.0111176 0.00873583 0.00807055 0.00337102 0.00248002
internal_weight=53428.8 53205.8 49289 2085.74 47203.3 998.376 134.473 46857.9 36145.3 18598.1 10712.6 17547.2 8320.93 319.106 9226.27 190.103 129.004 70.0424 345.347 1087.37 979.327 9179.94 649.824 140.878 8530.12 508.946 327.875 5694.06 395.788 380.334 218.718 78.6939 161.616 412.313 78.6309 18560.3 221.9 136.903 41.4525 95.4504 10546 691.055 295.843 243.858 194.073 9854.9 395.212 18350.2 13788.7
internal_count=120176 119970 113261 5918 107343 2426 386 106134 84560 47600 21574 36960 14901 823 22059 390 433 184 1209 3492 3096 21879 1375 461 20504 914 678 13192 1187 1163 609 307 554 1042 185 47392 844 394 180 214 20835 1432 715 530 479 19403 717 47069 36274
is_linear=0
shrinkage=0.03


Tree=78
num_leaves=50
num_cat=0
split_feature=4 11 1 8 9 16 2 3 5 3 13 19 9 2 15 10 9 10 2 9 1 10 9 8 13 10 3 10 10 10 19 19 15 15 2 3 2 8 9 3 19 15 19 1 1 2 8 19 13
split_gain=87.2151 73.5167 71.0496 76.8693 84.9383 83.607 66.1907 67.6293 63.3944 62.8439 60.8085 64.8174 78.4734 65.9456 69.0236 59.5923 96.4017 60.1634 55.0147 54.1466 53.8437 75.983 56.1799 59.0879 51.4892 55.1239 73.3306 57.6142 77.2448 61.9112 52.9711 58.4291 54.2032 51.1709 80.9641 51.0147 102.569 111.297 181.292 102.511 82.1024 68.7206 67.4968 75.9281 78.9847 72.3242 81.8862 66.8443 65.3949
threshold=9321.4658203125018 1.5000000000000002 10.500000000000002 75496.500000000015 5381.9001464843759 5.5000000000000009 53800.533203125007 4006.314331054688 2.803571462631226 11628.225097656252 6.5000000000000009 46.500000000000007 5982.6000976562509 19060.314453125004 1.5000000000000002 2456.8000488281255 15429.500488281252 3974.3000488281255 4757.9001464843759 3706.099975585938 2.5000000000000004 26093.300781250004 5982.6000976562509 120015.50000000001 4.5000000000000009 92638.800781250015 4098.9001464843759 38516.300781250007 24828.400390625004 44401.001953125007 6.5000000000000009 61.500000000000007 1.5000000000000002 1.5000000000000002 26870.629882812504 2762.5786132812505 40529.666015625007 41494.300781250007 2362.900024414063 7411.0715332031259 62.500000000000007 3.5000000000000004 51.500000000000007 1.5000000000000002 7.5000000000000009 32178.869140625004 50693.000000000007 63.500000000000007 10.500000000000002
decision_type=2 2 2 2 2 2 2 2 2 2 2 2 2 2 2 2 2 2 2 2 2 2 2 2 2 2 2 2 2 2 2 2 2 2 2 2 2 2 2 2 2 2 2 2 2 2 2 2 2
left_child=1 33 3 4 8 9 7 18 35 15 -6 12 -12 14 -13 -5 17 -17 -7 -20 21 22 -9 -24 -19 26 27 28 -26 -29 -31 32 -32 34 -1 -3 37 39 -39 47 41 42 45 -44 48 -40 -47 -37 -45
right_child=-2 2 -4 5 10 6 -8 20 -10 -11 11 13 -14 -15 -16 16 -18 24 19 -21 -22 -23 23 -25 25 -27 -28 29 -30 30 31 -33 -34 -35 -36 36 -38 38 40 -41 -42 -43 43 44 -46 46 -48 -49 -50
leaf_value=0.013959348940867016 0.00057408834655807699 0.0065667728316812267 0.0089215964065391534 0.013588904129628076 0.00097023368207554473 -0.054677181344392707 0.010049888254223505 -0.04577153855347954 0.034238624166744225 -0.025182174340978049 -0.049673962880626997 -0.046662368442877071 0.011864229145970627 -0.045180498307215371 0.034928777722609758 -0.058166568742831964 -0.06079857377060089 0.028278968804938055 -0.022902630681448887 0.0052517331827325433 -0.01731251661095104 0.041736386876157626 0.016294116195468337 -0.028602794655566297 0.0036158499181020245 0.014336221309432955 -0.010799387431145589 -0.06107562832644841 0.02855437185819424 -0.052472495763310679 0.019304785079248894 -0.062760416329362884 -0.01554681014030047 0.022051646595602114 -0.057202891874305647 0.0039583947539120852 0.0071859542238176394 -0.027909053637876283 -0.0099538062310383906 0.037520246642325179 -0.047141185770003008 0.01036799407234428 -0.048995724875448898 0.019602832540833396 -0.063624874266406325 -0.016832593477396039 0.015748771180534027 -0.014297361734946844 -0.043093423454081334
leaf_weight=53.113447800278664 2901.7329523079097 12871.278328992426 5840.9732195958495 2937.3695255294442 2248.2005422636867 14.160439923405646 1585.8314587548375 26.07934457808733 67.349697053432465 43.513607308268547 22.851386927068233 15.605877116322516 101.43303700536489 83.736367009580135 23.209992863237858 12.566630631685255 18.977745249867439 102.68206757307053 62.919292904436588 2684.598353035748 254.81957251578569 38.00452034920454 86.787037335336208 37.904404908418655 286.23438367247581 507.10119998455048 280.68042892217636 16.476859495043755 183.40634804964066 16.380600050091743 121.85435852408409 11.20768181979656 59.908004194498062 393.61871085315943 19.735900014638901 10219.190900094807 6549.4061637148261 242.05049297213554 957.20993617922068 80.981276646256447 33.434334099292755 468.0791732519865 18.766221396625042 277.24689368903637 11.592364370822905 98.081015035510063 237.61921618878841 183.75826368480921 15.827567227184771
leaf_count=88 9663 26492 10518 5308 5869 59 2763 131 40 145 105 77 257 374 29 53 81 78 251 5837 775 40 208 125 578 809 755 69 210 69 174 47 151 489 83 25744 13442 1087 3553 163 167 966 86 532 49 309 486 708 84
internal_value=0.00563189 0.00592238 0.00581191 0.00540112 0.00475163 0.00781015 0.00503679 0.00255653 0.0051632 0.0106998 -0.000581625 -0.014716 0.000549593 -0.0301974 0.00212515 0.0110425 0.00641831 0.00721633 0.00430301 0.00460699 -0.00831647 0.00382691 -0.00572887 0.0026461 0.00773441 0.00631215 0.00214372 0.00736736 0.013355 -0.00508472 -0.000677982 0.00371869 0.00781787 0.017777 -0.00531949 0.0051025 0.00413067 0.0025727 -0.00331343 0.00389766 -0.000502389 0.000245701 -0.00268563 0.00957148 0.013179 -0.00575185 0.00622952 0.00363592 0.0162169
internal_weight=53425.5 50523.8 50057.3 44216.4 34826.9 9389.46 4791.1 3205.27 32331.9 4598.36 2495.04 246.837 124.284 122.552 38.8159 4554.85 1617.48 1598.5 2761.68 2747.52 443.595 188.775 150.771 124.691 1585.93 1483.25 976.149 695.468 469.641 225.828 209.351 192.97 181.762 466.468 72.8493 32264.5 19393.2 12843.8 2359.91 10483.9 2117.86 2084.42 1616.34 323.433 304.667 1292.91 335.7 10402.9 293.074
internal_count=120176 110513 109853 99335 80619 18716 10189 7426 73908 8527 6711 842 362 480 106 8382 3074 2993 6147 6088 1279 504 464 333 2940 2862 2053 1298 788 510 441 372 325 660 171 73868 47376 33934 7319 26615 6232 6065 5099 751 665 4348 795 26452 616
is_linear=0
shrinkage=0.03


Tree=79
num_leaves=50
num_cat=0
split_feature=5 4 11 1 8 19 9 12 14 8 9 7 3 1 19 10 12 3 7 10 4 19 13 1 13 8 16 9 10 12 19 7 7 19 12 0 3 19 10 18 8 19 7 12 16 9 12 7 8
split_gain=84.1519 87.8291 68.2349 67.8488 73.1822 81.9285 77.0169 137.394 74.1553 63.3553 63.7149 56.7334 53.8967 51.58 51.2161 50.4108 73.9286 63.5629 54.6749 50.3775 72.1856 70.6263 78.0655 70.4506 75.2362 68.0705 66.1341 59.7388 56.4688 50.7747 54.7576 58.4041 77.7108 70.8804 51.5881 51.2069 50.1885 58.4495 113.57 89.1019 74.1417 92.73 84.3106 69.27 78.9103 60.6625 63.7706 63.0894 94.6795
threshold=0.34313726425170904 9321.4658203125018 1.5000000000000002 10.500000000000002 75496.500000000015 53.500000000000007 5381.9001464843759 13.500000000000002 7.5000000000000009 76181.902343750015 3598.3000488281255 2391.099975585938 2862.233276367188 8.5000000000000018 23.500000000000004 114.57999801635744 9.5000000000000018 4198.9501953125009 6473.1999511718759 40614.601562500007 272.83100891113287 37.500000000000007 10.500000000000002 12.500000000000002 11.500000000000002 13998.100097656252 2.5000000000000004 1220.3000488281252 331361.70312500006 28.500000000000004 60.500000000000007 6243.7001953125009 5588.3000488281259 4.5000000000000009 11.500000000000002 3.5000000000000004 2762.5786132812505 11.500000000000002 3086.200073242188 3.5000000000000004 37893.500000000007 3.5000000000000004 2968.900024414063 10.500000000000002 2.5000000000000004 4888.7001953125009 31.500000000000004 7043.1000976562509 21578.200195312504
decision_type=2 2 2 2 2 2 2 2 2 2 2 2 2 2 2 2 2 2 2 2 2 2 2 2 2 2 2 2 2 2 2 2 2 2 2 2 2 2 2 2 2 2 2 2 2 2 2 2 2
left_child=1 2 -1 4 6 9 8 -8 36 11 -11 -6 13 -12 -15 -7 -17 18 -18 20 21 -5 27 24 29 26 -25 -23 -28 30 31 32 33 -21 -35 -32 37 38 40 -40 43 -42 -43 -4 -45 46 47 -39 -49
right_child=-2 -3 3 19 5 15 7 -9 -10 10 12 -13 -14 14 -16 16 17 -19 -20 23 -22 22 -24 25 -26 -27 28 -29 -30 -31 35 -33 -34 34 -36 -37 -38 45 39 -41 41 42 -44 44 -46 -47 -48 48 -50
leaf_value=0.01715674460187051 0.023979648968641132 0.00029123701794113172 0.019731170574922741 -0.021991330167144073 -0.053463438772755327 0.01584086619466641 0.0012968236601913225 -0.027481070697850007 -0.026292057432150445 -0.018715993496349882 0.011129045064518797 0.030068494547288365 0.0043000777075160113 -0.058995469439764553 -0.00031855064238687814 0.011751824438702776 -0.019774653644867957 -0.041694521525353655 0.01993550253680176 0.055812295041254116 0.012164922915179311 -0.062475316186865887 -0.061060983352449069 0.011285898119343227 0.044614093376839997 0.0026707867470765396 -0.055448855018787352 0.011575550894191983 0.04774858146508279 0.045045660587484306 -0.064513975966615331 0.015648587066724229 -0.058543269031496752 -0.035357060421735795 0.010811211067996658 0.01478312268856505 0.0040289877540328643 0.0071246768614712519 -0.026495128390125938 0.00070328644425695058 -0.041622380304655343 -0.020255867553957373 0.021563523777820275 0.0095979782713292282 -0.014608576423906098 0.01916920446528126 -0.047470595138225366 0.0045453421409809838 -0.062881633852240756
leaf_weight=461.84588299691677 219.99567188322544 2879.4111300073564 369.26686768233776 106.85079500824213 7.7291034907102576 1454.4269324988127 2334.0187958776951 159.51615950465202 68.324853546917439 95.632773749530315 1879.240597486496 137.49059236049652 5044.3413039818406 17.718282788991928 54.779287114739418 491.22587259113789 63.194882854819298 45.173506788909435 61.645196989178658 18.854312852025032 3344.5504332482815 10.128569617867468 14.897809118032454 28.63878533244133 61.364824458956718 1306.1735945641994 48.126174598932266 306.72875201702118 5.2974267452955237 34.383115708827972 17.754331901669506 384.98398300260305 22.306079834699631 36.975314438343048 53.011934697628021 12.481854617595671 19311.839313600212 10671.266864687204 202.69378670305014 233.03130847960711 59.70662897080183 82.614597842097282 91.378744535148144 473.01027804613113 162.95763303339481 370.62478307634592 19.433376997709274 53.024161040782928 28.989806950092316
leaf_count=659 206 9645 623 330 33 2210 6028 680 273 345 3306 220 11278 73 111 708 167 158 79 9 5595 42 63 51 37 2623 201 504 5 25 75 604 92 117 100 18 47157 21306 697 596 251 273 147 1038 493 612 88 103 122
internal_value=0.00546353 0.00538696 0.00567855 0.00557222 0.00517015 0.00752534 0.00453521 -0.000544153 0.00492857 0.00600717 0.0056055 0.0256226 0.00593796 0.0101711 -0.0146591 0.0127184 0.0058505 -0.0112004 -0.000166044 0.00861837 0.0106642 -0.000779053 0.00605294 0.00480629 0.0130231 0.00100569 -0.0254975 0.00920846 -0.0452159 0.00968505 0.00745979 0.0097585 -0.00753184 0.00292248 -0.0081591 -0.0317792 0.00499497 0.00645033 0.00122461 -0.0119491 0.00585771 -0.00936292 0.00170706 0.00939624 0.0033954 0.00723567 0.0068251 0.00692323 -0.0192883
internal_weight=53419.1 53199.1 50319.7 49857.8 44044.3 9352.6 34691.7 2493.53 32198.2 7236.93 7091.71 145.22 6996.08 1951.74 72.4976 2115.67 661.239 170.014 124.84 5813.51 3783.16 438.606 331.755 2030.35 642.116 1388.24 82.0624 316.857 53.4236 580.751 546.368 516.132 131.148 108.842 89.9872 30.2362 32129.8 12818 1674.66 435.725 1238.93 233.7 173.993 1005.23 635.968 11143.3 10772.7 10753.3 82.014
internal_count=120176 119970 110325 109666 99175 18688 80487 6708 73779 15366 15113 253 14768 3490 184 3322 1112 404 246 10491 6534 939 609 3957 1077 2880 257 546 206 1040 1015 922 318 226 217 93 73506 26349 4118 1293 2825 671 420 2154 1531 22231 21619 21531 225
is_linear=0
shrinkage=0.03


Tree=80
num_leaves=50
num_cat=0
split_feature=6 5 3 4 2 13 3 10 8 9 2 2 9 8 2 15 9 2 10 9 1 8 10 3 9 2 15 3 3 2 3 2 10 6 13 3 3 2 9 9 2 9 3 8 9 8 2 3 13
split_gain=102.591 95.3464 97.0419 84.9046 77.8718 77.5685 69.1974 68.8389 68.8032 64.4053 63.883 62.7447 74.6562 87.2577 77.5166 62.2508 74.1058 74.2943 71.9272 74.8158 107.658 103.754 86.0977 67.3153 76.768 71.2967 65.9679 60.3839 60.1171 59.9805 58.77 57.9303 78.4337 56.6131 66.5289 56.2598 56.1669 89.0695 89.9137 123.154 60.5624 57.1095 73.541 78.5523 64.1633 54.5099 56.7491 60.1591 53.2375
threshold=156387.00000000003 0.051315790042281158 4899.5668945312509 41246.144531250007 48558.216796875007 5.5000000000000009 2300.974975585938 94139.843750000015 11507.000000000002 600.10000610351574 44927.859375000007 31748.536132812504 2762.700073242188 40556.201171875007 61256.400390625007 3.5000000000000004 829.70001220703136 32178.869140625004 978.60400390625011 6500.1000976562509 6.5000000000000009 51802.000000000007 5320.6999511718759 4198.9501953125009 1559.9000244140627 67982.000000000015 1.5000000000000002 1749.5000000000002 1021.9416503906251 18101.200195312504 4668.0249023437509 58723.042968750007 37559.601562500007 123199.00000000001 6.5000000000000009 3962.437866210938 1834.600036621094 11184.216308593752 1576.9000244140627 4719.1000976562509 12540.413574218752 8227.2001953125018 2542.750122070313 99999.902343750015 11847.300292968752 200002.00000000003 27415.000000000004 2720.8200683593755 13.500000000000002
decision_type=2 2 2 2 2 2 2 2 2 2 2 2 2 2 2 2 2 2 2 2 2 2 2 2 2 2 2 2 2 2 2 2 2 2 2 2 2 2 2 2 2 2 2 2 2 2 2 2 2
left_child=1 2 3 5 10 7 -6 11 9 -8 -2 -1 13 14 -13 16 -7 36 28 21 30 23 -23 -20 -25 31 -27 -5 -19 -4 -21 32 -26 34 -22 -29 48 38 -38 -40 -39 -42 43 -43 -45 46 47 -44 -18
right_child=4 -3 29 27 6 15 8 -9 -10 -11 -12 12 -14 -15 -16 -17 17 18 19 20 33 22 -24 24 25 26 -28 35 -30 -31 -32 -33 -34 -35 -36 -37 37 40 39 -41 41 42 45 44 -46 -47 -48 -49 -50
leaf_value=0.01098016682074451 0.003490132619219077 0.020745508731915201 -0.032613586207424827 -0.023894927047510513 0.042599983137565578 0.01321343826938722 0.033051343745709505 0.024612926259381687 0.011069958884943155 -0.024330086921397442 -0.026229228852102941 0.0012357352325769301 0.0086378771261247083 -0.037911323220558894 -0.067426289276456067 0.0072589469671600236 0.0058216443812777715 -0.012286781359753749 0.0034956434104371674 0.0062832338379744295 -0.030480884258972031 -0.041389416022739441 0.012122490897131147 0.013974829071309338 -0.043518477873959065 0.02269638440390484 -0.059383887549245409 0.0028394703703186037 0.0087531153710375797 0.00046979416677485656 -0.039710599134547539 -0.05723368379708331 -0.0049016515752094867 0.0017618935892885336 0.0090084001868718337 -0.040976786117331777 0.01279631433960593 0.013280652096827614 -0.026348572679377066 0.0057555501279779302 0.0023893473365446875 -0.050495764756727089 -0.055148792442413642 0.02024769129129831 -0.035797459515499876 0.013271408317349473 -0.023498633160170049 0.0037927078683396881 -0.022149880682413511
leaf_weight=2519.289217017591 253.40530008077621 323.15542049705982 49.902115400880575 144.430255651474 60.770463421940804 762.26527367532253 21.956602051854134 225.33038304746151 3397.620363175869 88.813161551952362 87.597308859229088 937.34583635628223 1431.3922228440642 57.476113744080067 15.035400003194807 6148.9444120228291 4957.9943768382072 125.17184168100357 2667.2489335089922 527.6904988437891 228.22882151603699 27.540262378752232 1552.8621757999063 96.988491699099541 70.750170975923538 59.113902136683464 10.356356531381605 317.35465802997351 5188.4393981099129 4235.9556353166699 26.247064203023911 39.483116507530212 143.03464675694704 108.49400861561298 46.163148254156113 28.764081053435802 129.09692875295877 437.91997103393078 315.74427077919245 163.08435242623091 14226.478195123374 18.378087535500526 17.286450788378716 175.33963347971439 20.537990182638168 67.491009265184402 298.77499379962683 158.32109306752682 62.004786722362041
leaf_count=3994 520 354 262 914 40 1479 22 227 5580 264 265 1954 2476 213 63 12120 11207 429 5827 1070 746 98 2788 187 292 90 42 1289 10354 11064 94 162 384 215 77 172 299 948 1203 405 37709 84 74 242 70 113 1113 415 241
internal_value=0.00487563 0.00450365 0.00439619 0.00481094 0.00955255 0.00494912 0.0108612 0.0083955 0.0103114 -0.012956 -0.00414423 0.00765883 0.00423133 -0.00201461 0.000151757 0.00448941 0.00396907 0.00374863 0.00575678 0.00338575 -0.00435118 0.00493868 0.01119 0.00173827 -0.00942933 -0.0164627 0.0104602 -0.00760106 0.00825748 8.45899e-05 0.00410392 -0.0238475 -0.0176815 -0.0165835 -0.0238373 -0.000801865 0.00270701 0.00183973 -0.00942353 -0.0154142 0.00228377 0.00196234 -0.00607167 0.00880723 0.0143713 -0.0119548 -0.0155437 -0.00200937 0.00547615
internal_weight=53073.1 49162.9 48839.8 44553.9 3910.16 44063.3 3569.16 5185.87 3508.39 110.77 341.003 4960.54 2441.25 1009.86 952.381 38877.5 32728.5 31966.3 10917.8 5604.2 936.824 4667.38 1580.4 3086.98 419.727 322.738 69.4703 490.549 5313.61 4285.86 553.938 253.268 213.785 382.886 274.392 346.119 21048.5 16028.5 607.926 478.829 15420.5 14982.6 756.129 214.256 195.878 541.874 474.383 175.608 5020
internal_count=120250 113559 113205 101879 6691 99504 5906 8927 5866 286 785 8700 4706 2230 2017 90577 78457 76978 22855 12072 2202 9870 2886 6984 1157 970 132 2375 10783 11326 1164 838 676 1038 823 1461 54123 42675 1907 1608 40768 39820 2111 396 312 1715 1602 489 11448
is_linear=0
shrinkage=0.03


Tree=81
num_leaves=50
num_cat=0
split_feature=12 10 4 3 19 19 14 10 13 19 9 7 12 19 10 9 3 7 7 18 19 7 7 2 3 19 12 9 4 9 19 9 11 19 18 12 7 2 19 9 9 2 3 7 10 7 3 9 9
split_gain=134.98 99.606 86.8295 75.4011 72.1527 110.881 83.5086 66.7462 66.1283 80.389 65.4314 77.0748 68.8292 64.3179 109.368 63.0838 57.608 60.4066 70.2505 82.2038 84.7905 69.8396 82.2222 77.5798 64.4245 57.601 76.5937 57.2398 56.7719 58.6589 56.7311 66.3629 57.3396 55.7606 93.6914 55.3361 54.0516 75.1609 66.3178 53.971 61.227 90.9161 99.2436 66.4706 95.2365 63.0088 64.769 60.209 53.6931
threshold=11.500000000000002 365426.96875000006 42642.000000000007 1749.5000000000002 70.500000000000014 59.500000000000007 6.5000000000000009 165109.42187500003 6.5000000000000009 38.500000000000007 2762.700073242188 8319.8999023437518 12.500000000000002 34.500000000000007 156842.00781250003 2486.900024414063 748.17501831054699 6358.5000000000009 3908.099975585938 1.0000000180025095e-35 30.500000000000004 3511.500122070313 3362.700073242188 11957.100097656252 2189.7834472656255 50.500000000000007 13.500000000000002 2447.3000488281255 24597.000000000004 2158.700073242188 62.500000000000007 829.70001220703136 3.5000000000000004 45.500000000000007 1.0000000180025095e-35 61.500000000000007 12463.500488281252 40529.666015625007 43.500000000000007 829.70001220703136 1343.100036621094 9000.7500000000018 1913.2700195312502 1125.5000000000002 28918.300781250004 2858.3000488281255 2353.712524414063 1364.100036621094 2604.900024414063
decision_type=2 2 2 2 2 2 2 2 2 2 2 2 2 2 2 2 2 2 2 2 2 2 2 2 2 2 2 2 2 2 2 2 2 2 2 2 2 2 2 2 2 2 2 2 2 2 2 2 2
left_child=2 4 7 -4 5 10 -7 8 13 -10 11 15 -13 39 30 16 28 18 21 20 -20 22 23 -18 -25 -26 -27 -5 29 -2 32 -32 -15 36 -35 -36 37 -14 -38 -1 41 -41 43 44 -43 -44 -47 -42 -17
right_child=1 -3 3 27 -6 6 -8 -9 9 -11 -12 12 33 14 -16 48 17 -19 19 -21 -22 -23 -24 24 25 26 -28 -29 -30 -31 31 -33 -34 34 35 -37 38 -39 -40 40 47 42 45 -45 -46 46 -48 -49 -50
leaf_value=0.014292795479531037 -0.024198522119915359 0.025864453534204631 -0.032607711639741681 0.021399550896177826 -0.025159837041218863 0.011010259306112519 -0.051281499810420142 0.012449223766906129 -0.0084628982141644188 0.0034501809368835861 0.0021173785628491228 -0.050243708621092301 -0.045773838935398894 0.007415229434373883 -0.069302610446856205 -0.030895363853806503 -0.02368458903676756 0.0087350131514630589 -0.031666166206474541 -0.013913462342176927 0.023688722845890773 0.017397826288727967 -0.04868372472097058 0.010915084196451539 -0.035834492444365401 0.063638175862457944 -0.050676254778270799 -0.010692147641375063 0.063915257521715965 0.050920834054602321 0.037882675453142271 -0.00059077103402997515 0.031316812286772022 0.013090612429974051 -0.047582789705613193 0.056332667301277721 -0.00049951610089442582 -0.0015278785062669668 0.058619544541880717 0.021954378769233517 0.025763282968862385 -0.020356952172134821 0.017572778217094683 -0.028865926647326047 0.065254638267338377 -0.032044671442466061 -0.00075954874249410513 0.0046693640841253999 -0.0038610377919989394
leaf_weight=499.28792369365692 23.424023523926735 147.50836427509785 94.184785410761833 72.177299171686172 93.823130965232849 1137.1872495114803 19.704871326684952 1221.7774256616831 586.39012070000172 3902.5350893959403 4853.8141404949129 44.800213381648064 45.213967986404896 16919.925757192075 16.877930194139481 112.96933981776237 99.367477588355541 480.0634526014328 32.181872770190239 676.4127810895443 110.13190385699272 218.78681849688292 32.743307687342167 365.29700510203838 54.797022469341755 14.177644267678263 8.4008799493312818 162.95377771556377 24.721712291240692 15.577200084924696 41.821970224380493 1146.6061858385801 90.817248642444611 38.083309233188629 92.560041777789593 4.8538681119680396 56.969378560781479 146.54425436258316 24.387749712914228 138.6034944653511 122.64060726761818 33.586094751954079 160.0788076967001 194.67197351902723 17.941660284996033 63.2842091396451 1011.2514991313219 17430.267473302782 159.43504609167576
leaf_count=925 97 173 641 234 388 2145 91 1963 1719 9170 12234 203 217 32747 70 457 415 1150 131 2331 209 445 154 934 247 17 37 694 47 16 38 2849 78 75 394 3 191 401 22 239 192 114 290 652 10 217 2573 41112 499
internal_value=0.00473034 0.00141212 0.0054203 -0.00992638 0.00101075 0.00128686 0.00994927 0.00553622 0.00533691 0.00189397 -8.61609e-06 -0.0035893 -0.0149436 0.00574483 0.00702932 -0.0014694 0.000249251 -0.000606524 -0.00338798 -0.00955317 0.0111711 0.00297265 -0.00251818 0.000270571 0.00564783 -0.0192194 0.0211048 -0.00084108 0.0283488 0.00580436 0.00710011 0.000763148 0.00754284 -0.0110733 -0.0268072 -0.042405 -0.0032674 -0.0119605 0.0172221 0.00455538 0.0043018 -0.00127969 -0.00345439 -0.0208462 0.0094525 1.37799e-05 -0.00260207 0.00481675 -0.0150725
internal_weight=53061.6 9133.94 43927.7 329.316 8986.43 8892.61 1156.89 43598.4 42376.6 4488.93 7735.71 2881.9 453.413 37887.7 18216 2428.49 2156.08 2092.36 1612.3 818.727 142.314 793.57 574.783 542.04 442.673 77.3755 22.5785 235.131 63.7229 39.0012 18199.2 1188.43 17010.7 408.613 135.497 97.4139 273.115 191.758 81.3571 19671.6 19172.3 1619.42 1480.81 246.2 51.5278 1234.61 1074.54 17552.9 272.404
internal_count=120250 23723 96527 1569 23550 23162 2236 94958 92995 10889 20926 8692 1506 82106 35782 7186 6230 6070 4920 2671 340 2249 1804 1650 1235 301 54 928 160 113 35712 2887 32825 1303 472 397 831 618 213 46324 45399 4095 3856 776 124 3080 2790 41304 956
is_linear=0
shrinkage=0.03


Tree=82
num_leaves=50
num_cat=0
split_feature=12 1 10 13 19 19 14 9 7 1 6 19 19 10 9 7 7 6 18 16 12 7 6 6 2 2 9 9 9 18 9 19 9 12 15 9 9 10 10 3 10 3 19 3 9 10 2 3 2
split_gain=126.924 105.462 94.0617 83.8956 68.3921 104.391 79.2299 61.6557 72.8943 76.0067 66.9634 61.93 61.1261 67.6384 62.316 59.8118 96.7593 72.2849 60.3149 59.0286 68.359 63.4352 56.2246 76.7032 69.789 67.2971 56.1678 55.4331 55.3673 55.3114 55.1203 62.0356 53.7457 52.0531 51.149 81.0204 82.9995 69.7144 72.6465 64.2078 63.5767 51.9464 103.705 86.2026 60.5731 66.9517 80.7752 63.8954 50.672
threshold=11.500000000000002 6.5000000000000009 365426.96875000006 6.5000000000000009 70.500000000000014 59.500000000000007 6.5000000000000009 2762.700073242188 8319.8999023437518 3.5000000000000004 100002.00000000001 3.5000000000000004 38.500000000000007 65483.900390625007 4399.9001464843759 3908.099975585938 4970.1000976562509 24398.100585937504 1.5000000000000002 7.5000000000000009 17.500000000000004 7785.1000976562509 23999.900390625004 49999.099609375007 19433.166992187504 31516.166992187504 2461.500122070313 956.70001220703136 1448.100036621094 2.5000000000000004 1379.7000122070315 56.500000000000007 1202.100036621094 9.5000000000000018 2.5000000000000004 2202.500122070313 2079.900024414063 27476.900390625004 19842.400390625004 9653.9995117187518 238015.39843750003 3036.3444824218755 9.5000000000000018 5357.6267089843759 2435.700073242188 24290.500976562504 123947.86328125001 5538.5002441406259 36834.945312500007
decision_type=2 2 2 2 2 2 2 2 2 2 2 2 2 2 2 2 2 2 2 2 2 2 2 2 2 2 2 2 2 2 2 2 2 2 2 2 2 2 2 2 2 2 2 2 2 2 2 2 2
left_child=1 3 4 34 5 7 -7 8 10 -10 11 -2 13 -5 30 17 22 -13 -18 32 -21 27 29 -24 -25 -26 -19 -22 48 -17 31 33 -20 -14 37 36 -36 38 -1 -39 41 -37 -43 -44 -45 -46 47 -47 -27
right_child=2 -3 -4 12 -6 6 -8 -9 9 -11 -12 15 14 -15 -16 16 18 26 19 20 21 -23 23 24 25 28 -28 -29 -30 -31 -32 -33 -34 -35 35 40 -38 39 -40 -41 -42 42 43 44 45 46 -48 -49 -50
leaf_value=0.0035686083356310087 -0.035774229139419564 0.0083303157296669861 0.025170828427752576 -0.01307083610759093 -0.024600405652580502 0.01068298594239126 -0.050348678162318472 0.0020534099921402163 0.018259531926838386 -0.019168908901259562 0.012292074813823356 -0.010103480757149867 0.018187719317669895 0.024040481628541083 0.0069362416021315184 0.044454229933230324 0.01123962241805131 0.011454396651687605 0.010640697383828944 0.012373357141384224 0.052922607265096996 0.037778036130138241 -0.04612241967789419 0.032812639409342731 -0.043862255380710521 0.021293058887612428 -0.017603275037740011 -0.047243656445025525 -0.022893109798925358 -0.041206065971768999 -0.003827217207538835 -0.022263695044847185 -0.024135253573652503 -0.027842383086305933 0.0041651105831641772 0.0066309681374961751 -0.012635963825252821 0.0083792765194929519 -0.0073420910795949706 -0.049242195969733837 -0.044557829692991879 -0.0066964038927269411 0.016686997926802873 0.039908071586217148 0.0063357226250636113 0.014260365753509405 0.024732582023767689 -0.052086694993708653 -0.04767597679043719
leaf_weight=14416.57534333691 51.391274154186249 8180.2835774943233 147.03322950005531 451.56796612590551 93.089252166450024 1136.8690276443958 19.471373841166496 4854.8550503849983 55.698458109050989 396.00870566815138 282.82732481509447 261.07253301888704 273.50928161293268 48.995891630649567 1294.6420013383031 22.860741890966892 255.15064274519682 595.90510926395655 50.12699855864048 193.48812685906887 5.5401568412780753 12.595712818205355 90.578492507338524 25.628727212548256 71.332530155777931 62.150096513330936 66.556753240525723 48.523442961275578 111.40380261093378 9.6470650061964971 1635.6740290895104 48.069547444581985 197.92186670005322 24.055532388389111 4180.5768811255693 6451.2382162362337 282.5164215490222 3137.1638069748878 570.97958331555128 17.501607537269592 20.658112764358521 257.70516607165337 1879.4650497436523 41.573099479079247 617.3303609341383 17.06599947810173 26.399039447307587 55.705725744366646 11.336173363029955
leaf_count=35422 238 14255 173 1497 388 2145 91 12234 148 1358 570 942 542 67 2862 36 579 1470 118 488 14 24 451 46 301 148 242 230 455 59 4651 156 723 93 9155 14185 799 6301 1566 88 69 611 2723 37 1180 24 29 215 52
internal_value=0.00458858 0.00525747 0.00136989 0.00455432 0.000980277 0.00124817 0.00965529 -9.03793e-06 -0.00348846 -0.0145537 -0.0014282 -0.00323879 0.000325677 -0.00943833 0.00181761 -0.00243946 -0.00694976 0.00326612 -0.000661557 -0.00663679 0.003347 -0.0228533 -0.0188036 -0.0221063 -0.0143882 -0.0191095 0.00853501 -0.0369791 -0.00955961 0.0190336 -0.00152704 0.00935827 -0.0171075 0.0144666 0.0050538 0.0064281 0.00310159 0.00400614 0.00315294 0.0080596 0.00801306 0.00812926 0.0114678 0.0132425 0.00470283 0.00266014 -0.0202201 -0.0365274 0.0106537
internal_weight=53058.3 43929.3 9129.06 35749 8982.03 8888.94 1156.34 7732.6 2877.74 451.707 2426.04 2143.21 3776.51 500.564 3275.95 2091.82 1168.28 923.534 763.347 508.196 260.147 66.6593 404.938 372.43 281.851 256.223 662.462 54.0636 184.89 32.5078 1981.31 345.634 248.049 297.565 31972.5 13830.2 4463.09 18142.2 14987.6 3154.67 9367.14 9346.48 2895.24 2637.54 758.074 716.501 99.1708 72.7717 73.4863
internal_count=120250 96527 23723 82272 23550 23162 2236 20926 8692 1506 7186 6616 9868 1564 8304 6378 3724 2654 2176 1597 756 268 1548 1453 1002 956 1712 244 655 95 5442 791 841 635 72404 29027 9954 43377 36988 6389 19073 19004 4819 4208 1485 1448 268 239 200
is_linear=0
shrinkage=0.03


Tree=83
num_leaves=50
num_cat=0
split_feature=12 1 10 13 8 13 9 19 14 19 19 14 9 7 2 8 1 9 7 1 6 19 19 8 4 6 6 4 8 9 13 8 9 6 15 7 12 2 16 7 7 7 4 6 2 1 4 8 9
split_gain=119.371 99.9804 88.8447 83.347 68.6268 76.4707 78.2157 68.581 72.3548 64.8311 98.285 75.2141 61.5389 59.5814 92.0216 59.2693 62.1266 58.0991 68.8113 71.7312 62.9985 59.1217 58.0326 58.0289 57.8261 60.9453 77.2417 57.7274 57.6611 75.3741 58.7321 57.0511 87.011 102.736 57.5609 67.6703 57.1479 56.5035 85.5901 67.0049 56.4334 91.8457 83.0091 71.7793 84.0058 69.3345 72.0563 56.3231 56.2737
threshold=11.500000000000002 4.5000000000000009 365426.96875000006 5.5000000000000009 98789.199218750015 6.5000000000000009 6500.1000976562509 62.500000000000007 5.5000000000000009 70.500000000000014 59.500000000000007 6.5000000000000009 5170.7001953125009 11435.300292968752 99525.468750000015 109050.10156250001 2.5000000000000004 2762.700073242188 8319.8999023437518 3.5000000000000004 100002.00000000001 3.5000000000000004 8.5000000000000018 172037.39843750003 22513.563476562504 39999.900390625007 40803.900390625007 22327.022460937504 43116.201171875007 2586.900024414063 10.500000000000002 75496.500000000015 3598.3000488281255 130000.60156250001 1.5000000000000002 4398.1000976562509 9.5000000000000018 41374.201171875007 4.5000000000000009 1598.5000000000002 3908.099975585938 4970.1000976562509 4.1540000438690194 23999.900390625004 32106.424804687504 17.500000000000004 23950.000000000004 30692.400390625004 829.70001220703136
decision_type=2 2 2 2 2 2 2 2 2 2 2 2 2 2 2 2 2 2 2 2 2 2 2 2 2 2 2 2 2 2 2 2 2 2 2 2 2 2 2 2 2 2 2 2 2 2 2 2 2
left_child=1 4 9 -3 5 6 7 24 -9 10 17 -12 15 14 28 16 -6 18 20 -20 21 -2 23 -14 27 -26 -27 31 -7 -30 -31 -1 33 -33 -34 -36 -37 -28 -39 -40 45 42 -42 47 -45 46 -23 -44 -5
right_child=2 3 -4 48 12 13 -8 8 -10 -11 11 -13 22 -15 -16 -17 -18 -19 19 -21 -22 40 -24 -25 25 26 37 -29 29 30 -32 32 34 -35 35 36 -38 38 39 -41 41 -43 43 44 -46 -47 -48 -49 -50
leaf_value=0.0045464074197802363 -0.035139055715173992 0.013758262890050299 0.024500589503062904 0.020411569131922203 0.016051943357586178 0.0011266821069070008 -0.0037671840051141242 0.021578539817484033 -0.010479403678730086 -0.024054597549290475 0.010365862075619025 -0.049470977932260844 -0.0011135087169911136 -0.038013466915586457 0.026464751193162706 -0.041774382331031701 -0.022960435326433028 0.0019913906869407031 0.017624630783168806 -0.018667348052099856 0.011908879837515079 -0.0015471743494568358 0.0094619075231030664 -0.053991722686785627 -0.032033198131119385 0.053002282478323455 -0.030830959331092492 0.05540837455483235 -0.038477767135425243 -0.014135866540867521 0.0035499485408040862 -0.047894493245651801 0.023241747750512912 0.044542280165655632 -0.010753342103756468 0.0017705866844386318 0.023750906623624255 -0.039634350887323928 -0.036465822709727487 0.028584386849030505 0.021235695000921383 -0.00064367148163920883 -0.015644238971595895 -0.043828907905041299 -0.013347069400993243 0.033759519192463734 0.030998666288206904 0.064832791945792487 0.0060936767129256397
leaf_weight=20881.757110312581 50.760211005806923 1570.0871287286282 146.53144398331642 252.45959377288818 87.103719137609005 1690.3988531082869 1080.20314335078 73.393955506384373 463.63291741907597 92.356642298400402 1136.5053688809276 19.226030483841896 235.59540991485119 39.206904858350754 107.13623002916574 39.293611317873001 63.535513415932655 4855.8562908396125 55.969536617398262 394.47285847365856 283.16482017189264 795.08805260062218 3739.3012310117483 20.28643687069416 74.193830534815788 21.826716601848602 59.521792158484459 20.368626058101654 70.1549062281847 359.12004491686821 319.20003674924374 42.157194502651691 372.78873991221189 14.558071881532667 131.9705271422863 194.40471369028091 235.31972886621952 30.580523498356342 17.143224626779556 84.477833613753319 42.614903166890144 762.91259685903788 17.642932355403904 149.23689876496792 178.93436534702778 62.187298312783241 66.331982240080833 14.06749192625284 11535.517153330147
leaf_count=48245 238 2082 173 352 145 4556 3138 128 1469 388 2145 91 600 171 147 158 209 12234 148 1358 570 2343 6950 85 446 42 355 22 345 1184 979 207 554 10 314 483 431 207 134 241 84 2176 77 702 672 69 242 13 22138
internal_value=0.00445149 0.00510005 0.001329 0.00726516 0.00415392 0.00358779 0.00412012 0.00449514 -0.00609813 0.000950781 0.0012107 0.00937045 0.00772289 -0.00131256 -0.000747388 -0.00896151 -0.000402412 -9.39931e-06 -0.00339062 -0.0141579 -0.00138891 -0.00314865 0.00851608 -0.00530572 0.00475162 -0.00860956 -0.000471468 0.00492722 -0.00194278 -0.00887502 -0.00581338 0.00488022 0.0119126 -0.0241672 0.0141023 0.00803665 0.0138071 -0.00655918 0.00436883 0.0176106 -0.00237133 -0.00676091 -0.0183558 -0.023044 -0.0272088 0.00316745 0.000958955 0.0200573 0.00640032
internal_weight=53050.6 43926.7 9123.86 13358.1 30568.6 26383.5 23798.3 22718.1 537.027 8977.33 8884.97 1155.73 4185.12 2585.22 2546.01 189.933 150.639 7729.24 2873.38 450.442 2422.94 2139.78 3995.18 255.882 22181.1 287.744 213.55 21893.3 2438.87 748.475 678.32 21873 991.199 56.7153 934.484 561.695 429.724 191.723 132.202 101.621 2089.02 1165.41 402.497 359.882 328.171 923.607 861.42 31.7104 11788
internal_count=120250 96527 23723 24572 71955 63808 56426 53288 1597 23550 23162 2236 8147 7382 7211 512 354 20926 8692 1506 7186 6616 7635 685 51691 1425 979 50266 7064 2508 2163 50244 1999 217 1782 1228 914 937 582 375 6378 3724 1548 1464 1374 2654 2585 90 22490
is_linear=0
shrinkage=0.03


Tree=84
num_leaves=50
num_cat=0
split_feature=12 1 10 13 19 19 14 4 8 19 9 9 9 7 19 9 7 1 6 19 8 7 10 15 8 9 8 8 13 19 19 6 15 9 9 2 9 2 8 2 8 13 7 9 19 10 9 4 7
split_gain=112.3 95.7395 83.9327 79.0407 61.4585 92.538 71.4413 58.5037 61.3807 73.7375 65.2021 70.6436 119.539 63.9793 56.6116 54.7264 64.9785 67.7034 59.2595 56.4626 54.0197 73.3615 53.8809 83.8912 135.456 98.8906 85.6445 82.5681 102.817 80.56 71.1492 70.5535 70.2789 89.675 76.7789 92.1896 67.9234 63.8658 83.8182 71.3875 71.3674 69.0677 88.7902 66.6809 66.1038 61.8553 60.8139 60.3393 62.9645
threshold=11.500000000000002 6.5000000000000009 365426.96875000006 11.500000000000002 70.500000000000014 59.500000000000007 6.5000000000000009 42642.000000000007 115797.00000000001 52.500000000000007 5915.3000488281259 12298.100097656252 13934.600585937502 8383.3002929687518 46.500000000000007 2762.700073242188 8319.8999023437518 3.5000000000000004 100002.00000000001 3.5000000000000004 26112.700195312504 1194.5000000000002 27476.900390625004 2.5000000000000004 24839.200195312504 1331.5000000000002 75496.500000000015 43996.500000000007 6.5000000000000009 37.500000000000007 62.500000000000007 28000.799804687504 1.5000000000000002 6078.3000488281259 6308.1000976562509 61256.400390625007 6657.9001464843759 43067.000000000007 10572.200195312502 32106.424804687504 106399.00000000001 6.5000000000000009 2302.900024414063 7965.3000488281259 57.500000000000007 20055.578125000004 3654.099975585938 12001.601074218752 3763.700073242188
decision_type=2 2 2 2 2 2 2 2 2 2 2 2 2 2 2 2 2 2 2 2 2 2 2 2 2 2 2 2 2 2 2 2 2 2 2 2 2 2 2 2 2 2 2 2 2 2 2 2 2
left_child=1 3 4 7 5 15 -7 8 22 10 13 -12 14 -10 -13 16 18 -18 19 -2 21 -5 23 24 45 -26 27 29 31 36 -31 -29 33 46 35 -34 -27 39 -39 41 -40 -25 -43 -41 -45 -1 -28 48 -33
right_child=2 -3 -4 20 -6 6 -8 -9 9 -11 11 12 -14 -15 -16 -17 17 -19 -20 -21 -22 -23 -24 37 25 26 32 28 -30 30 -32 47 34 -35 -36 -37 -38 38 40 43 -42 42 -44 44 -46 -47 -48 -49 -50
leaf_value=0.0058244379506518593 -0.034523598384982507 0.0078788151692677499 0.02385237220141077 0.026238339092465802 -0.023521772921994713 0.010058519937395741 -0.048643871398684098 -0.010736789413881209 -0.038895976809757461 0.017035087664951369 0.0093987414320788314 -0.050968131554927215 0.0047033642741843512 0.022449990655520752 0.0086567558621765302 0.0019312599050143083 0.017016864885873218 -0.018179763109993221 0.011538849114601787 -0.0023033548654261345 0.00043120267005744041 -0.020115473270198282 0.0075345247785878157 0.0091016346184027031 -0.039591638936305566 -0.0025651612602608396 -0.029108170761719926 -0.012819405190766324 -0.028908281785042237 0.0069326505302527812 -0.015803084884627002 0.010124319817195315 -0.029010227104711916 0.0010416147945665087 0.0081167039462418759 0.015795330725237287 -0.044066828020041367 -0.029579432452778876 0.012302589658747897 0.0033613579490818228 -0.033628981980080748 -0.03652955266511379 0.0038754439525781142 -0.023996916843656291 0.023780773375014459 -0.01004876867033053 0.019331081961684385 -0.032404851973322907 -0.0035431612558294505
leaf_weight=6737.3789949715137 50.12483012676239 8165.4475347697735 146.00620549917221 34.819017663598061 91.626445539295673 1136.1009109914303 18.970214650034904 224.60487816482782 53.766723781824112 732.88997812569141 1742.0373599231243 62.721793755888939 241.95426493883133 21.386789798736572 18.576058864593506 4856.8195579722524 56.22546973079443 392.92483469098806 283.47322731465101 2087.1027608215809 759.70081095397472 261.55610957741737 3919.0596843659878 3486.6827496513724 57.598872192203999 1864.5734253078699 24.255590654909611 641.31335989385843 164.93460789322853 1787.3267506211996 133.10340447723866 408.34580579400063 156.93870648741722 565.82833167165518 217.89627125859261 56.104630053043365 36.180752605199814 45.669828593730927 1859.5754289776087 6916.2706734389067 30.951996371150017 68.018636465072632 174.58462578058243 143.9765148460865 31.823292851448059 228.43968645483255 609.01679898053408 53.556377939879894 1179.9614773094654
leaf_count=15271 238 14255 173 72 388 2145 91 1181 193 934 3115 245 478 26 29 12234 148 1358 570 6378 2247 1000 7668 6171 250 5433 98 2020 649 3962 462 835 607 1401 580 98 179 136 3098 17087 96 231 350 525 51 630 1005 277 3582
internal_value=0.00431882 0.00494785 0.0012894 0.00427847 0.000922274 0.00117445 0.00909443 0.00452456 0.00462399 0.00882203 0.00600987 0.00700868 -0.00587159 -0.0214385 -0.0373442 -9.52432e-06 -0.00329403 -0.0137738 -0.00134956 -0.00305902 -0.00380668 -0.0146697 0.00424227 0.00377614 0.00224909 -0.000425202 -0.000139615 -0.00173243 -0.00603375 0.00102329 0.00535686 -0.00438131 0.00598651 0.00972086 -0.00440441 -0.0172108 -0.00335514 0.00556236 0.0105804 0.0046645 0.0115506 0.0080247 -0.0074529 0.00289758 -0.0153482 0.00530389 0.0174758 -0.00108539 -2.93207e-05
internal_weight=53038.2 43918.8 9119.37 35753.4 8973.37 8881.74 1155.07 34697.3 34472.7 2873.33 2140.44 2065.29 323.252 75.1535 81.2979 7726.67 2869.85 449.15 2420.7 2137.23 1056.08 296.375 31599.4 27680.3 14922.8 7956.94 7899.34 6269.3 2448.11 3821.18 1920.43 2283.18 1630.04 1199.1 430.94 213.043 1900.75 12757.6 1936.2 10821.4 1890.53 3729.29 242.603 7092.07 175.8 6965.82 633.272 1641.86 1588.31
internal_count=120250 96527 23723 82272 23550 23162 2236 78953 77772 5020 4086 3867 752 219 274 20926 8692 1506 7186 6616 3319 1072 72752 65084 37339 21438 21188 17399 7363 10036 4424 6714 3789 2504 1285 705 5612 27745 3330 24415 3194 6752 581 17663 576 15901 1103 4694 4417
is_linear=0
shrinkage=0.03


Tree=85
num_leaves=50
num_cat=0
split_feature=13 15 1 12 6 13 12 0 12 12 8 16 10 8 10 6 6 10 10 10 2 1 2 8 11 8 2 2 0 10 10 8 10 2 2 6 18 8 12 7 15 17 8 2 16 10 13 7 8
split_gain=121.547 89.3528 80.8416 88.7944 74.2406 69.6865 81.8887 66.9905 63.0169 104.855 80.3397 107.437 74.1028 69.0712 83.7404 62.8319 86.2715 83.6687 127.332 74.8481 70.3191 59.625 112.687 59.0588 55.9315 55.7361 87.5687 101.565 55.4351 62.1126 55.3284 56.1864 73.6495 54.2919 65.1635 57.9458 53.727 52.9258 52.3808 52.2073 51.7028 54.8713 51.65 52.4319 51.3082 54.4178 56.2303 70.901 50.9181
threshold=3.5000000000000004 3.5000000000000004 7.5000000000000009 11.500000000000002 17804.000000000004 6.5000000000000009 17.500000000000004 5.5000000000000009 13.500000000000002 29.500000000000004 29476.799804687504 4.5000000000000009 152851.00000000003 196047.80468750003 274213.92187500006 110010.00000000001 40000.099609375007 33949.300781250007 97231.214843750015 43767.201171875007 32178.869140625004 3.5000000000000004 27856.946289062504 140024.00000000003 2.5000000000000004 18357.000000000004 87520.367187500015 45865.880859375007 1.5000000000000002 53788.640625000007 105646.43359375001 45601.000000000007 169298.39843750003 51200.369140625007 33237.312500000007 123199.00000000001 3.5000000000000004 100001.00000000001 12.500000000000002 9658.8002929687518 1.5000000000000002 2019.5000000000002 10978.399902343752 24196.500000000004 4.5000000000000009 31031.156250000004 8.5000000000000018 7448.5000000000009 57183.000000000007
decision_type=2 2 2 2 2 2 2 2 2 2 2 2 2 2 2 2 2 2 2 2 2 2 2 2 2 2 2 2 2 2 2 2 2 2 2 2 2 2 2 2 2 2 2 2 2 2 2 2 2
left_child=-1 2 3 -2 -4 7 36 8 24 10 11 -10 -11 30 -15 16 19 -17 -19 23 21 22 -18 37 -6 -20 27 -27 -23 38 -12 -32 -33 34 -8 -35 -7 48 -30 -28 -34 -42 43 -13 -22 -46 -47 -48 -5
right_child=1 -3 4 15 5 6 33 -9 9 12 13 42 -14 14 -16 17 20 18 25 -21 44 28 -24 -25 -26 26 39 -29 29 -31 31 32 40 35 -36 -37 -38 -39 -40 -41 41 -43 -44 -45 45 46 47 -49 -50
leaf_value=0.010453855552522864 0.003388975217189596 0.0069725938957363254 -0.054115249081214449 -0.0026549138798445293 0.0066100994020445352 0.021350858851038972 0.0012419957908424411 -0.026257482743424324 0.0024447116280813981 0.020176689904836696 0.0065525678700525287 -0.049354358776281956 -0.054506275015867162 -0.063626106973352289 0.044873432499975795 0.013637469971251558 -0.043983021080253322 -0.051589911225849681 0.03397275043984354 0.043876728760464695 0.0038202820426493475 -0.037718851258502523 0.029252370352448733 0.025490558264781735 0.028216676205578016 0.027405917504445525 0.043734852968812063 -0.053573818919871619 -0.040911133837999644 0.020154523478978004 -0.041406638200909583 -0.026923758015222593 0.027182792760736336 0.043072333705746653 -0.037333652187419977 -0.0021599033418797852 0.0079820375625353091 -0.034355212582233847 -0.012865708383237673 -0.014435875436652057 -0.053525276239698216 0.021117194662047988 -0.027814100687270197 0.014134396675350245 -0.00409660038778742 -0.034280638456675831 -0.04539379657064576 0.055058449033152913 0.012819256200263999
leaf_weight=2845.3779211491346 29172.036903802305 8069.9357492104173 18.451363518834114 868.46439641714096 5316.1080747842789 664.8617268204689 107.80837210267782 61.144228771328926 323.48753500729799 304.36265035718679 1133.2393303737044 14.77386251837015 12.446289867162703 27.457738116383553 8.3486843854188901 477.69504959136248 27.067934103310108 48.65450768917799 40.955308869481087 38.331733204424381 519.35370890796185 115.00564028322697 62.735541597008705 84.703590676188469 110.05919668078423 19.766405314207077 34.975647360086441 47.281576588749886 73.367468304932117 42.469422712922096 41.380074054002762 68.587566152215004 73.206748023629189 39.863635122776031 62.120509915053844 70.692890480160713 456.18610613048077 40.028839148581028 327.40333569794893 23.027807831764221 18.088147655129433 17.380843877792358 266.41319429129362 56.394838467240334 472.51007284969091 115.62763290852308 10.630176842212679 15.609897598624228 245.47690273821354
leaf_count=4421 70117 15389 81 3107 9882 889 287 189 753 495 2511 65 53 115 3 941 142 224 55 46 1366 641 148 120 105 34 31 203 344 73 156 220 87 35 236 150 854 172 1197 65 76 22 1002 120 1568 484 53 19 701
internal_value=0.00442178 0.00408032 0.00352718 0.0028303 0.00600145 0.00612131 0.0122835 0.00502152 0.00526698 0.00118085 -0.00130286 -0.00991009 0.0172427 0.00279747 -0.0383282 -0.00151445 -0.00336168 0.00664647 -0.00891091 0.00258961 -0.00762698 -0.0155098 0.00717827 0.00131195 0.00704835 0.00359777 -0.00635027 -0.0297002 -0.0191596 -0.0143441 0.00388673 -0.00993041 -0.00258265 -0.00221387 -0.01286 0.0141496 0.0159107 -0.000462808 -0.0179999 0.0206406 0.0127795 -0.0169483 -0.0217491 0.000954809 -0.0031211 -0.00898887 -0.0252832 0.014364 0.000755096
internal_weight=53111.4 50266 42196 32923.2 9272.86 9254.41 1401.53 7852.88 7791.73 2365.57 2048.76 661.069 316.809 1387.69 35.8064 3751.14 3058.79 692.356 214.661 1277.01 1781.78 648.049 89.8035 1238.67 5426.17 166.007 125.051 67.048 558.246 443.24 1351.88 218.643 177.263 280.485 169.929 110.557 1121.05 1153.97 400.771 58.0035 108.676 35.469 337.582 71.1687 1133.73 614.378 141.868 26.2401 1113.94
internal_count=120047 115626 100237 81851 18386 18305 2451 15854 15665 5678 5130 1940 548 3190 118 11734 10181 1553 612 4146 6035 2545 290 4100 9987 388 333 237 2255 1614 3072 561 405 708 523 185 1743 3980 1541 96 185 98 1187 185 3490 2124 556 72 3808
is_linear=0
shrinkage=0.03


Tree=86
num_leaves=50
num_cat=0
split_feature=13 15 9 1 12 6 3 7 6 8 9 13 4 12 12 12 8 16 8 8 3 9 4 3 6 6 12 15 12 6 9 11 9 3 9 16 9 9 9 8 3 0 16 8 8 9 12 9 8
split_gain=115.838 76.6953 76.6703 77.7752 79.198 68.9553 64.0761 79.7828 63.8219 60.9265 60.5511 63.5573 75.5416 67.3232 58.8659 99.4693 66.2088 99.0511 82.9282 59.7267 58.708 58.5002 56.6662 55.3584 53.778 94.0368 68.5608 53.7405 52.161 58.2657 69.1487 51.7888 60.0165 82.7998 113.995 70.6541 53.2078 50.0732 48.371 48.3275 74.7943 64.4453 57.7787 67.194 64.2742 53.5632 66.7864 55.7767 49.6768
threshold=4.5000000000000009 3.5000000000000004 829.70001220703136 7.5000000000000009 11.500000000000002 17804.000000000004 3278.440063476563 3763.700073242188 22117.000000000004 14001.000000000002 1202.100036621094 6.5000000000000009 45688.001953125007 17.500000000000004 29.500000000000004 13.500000000000002 29476.799804687504 4.5000000000000009 9998.1000976562518 196047.80468750003 3139.3100585937505 956.70001220703136 2410.6730957031255 9653.9995117187518 105804.19921875001 40000.099609375007 12.500000000000002 1.5000000000000002 15.500000000000002 156387.00000000003 2050.099975585938 2.5000000000000004 5486.5000000000009 3677.1765136718755 12298.100097656252 7.5000000000000009 5660.7001953125009 2362.900024414063 12298.100097656252 55998.201171875007 3550.7375488281255 1.5000000000000002 5.5000000000000009 41494.300781250007 49595.500000000007 1876.100036621094 12.500000000000002 1717.7000122070315 10572.200195312502
decision_type=2 2 2 2 2 2 2 2 2 2 2 2 2 2 2 2 2 2 2 2 2 2 2 2 2 2 2 2 2 2 2 2 2 2 2 2 2 2 2 2 2 2 2 2 2 2 2 2 2
left_child=6 2 9 4 23 -5 7 -1 -9 -2 21 14 13 -13 15 20 17 28 -19 -18 -12 -7 -15 -4 25 -6 -27 -25 -17 30 -30 32 39 34 35 -34 -35 -20 -26 40 42 -42 43 -22 45 47 -47 -44 -43
right_child=1 -3 3 5 24 10 -8 8 -10 -11 11 12 -14 22 -16 16 19 18 37 -21 31 -23 -24 27 38 26 -28 -29 29 -31 -32 -33 33 36 -36 -37 -38 -39 -40 -41 41 48 44 -45 -46 46 -48 -49 -50
leaf_value=0.012027058202557443 0.013450789549677706 0.0066130867886936805 0.0031541681856210469 -0.052943877880928164 0.0028065148722987848 0.012077269717609085 0.014749122195388029 -0.065553296571540159 0.0022833031857865649 -0.033159720707383315 0.010035293219541377 0.01661002723219825 -0.042004257985058586 -0.039815003782468147 0.018031794009093539 0.019076042682090507 0.0033580897050372359 0.019938126199289519 -0.040521629994955816 -0.036319842747259239 0.0072397498482582034 -0.016309458509677657 0.0045308276015437058 -0.027096331012161943 0.00732611741954155 -0.021314242769181792 -0.0053278505726269531 0.00045743084121270663 0.0036009692313680453 0.026822947911708018 -0.039462106890074782 0.031448841289704245 -0.054649001285802801 -0.061530912346771736 0.036509877085198851 -0.0096671685428838874 0.0020817951414526612 -0.013563086750754249 -0.034470645574076857 0.015181455617668076 0.033431817661487902 -0.037520296750895119 -0.037629745819693659 -0.060767828649095024 0.022276713161298638 -0.055943086920009988 0.012314090759200111 0.031962701978677163 0.0063988480767230805
leaf_weight=1276.5148580223322 863.41357337683439 7834.4348922148347 27567.783451456577 18.040908060967922 1230.5269232466817 95.203090786933899 1278.7571479380131 12.594315141439436 1399.6038452759385 25.999539777636528 2519.0014670342207 1044.780446536839 22.685932166874409 29.226593777537346 305.17020621150732 109.18518631905317 1347.0676893368363 36.666807755827904 137.54670660942793 35.031804278492928 178.86447809636593 208.28722238540649 230.1621895134449 106.56400322914124 672.28980928659439 292.30076605826616 1387.7273504436016 158.40329046547413 71.992215171456337 35.295946195721626 62.864024668931961 58.613384500145912 72.375065162777901 12.070965692400931 23.70304262638092 55.547346338629723 602.73611404746771 112.91221415251493 25.878930911421776 398.86014513671398 79.396922774612904 23.811801984906197 20.580408722162247 14.106747224926947 24.45794266462326 73.034652665257454 15.669231519103048 20.881960302591324 871.75203274935484
leaf_count=1849 1639 15050 66727 80 4004 169 1738 52 2684 98 4304 1549 126 109 513 184 3085 69 589 115 334 601 514 493 1502 1147 4647 412 172 44 246 52 284 52 17 131 1235 362 96 615 118 81 69 58 34 285 31 20 1662
internal_value=0.00428992 0.00389175 0.0033755 0.00318373 0.00248084 0.00564816 0.00922083 0.00659157 0.00167832 0.0120883 0.00576627 0.0062286 0.0122697 0.0132138 0.00513344 0.00457226 -0.0011879 -0.00982576 -0.0221993 0.00235238 0.00678805 -0.00740471 -0.000465833 0.003023 -0.00170062 -0.00349428 -0.00810925 -0.0106241 0.00289277 -0.0074919 -0.0164731 0.00357583 0.00291914 -0.004064 -0.0239196 -0.0351167 0.000832839 -0.0283681 0.00577684 0.00602827 0.00326783 0.00752765 -0.00868045 0.0022682 -0.0223444 -0.0307286 -0.0438857 -0.00258045 0.0052311
internal_weight=53100.4 49132.9 41298.5 40409.1 31441.5 8967.58 3967.47 2688.71 1412.2 889.413 8949.54 8646.05 1326.86 1304.17 7319.2 7014.03 1948.56 566.463 287.126 1382.1 5065.46 303.49 259.389 27832.8 3608.72 2910.56 1680.03 264.967 279.337 170.152 134.856 2546.46 2487.85 766.433 151.625 127.922 614.807 250.459 698.169 1721.42 1322.56 974.961 347.595 192.971 154.624 130.166 88.7039 41.4624 895.564
internal_count=120047 113724 98674 96937 79028 17909 6323 4585 2736 1737 17829 17059 2298 2172 14761 14248 4866 1666 1020 3200 9382 770 623 67632 11396 9798 5794 905 646 462 418 5078 5026 1719 432 415 1287 951 1598 3307 2692 1861 831 392 439 405 316 89 1743
is_linear=0
shrinkage=0.03


Tree=87
num_leaves=50
num_cat=0
split_feature=13 0 1 3 10 10 8 16 10 2 19 1 12 3 6 10 3 3 8 18 3 3 16 8 3 1 14 1 3 12 3 2 6 8 10 8 6 10 18 6 3 16 8 16 8 8 13 12 16
split_gain=109.671 70.9228 85.4122 77.0179 65.4395 64.1567 58.455 55.2764 52.3825 134.95 88.5898 76.2453 65.7963 65.2786 74.3124 63.8211 102.122 60.857 59.2016 71.4309 54.6114 54.2066 56.0347 53.2976 60.591 52.6693 51.2902 49.8437 93.53 79.8307 106.802 94.388 102.472 75.9586 82.44 75.6531 62.7222 60.5788 60.2259 54.8635 53.1806 53.7244 84.8586 52.2037 60.7434 59.5282 51.1248 70.6649 52.0853
threshold=3.5000000000000004 1.5000000000000002 3.5000000000000004 6215.6494140625009 146200.20312500003 136197.50781250003 150010.00000000003 11.500000000000002 1739.1530761718752 38081.197265625007 15.500000000000002 5.5000000000000009 10.500000000000002 2597.814331054688 48001.000000000007 13875.682617187502 2033.631286621094 3198.4304199218755 106399.00000000001 1.5000000000000002 3640.930053710938 3569.496459960938 1.5000000000000002 89799.300781250015 1693.850036621094 7.5000000000000009 9.5000000000000018 4.5000000000000009 880.64004516601574 15.500000000000002 3391.1750488281255 37859.419921875007 79999.601562500015 29476.799804687504 365426.96875000006 17979.000000000004 301000.00000000006 94139.843750000015 4.5000000000000009 31671.700195312504 3407.109985351563 6.5000000000000009 14798.399902343752 8.5000000000000018 66749.101562500015 32201.000000000004 6.5000000000000009 17.500000000000004 9.5000000000000018
decision_type=2 2 2 2 2 2 2 2 2 2 2 2 2 2 2 2 2 2 2 2 2 2 2 2 2 2 2 2 2 2 2 2 2 2 2 2 2 2 2 2 2 2 2 2 2 2 2 2 2
left_child=-1 2 4 7 5 -2 26 8 9 10 13 17 18 14 -4 23 -17 -11 19 25 -19 22 -21 24 -10 -12 27 37 -29 30 -30 32 39 34 35 46 -35 -3 -34 -32 -33 -42 -43 44 -41 -45 48 -48 -31
right_child=1 6 3 -5 -6 -7 -8 -9 15 11 12 -13 -14 -15 -16 16 -18 20 -20 21 -22 -23 -24 -25 -26 -27 -28 28 29 33 31 40 38 36 -36 -37 -38 -39 -40 43 41 42 -44 45 -46 -47 47 -49 -50
leaf_value=0.0099038278705941233 0.0032356974132945471 0.0029430427297762476 -0.020403981138191328 -0.030890447339842451 0.018770597031436839 -0.055080389041503919 0.010699969910528137 -0.013529712073109207 -0.047769790948959764 0.027464791802086459 -0.040981160746512528 0.028140001618127061 0.0095918840340858125 -0.0386924425226697 0.021249663325306412 0.014696154326804156 -0.0050320874597929418 -0.051950131325699818 0.020339709439022344 -0.038737961509318818 0.00066839647101482808 -0.04536910918385445 0.0037324184653037681 -0.050967015379612832 -0.0060657064221787604 0.010223672040610237 -0.027690182533078801 -0.043998802596278877 0.0090963991874628506 6.812993485058732e-05 -0.050762055901150668 -0.042217475887696726 -0.015214469648238126 0.0049827607394963749 0.044123401243367937 -0.017843348771388545 -0.06210512345014068 0.014829701091065217 -0.0534640256014563 0.012924760513903625 0.0082123873608528578 -0.022361489519094255 0.0032606213724111154 -0.042980825603435795 -0.023387065039148423 0.00032317571116872079 0.040291972689697177 -0.0069042405930285072 -0.028957912135213988
leaf_weight=2834.1618184894323 13389.713042657822 15154.717876039445 115.66502136737108 78.801827102899551 246.17441530525684 17.000396527349949 1384.908714145422 290.75515352934599 36.160064846277237 69.235098622739315 84.692626446485519 262.5460385158658 575.34388532489538 84.378857977688313 57.815966077148914 295.97820623219013 1168.2383665367961 20.561711430549622 74.142404288053513 30.415996879339218 129.91302408277988 24.937599942088127 346.17148399353027 34.942231245338917 235.90405756235123 22.985923022031784 44.758677162230015 34.079001568257809 7398.1514142900705 298.07417679578066 17.775500655174255 21.223375618457794 187.6154918000102 1886.6809576526284 28.467548415064812 376.37019439041615 12.626184895634649 395.9541480243206 46.164989620447159 336.00498257577419 2602.3376671820879 124.13977324217558 1850.2620064392686 41.890872821211815 47.297905877232552 89.844915464520454 59.447033986449242 54.937595546245575 68.408653482794762
leaf_count=4421 33423 37155 452 344 387 73 2146 972 178 114 329 392 1664 411 117 662 3303 94 105 113 339 125 853 158 795 43 182 132 12738 738 79 71 523 4004 17 1206 54 602 198 671 4728 366 3601 159 155 207 59 151 238
internal_value=0.00416212 0.00383831 0.00230937 -0.00152267 0.00344319 0.00316175 0.00466905 -0.000938385 5.91529e-05 0.00352075 -0.00114575 0.0172278 0.00239345 -0.0170491 -0.00652208 -0.00365178 -0.0010442 0.00418815 -0.00470623 -0.00835303 -0.00652169 -0.00253432 0.000302196 -0.0160882 -0.0116086 -0.0300506 0.00440115 0.00444729 0.00564647 0.00575529 0.00675947 0.00353667 -0.00620902 0.00115345 -0.00610175 -0.00776965 0.00453677 0.0032457 -0.0227677 0.00105634 0.00516152 0.00538122 0.00164964 0.00284475 0.00844404 -0.0134471 0.000114942 0.0176242 -0.00534995
internal_weight=53088.8 50254.6 17692.5 4039.59 13652.9 13406.7 32562.1 3960.78 3670.03 1898.81 1416.55 482.256 1158.69 257.86 173.481 1771.22 1464.22 219.71 583.346 509.204 150.475 401.525 376.587 307.006 272.064 107.679 31177.2 31132.5 15581.8 15547.7 12762.7 5364.56 766.595 2785.01 885.705 857.238 1899.31 15550.7 233.78 532.814 4597.96 4576.74 1974.4 515.039 383.303 131.736 480.867 114.385 366.483
internal_count=120047 115626 45446 11563 33883 33496 70180 11219 10247 5151 4212 939 3232 980 569 5096 3965 547 1568 1463 433 1091 966 1131 973 372 68034 67852 30095 29963 23496 10758 1992 6467 2409 2392 4058 37757 721 1271 8766 8695 3967 1192 826 366 1186 210 976
is_linear=0
shrinkage=0.03


Tree=88
num_leaves=50
num_cat=0
split_feature=15 5 9 0 19 6 2 1 2 2 3 2 3 3 19 1 12 0 12 7 7 19 3 2 7 19 12 12 9 6 3 1 3 2 9 18 3 1 18 2 7 19 9 19 6 9 18 2 2
split_gain=68.0744 77.2203 67.9192 70.9287 81.7038 80.1669 100.316 77.5943 80.9403 141.357 93.254 76.1422 64.6544 59.5217 106.903 78.5687 95.9118 104.046 94.6402 78.9351 115.61 76.9958 79.7939 74.153 68.2671 62.4324 58.9118 78.7255 77.3043 80.1923 84.6107 69.4071 70.7924 58.6316 55.9365 81.1828 57.096 55.6147 55.5647 97.6333 73.3658 54.3351 53.9844 66.5911 53.7493 77.2915 61.5852 59.2708 53.345
threshold=3.5000000000000004 0.34313726425170904 829.70001220703136 1.5000000000000002 11.500000000000002 42495.500000000007 51662.939453125007 2.5000000000000004 18293.166992187504 16638.224609375004 6215.6494140625009 87520.367187500015 2947.566772460938 4539.2500000000009 42.500000000000007 5.5000000000000009 18.500000000000004 2.5000000000000004 14.500000000000002 5188.1000976562509 3316.500122070313 61.500000000000007 3002.6901855468755 38636.333984375007 9897.6000976562518 58.500000000000007 14.500000000000002 29.500000000000004 956.70001220703136 31981.900390625004 6028.3085937500009 9.5000000000000018 4445.2451171875009 7105.8332519531259 6231.3000488281259 4.5000000000000009 3108.1525878906255 18.500000000000004 4.5000000000000009 17411.500000000004 8929.8002929687518 69.500000000000014 2350.099975585938 66.500000000000014 48001.000000000007 6428.1000976562509 5.5000000000000009 37308.279296875007 33460.654296875007
decision_type=2 2 2 2 2 2 2 2 2 2 2 2 2 2 2 2 2 2 2 2 2 2 2 2 2 2 2 2 2 2 2 2 2 2 2 2 2 2 2 2 2 2 2 2 2 2 2 2 2
left_child=1 2 -1 7 34 33 13 -4 9 12 11 26 -9 15 -15 18 41 19 21 20 -18 24 -23 -20 25 44 31 28 -28 -30 -31 32 -10 -6 38 36 -36 48 -5 -40 -41 -17 -2 -44 45 46 47 -7 -35
right_child=42 -3 3 4 5 6 -8 8 10 -11 -12 -13 -14 14 -16 16 17 -19 23 -21 -22 22 -24 -25 -26 -27 27 -29 29 30 -32 -33 -34 37 35 -37 -38 -39 39 40 -42 -43 43 -45 -46 -47 -48 -49 -50
leaf_value=0.011448104506950338 0.0026414192909140258 0.021953227205809538 0.0032999313564001324 -0.0015073295952186725 -0.0209689744524773 -0.048346998799171662 0.0075260062356120221 -0.0018203655601100868 0.0028516972596267392 -0.030568952065773775 -0.022841056917634422 0.035508888629338771 -0.034261306165402058 -0.019115915594956741 0.0044114998569077593 0.0075102098354445004 0.027022949939351039 -0.017184298308670271 -0.009524156703394163 0.011128758279343686 -0.044923292390360345 0.011661051614186823 -0.022931827149342294 -0.053351871671789446 -0.055221679156760357 0.014233169215602267 0.053835329087206847 0.027671041178333904 0.026056200905741084 -0.02370951331353599 0.068199058978605218 0.01733879490137899 -0.010680500622139865 0.0088857380184391554 0.0081247216940568776 -0.046782423031407679 -0.016471806998377331 0.031873727107773066 -0.03309628007667325 0.01256372463901442 -0.023040953158558856 -0.016128585514471265 0.0081195735722441615 -0.053661664499550753 0.0022462341018711623 0.022957647279016325 0.0072378044461728058 0.0073252778297633941 -0.017265239866967184
leaf_weight=942.76215130835772 2374.0616141408682 204.63685511052608 10056.89567386359 2007.117516130209 59.777459129691124 81.874575152993202 5382.7380415573716 1119.6767735034227 3108.5020083785057 202.28296678513288 143.7006099820137 59.226595059037209 58.163062151521444 305.91953110694885 402.50336157530546 5290.9024167582393 30.566318497061729 322.56246194243431 163.89705795049667 371.07386310398579 58.711265310645103 83.339566811919212 214.39919408410788 44.089855164289474 18.508916795253754 384.18529172986746 14.627374909818171 46.210649661719799 35.947003670036793 320.92890414968133 9.275329649448393 262.23302619159222 391.78239328414202 4090.9734857156873 151.44698385894299 49.422664605081081 193.41009102761745 93.164433836936951 49.972702547907829 755.37498193234205 55.943686835467815 88.984769150614738 6174.8810538575053 15.741675533354281 6610.5046124532819 39.440763965249062 39.847985088825226 21.791891440749168 71.429574735462666
leaf_count=1821 4990 199 25126 4953 163 310 9771 3235 8066 853 587 60 305 1068 905 9542 43 956 584 745 234 154 889 192 79 689 14 93 90 1502 8 487 1259 7519 342 238 578 88 180 1631 202 262 11126 69 17465 50 81 40 204
internal_value=0.00403821 0.00356692 0.003482 0.00330881 0.00422877 0.00482794 0.00402618 0.00170862 -0.00106375 -0.00740118 0.000927501 0.0017314 -0.00342234 0.00273348 -0.00574839 0.00316687 0.00569151 -0.00411914 0.00114673 0.00503546 -0.0202908 0.00170075 -0.013249 -0.0188149 0.00231929 0.00246767 0.00125389 -0.0093063 -0.0137938 -0.0164955 -0.0211278 0.00245232 0.00133706 0.00853561 -0.000228472 -0.0108234 -0.00567003 0.00895006 0.00122787 0.00760186 0.0101086 0.00711922 0.00648752 0.00796247 0.0018023 -0.0142378 -0.0244599 -0.036644 0.00843697
internal_weight=53075.4 44510.7 44306.1 43363.3 27533.9 24271.2 19955.8 15829.5 5772.56 1380.12 4392.43 4248.73 1177.84 14573.1 708.423 13864.7 6162.8 782.914 7701.88 460.351 89.2776 7493.89 297.739 207.987 7196.15 7177.65 4189.51 426.989 380.779 366.151 330.204 3762.52 3500.28 4315.34 3262.69 394.28 344.857 4255.57 2868.41 861.291 811.319 5379.89 8564.68 6190.62 6793.46 182.955 143.514 103.666 4162.4
internal_count=120047 103862 103663 101842 60157 52033 44059 41685 16559 4393 12166 11579 3540 34288 1973 32315 11782 1978 20533 1022 277 19757 1043 776 18714 18635 11519 1707 1614 1600 1510 9812 9325 7974 8124 1158 920 7811 6966 2013 1833 9804 16185 11195 17946 481 431 350 7723
is_linear=0
shrinkage=0.03


Tree=89
num_leaves=50
num_cat=0
split_feature=13 15 5 3 7 12 1 12 2 3 2 16 3 8 1 8 10 8 19 15 19 13 2 8 8 7 14 19 8 8 3 16 19 8 7 10 10 10 16 3 13 2 15 2 19 13 19 2 13
split_gain=103.335 67.8471 62.3879 60.6658 75.5053 59.0864 80.7234 75.0692 78.8732 67.5777 61.6216 78.0499 110.577 86.5224 81.7296 62.8783 58.8245 57.9937 65.9191 69.0265 64.9913 59.501 55.9848 55.1626 64.3537 64.8312 61.8248 61.609 124.318 70.5033 66.2473 64.7254 61.2763 56.8783 55.9855 54.506 54.3133 106.033 62.8667 53.6922 52.9373 52.6216 51.2414 84.8143 48.1417 49.069 60.2252 59.7612 49.4097
threshold=4.5000000000000009 3.5000000000000004 0.13809524476528171 3278.440063476563 3763.700073242188 11.500000000000002 5.5000000000000009 28.500000000000004 20384.974609375004 3375.471557617188 57600.300781250007 8.5000000000000018 3442.959594726563 14798.399902343752 12.500000000000002 11958.800292968752 365426.96875000006 14236.399902343752 8.5000000000000018 2.5000000000000004 68.500000000000014 8.5000000000000018 55542.699218750007 13779.000000000002 13379.000000000002 10506.899902343752 5.5000000000000009 6.5000000000000009 38556.500000000007 65003.000000000007 9653.9995117187518 6.5000000000000009 55.500000000000007 260300.00000000003 4970.1000976562509 228592.40625000003 27476.900390625004 76103.500000000015 9.5000000000000018 649.35000610351574 16.500000000000004 25942.414062500004 1.5000000000000002 10396.750000000002 53.500000000000007 8.5000000000000018 49.500000000000007 6603.0000000000009 11.500000000000002
decision_type=2 2 2 2 2 2 2 2 2 2 2 2 2 2 2 2 2 2 2 2 2 2 2 2 2 2 2 2 2 2 2 2 2 2 2 2 2 2 2 2 2 2 2 2 2 2 2 2 2
left_child=3 2 5 4 -1 6 23 16 -9 22 11 12 -11 -13 36 -14 40 -17 19 -19 21 35 -8 24 25 26 -2 28 -25 30 -29 33 39 -31 -26 -20 38 -38 -15 -28 -7 -40 -33 -44 45 47 48 -3 -47
right_child=1 44 -4 -5 -6 7 9 8 -10 10 -12 13 15 14 -16 17 -18 18 20 -21 -22 -23 -24 27 34 -27 32 29 -30 31 -32 42 -34 -35 -36 -37 37 -39 41 -41 -42 -43 43 -45 -46 46 -48 -49 -50
leaf_value=0.011335504323498348 0.052244811586042841 -0.026868455544363408 0.018230997582640886 0.013988514424936968 0.0012470897095542346 -0.00035156323169940645 0.0076917360791748744 -0.033073570798555933 0.014055286335762919 -0.035629963545024415 0.0075359710018905075 -0.06009379761122749 -0.027449000641910498 -0.026789428645687684 -0.041378957972662132 0.028232523835112225 0.022579020842537791 -0.022543678028982272 0.009662124405197153 0.027828493257991752 -0.050663205669860274 -0.040491098369241356 0.02640953512390614 0.003033836969322609 0.024702016913587407 0.029802156261066887 0.023283056954419477 0.0016145430205936036 -0.013429697896465203 0.0080406168179474567 -0.024175086226072201 0.0063010848749908022 -0.010036704532322329 0.035902447044579525 -0.026262572088418881 -0.059540228913714563 -0.053503408666387996 0.00053164282205680092 -0.054957275442879684 0.0042406639332629031 -0.026648144169747857 0.012788848912394771 -0.055655014214849981 -0.0009565377524220932 0.011265042890833519 -0.013591688363754628 -0.031089643890191084 0.0059921824727674411 0.0092278433372897564
leaf_weight=1268.9155483618379 23.997428551316261 50.225597098469734 242.44320087134838 1269.8398273736238 1409.1873514354229 6784.3333136402071 4908.2694170102477 34.043754637241364 521.98128053545952 63.832247719168663 1426.1583667173982 29.798766598105431 52.508404865860939 50.151854895055294 56.867098838090897 98.013967469334602 99.814157515764236 134.92469425499439 1022.4480024501681 29.91151936352253 17.322737142443657 22.364766806364059 148.15569995343685 1066.6014235019684 236.70055196434259 92.032929077744484 139.8395284563303 14243.812567204237 673.41414900124073 2652.7703490741551 90.211644366383553 1333.062559325248 260.5407513231039 67.624171376228333 21.130892410874367 10.347094014286993 50.370690301060677 93.081356048583984 10.771977111697195 2833.7591800689697 69.604689069092274 245.3888830691576 26.024796269834042 1297.2992222979665 1346.6835552230477 142.97806626558304 66.405041925609112 6008.6642584353685 212.04566287994385
leaf_count=1849 15 156 275 1738 2736 18962 8739 142 1009 214 2468 123 166 160 185 132 123 439 1944 37 75 78 159 2782 385 133 243 36607 2318 5609 391 2853 712 51 75 43 194 182 47 6349 300 414 110 3431 2098 384 222 11746 444
internal_value=0.00391837 0.00354298 0.00305744 0.00858785 0.0060271 0.0029678 0.00350652 0.000562519 0.0111697 0.00603831 0.00277742 -0.00063611 0.00297724 -0.0104145 -0.00749245 0.00475294 -0.000285637 0.00601919 0.00425957 -0.013403 0.00697424 0.00792048 0.00824018 0.00265069 0.00608273 0.00497123 0.00426983 0.00207343 -0.00333782 0.00255112 0.00145224 0.00548064 0.00391385 0.00873321 0.0205252 0.00896882 -0.00320793 -0.0184418 0.00392639 0.00513617 -0.000618616 0.00994002 0.00214969 -0.00203225 0.00610385 0.0050313 -0.00486701 0.00571978 3.77745e-05
internal_weight=53056.7 49108.7 41281.7 3947.94 2678.1 41039.3 33529.5 7509.78 556.025 8470.69 3414.26 1988.1 1451.67 536.431 506.632 1387.84 6953.75 1335.33 1237.32 164.836 1072.48 1055.16 5056.43 25058.8 3608 3350.17 3258.14 21450.8 1740.02 19710.8 14334 5376.78 3234.14 2720.39 257.831 1032.8 449.765 143.452 306.313 2973.6 6853.94 256.161 2656.39 1323.32 7827 6480.32 421.429 6058.89 355.024
internal_count=120047 113724 98674 6323 4585 98399 77863 20536 1151 15799 6901 4433 3128 1305 1182 2914 19385 2748 2616 476 2140 2065 8898 62064 7912 7452 7319 54152 5100 49052 36998 12054 7304 5660 460 1987 997 376 621 6592 19262 461 6394 3541 15050 12952 1050 11902 828
is_linear=0
shrinkage=0.03


Tree=90
num_leaves=50
num_cat=0
split_feature=8 9 10 8 12 9 3 7 10 19 16 19 10 10 7 9 3 12 12 10 13 3 10 10 9 18 4 3 15 3 9 3 13 9 8 8 19 19 12 19 8 7 15 3 3 15 4 5 8
split_gain=91.0025 105.922 109.259 95.5758 88.2716 119.601 68.1116 107.374 67.1727 65.88 63.5825 65.3064 66.0482 86.1409 74.6488 61.1867 89.2976 69.7884 81.3522 78.9631 59.5657 55.7862 54.2673 53.4491 53.6186 56.3545 54.8322 58.8256 68.1955 51.9674 51.5039 99.5301 51.2292 51.1896 66.9209 53.1163 49.4214 60.2253 53.5419 49.3183 82.1074 55.5023 49.8647 48.9893 48.4289 49.5546 47.9181 47.1801 50.5651
threshold=75496.500000000015 4063.6000976562505 238015.39843750003 89799.300781250015 10.500000000000002 5030.1000976562509 6122.1999511718759 4103.9001464843759 33541.300781250007 68.500000000000014 5.5000000000000009 6.5000000000000009 2645.900024414063 22500.299804687504 21883.100585937504 5660.7001953125009 6122.1999511718759 27.500000000000004 15.500000000000002 37559.601562500007 14.500000000000002 6305.6833496093759 5105.7001953125009 32680.400390625004 5119.7001953125009 4.5000000000000009 26800.554687500004 1062.049987792969 3.5000000000000004 1732.0986938476565 18002.799804687504 9653.9995117187518 5.5000000000000009 5982.6000976562509 115797.00000000001 100001.00000000001 42.500000000000007 50.500000000000007 11.500000000000002 64.500000000000014 55998.201171875007 1654.5000000000002 3.5000000000000004 983.62228393554699 5106.8801269531259 3.5000000000000004 9321.4658203125018 0.34313726425170904 55605.000000000007
decision_type=2 2 2 2 2 2 2 2 2 2 2 2 2 2 2 2 2 2 2 2 2 2 2 2 2 2 2 2 2 2 2 2 2 2 2 2 2 2 2 2 2 2 2 2 2 2 2 2 2
left_child=4 3 8 6 39 47 7 -2 10 15 11 44 14 22 33 16 29 18 19 -17 -21 -7 -14 24 -12 30 27 -27 -29 -10 36 -32 -24 -13 35 -35 -26 -38 -39 -1 41 -41 -43 -37 -3 -46 -34 48 -6
right_child=1 2 -4 -5 5 21 -8 -9 9 -11 23 12 13 -15 -16 17 -18 -19 -20 20 -22 -23 32 -25 25 26 -28 28 -30 -31 31 -33 46 34 -36 43 37 38 -40 40 -42 42 -44 -45 45 -47 -48 -49 -50
leaf_value=0.0044563622685069573 0.013063861442958355 0.0023704774838762444 0.023792157431083122 -0.043695503981958587 0.0015060893437644236 -0.0052626875942242083 0.031684133120108343 -0.031089048773681984 -0.065948164645871207 -0.052420808983503243 -0.0052700652092517826 0.020379499575999292 -0.044084011462456718 0.016829807582697497 -0.056339881942723977 -0.030301950654461476 -0.060972518167816028 0.02543721394457607 -0.019489328447740917 0.0010432077281490612 0.035101446507425471 -0.029126600706863414 0.021307365572744139 0.040703125104736858 0.0051069551154503141 0.030855193170611497 -0.043545104543329792 -0.0068335460524768131 0.014289407619941182 0.014003643644820414 -0.057113072361684218 0.032190335411003537 -0.0043993649923218326 0.0087993546890713491 0.01570672588198091 0.041029520942326508 0.015317153552703281 -0.025115009029745523 0.01753490469687416 -0.050422602115724746 -0.048933095820030352 -0.0029455076391464875 0.028097516023370732 -0.013254767329165551 -0.048459453982665567 0.01965706764123613 -0.051194433511307709 0.024356207300932443 0.0073067387487538342
leaf_weight=24157.886824935675 94.782731562852859 353.59511408209801 322.36695645749569 64.670412681996822 13511.452458705753 1350.8696599528193 42.826318599283695 103.91939416527748 7.416450008749961 19.986444309353828 449.26778741925955 726.73984780162573 30.426599949598312 246.16458649933338 13.865885756909845 70.908476434648037 15.118986852467058 91.109242469072342 201.01621805876493 1585.0059438496828 47.604254238307476 94.318422123789787 67.412268176674843 37.113083079457283 1918.2453628256917 52.703497707843781 26.631400682032108 589.81583803892136 179.39896707236767 544.18702123314142 29.716289862990379 18.057389110326767 304.75802230089903 820.64352747052908 1323.5487347915769 16.341949805617332 1014.3071081116796 66.106289453804493 44.2059480920434 20.133406043052673 35.334598921239376 429.9628339111805 52.226940765976906 177.21481603384018 34.894945882260799 13.266609877347944 21.054988689720631 86.112286314368248 1502.9563897624612
leaf_count=52514 192 885 353 259 34519 4012 53 403 32 88 1223 1099 112 383 65 224 66 114 588 3219 43 437 67 35 3946 72 151 1656 289 828 127 26 688 1700 1931 22 1602 194 77 89 171 1219 67 504 167 20 97 79 3411
internal_value=0.00378469 0.00610942 0.00657388 -0.0113045 0.0031203 0.00142467 -0.00263162 -0.0100277 0.00607642 0.00183462 0.00735375 0.0100214 0.0112535 0.00271614 0.0131111 0.00225782 0.0109571 -0.000212614 -0.00143965 0.00069022 0.00203629 -0.00682014 -0.00548467 0.00485228 0.00454909 0.00566897 -0.00117909 0.00019363 -0.00190718 0.0129287 0.00754914 -0.0233584 -0.00249796 0.0134254 0.0112635 0.00546509 0.0080344 0.0130277 -0.00802371 0.00425636 -0.00473019 -0.00162085 0.000416824 -0.00867156 -0.00147357 -0.029696 -0.0074234 0.00221373 0.00208674
internal_weight=53027.7 11786.4 11480.2 306.199 41241.3 16545.7 241.528 198.702 11157.8 2582.35 8575.5 4149.93 3748.17 669.816 3078.35 2562.37 566.722 1995.64 1904.53 1703.52 1632.61 1445.19 423.652 4425.57 4388.46 3939.19 848.55 821.918 769.215 551.603 3090.64 47.7737 393.225 3064.49 2337.75 1014.2 3042.86 1124.62 110.312 24695.5 537.658 502.323 482.19 193.557 401.757 48.1616 325.813 15100.5 15014.4
internal_count=120118 23600 22693 907 96518 42458 648 595 22340 5202 17138 7740 6668 1347 5321 5114 926 4188 4074 3486 3262 4449 964 9398 9363 8140 2168 2017 1945 860 5972 153 852 5256 4157 2226 5819 1873 271 54060 1546 1375 1286 526 1072 187 785 38009 37930
is_linear=0
shrinkage=0.03


Tree=91
num_leaves=50
num_cat=0
split_feature=6 11 15 0 7 7 1 3 1 9 6 10 10 8 3 8 11 3 7 6 6 4 3 4 10 18 9 5 15 4 9 6 10 2 8 6 2 2 6 9 15 10 8 17 8 9 2 2 2
split_gain=116.126 65.5075 65.7121 62.4368 99.0736 88.5272 86.2234 83.6733 96.8678 79.6098 76.8676 91.6294 86.3671 74.7983 74.0014 70.7453 73.0145 89.9187 67.5228 66.1475 114.816 79.3199 71.1331 100.198 64.5787 65.5963 62.0508 61.1336 63.9107 86.7291 82.8369 75.8017 65.5246 87.317 62.2032 60.7366 60.2389 59.5672 59.3752 74.0704 58.565 60.1277 53.4004 68.8563 53.3849 72.2765 65.0503 74.0751 94.4958
threshold=156387.00000000003 1.5000000000000002 1.5000000000000002 1.5000000000000002 7854.0002441406259 7448.5000000000009 15.500000000000002 3002.6901855468755 3.5000000000000004 18002.799804687504 102445.10156250001 94139.843750000015 36128.800781250007 85976.199218750015 3623.4250488281255 159995.00000000003 2.5000000000000004 1.0000000180025095e-35 15704.500488281252 59999.900390625007 74002.000000000015 191.8370056152344 3123.4450683593755 204.27600097656253 15972.700195312502 2.5000000000000004 2202.500122070313 0.61250001192092907 2.5000000000000004 38.917999267578132 7569.6000976562509 84009.101562500015 3086.200073242188 57039.750000000007 80001.000000000015 58896.099609375007 80004.347656250015 12789.500000000002 42002.701171875007 6308.1000976562509 1.5000000000000002 37559.601562500007 78884.902343750015 2019.5000000000002 18592.299804687504 4676.1000976562509 15300.639648437502 28613.837890625004 32612.196289062504
decision_type=2 2 2 2 2 2 2 2 2 2 2 2 2 2 2 2 2 2 2 2 2 2 2 2 2 2 2 2 2 2 2 2 2 2 2 2 2 2 2 2 2 2 2 2 2 2 2 2 2
left_child=1 2 -1 4 5 13 9 15 37 10 11 12 24 27 26 16 17 -5 19 21 22 -10 -21 -24 -6 -26 -7 28 29 31 36 -3 34 -34 -30 38 -31 -9 39 -23 41 -40 -32 -44 -39 46 -46 -48 -49
right_child=-2 3 -4 7 6 14 -8 8 18 -11 -12 -13 -14 -15 -16 -17 -18 -19 -20 20 -22 35 23 -25 25 -27 -28 -29 32 30 42 -33 33 -35 -36 -37 -38 44 40 -41 -42 -43 43 -45 45 -47 47 48 -50
leaf_value=-0.011964248954713286 0.0086504368314160446 -0.023496381530009457 0.019740036312189981 -0.036475323734545574 -0.0098655757697725284 0.018887641271461825 0.042287604183971587 -0.051170657039159635 -0.052430984080500918 0.031822163863869539 -0.024337521909497582 0.027001616706309295 -0.045354294626073682 0.0064029245072168822 0.021020317758985694 0.022196270040500957 0.02185237556406714 0.0055499430105906619 -0.01658064868240304 0.027186794466837461 0.002569424254513127 0.015217161492561066 -0.041050704724188036 0.010645961372644744 0.035484177277942293 -0.01687108440641371 -0.048700940161388366 0.028315055789551721 0.006149921194934709 6.3811166804800959e-05 -0.037969545747276921 0.013595305780941102 -0.0010224482676499907 -0.040625516527304568 -0.038512874250521544 -0.054968231454795825 0.018934970681438085 0.017926743590067445 -0.014099185012276546 -0.024775198737254634 0.00091062069978814942 0.017645732200015234 -0.045344367768843208 0.037853464579449811 0.048095883098465797 0.012320836342681534 -0.024568152620451252 0.026680143199067072 -0.0016893907983960598
leaf_weight=69.825502492487431 3906.014017008245 248.04219676554203 373.88245892524719 46.026265881955624 502.8898702301085 22.284292742609978 30.824457854032516 15.00299561023712 25.268228903412819 41.97800337523222 260.42956108599901 71.136397652328014 53.557491220533848 2854.659128934145 353.61670126020908 240.68195030093193 247.46148000657558 10311.489011637866 173.3641519099474 235.28797142207623 5819.5612947493792 424.33210495859385 34.782635122537613 1128.1422359123826 61.494129307568073 33.147410228848457 27.081236310303211 73.691983789205551 3419.1354366838932 8726.0339102260768 83.434257917106152 61.977088958024979 798.7579128742218 53.45871402323246 28.297156676650047 17.551878705620766 154.94087930768728 465.47654567658901 409.5785783752799 46.220587387681007 8999.5913095325232 61.802111849188805 14.758911393582819 22.758074924349785 25.507238939404488 993.5724843069911 102.27209068089724 123.78973482549191 721.90058092027903
leaf_count=180 6653 960 476 200 1901 46 30 66 113 61 967 116 275 5857 690 262 275 19457 631 269 11801 796 129 2092 107 141 129 55 6712 24829 415 135 1791 191 103 75 315 774 1381 153 24320 105 73 31 25 1773 339 180 1663
internal_value=0.0036719 0.00327594 0.0147508 0.00317132 0.00176865 0.00232418 -0.00714914 0.00399449 0.00283542 -0.00863637 -0.0103647 -0.00532621 -0.00885827 0.0019857 0.016217 0.00611297 0.00574796 0.00536319 0.00204834 0.00223608 0.00442407 0.000654365 0.0121434 0.00909973 -0.00558709 0.0171472 -0.0181905 0.00106429 0.000916758 -0.000480093 5.71985e-05 -0.0160812 0.00394198 -0.00350671 0.00578332 0.000789053 0.000393045 0.0084231 0.000887494 0.0112889 0.000370715 -0.00993715 -0.0246027 0.00512404 0.00879066 0.00662871 0.000819042 -0.000453057 0.00246326
internal_weight=53016.8 49110.8 443.708 48667 17998.4 16942.9 1055.46 30668.7 19823 1024.63 982.655 722.225 651.089 16539.9 402.982 10845.7 10605 10357.5 17375.5 17202.1 7217.77 9984.34 1398.21 1162.92 597.531 94.6415 49.3655 13685.3 13611.6 9311.95 9001.93 310.019 4299.65 852.217 3447.43 9959.08 8880.97 2447.52 9941.52 470.553 9470.97 471.381 120.951 37.517 2432.52 1967.04 973.47 947.962 845.69
internal_count=120118 113465 656 112809 45930 42332 3598 66879 46685 3568 3507 2540 2424 41467 865 20194 19932 19657 41865 41234 14291 26943 2490 2221 2149 248 175 35610 35555 26758 25663 1095 8797 1982 6815 26830 25144 4820 26755 949 25806 1486 519 104 4754 3980 2207 2182 1843
is_linear=0
shrinkage=0.03


Tree=92
num_leaves=50
num_cat=0
split_feature=2 6 12 3 8 9 7 6 9 7 2 2 6 8 9 12 15 9 7 2 12 2 7 3 12 12 18 3 9 7 17 7 9 8 7 9 13 9 15 8 15 7 8 8 16 8 2 0 3
split_gain=110.104 93.6399 85.4838 81.4058 62.8611 93.4721 86.7811 92.5365 107.65 90.2393 84.4806 96.32 65.4549 119.95 63.8375 87.4317 75.4691 94.3637 71.2191 96.1953 73.8059 60.201 66.8736 92.2992 60.167 57.9195 93.0617 73.3764 65.2513 56.8457 56.3316 53.7403 53.6962 89.701 58.9763 52.4938 79.8291 58.3011 77.5355 70.6391 68.9808 93.6928 65.1789 66.9862 58.8719 57.854 57.836 56.7108 52.7649
threshold=67982.000000000015 107296.50000000001 10.500000000000002 4198.9501953125009 55605.000000000007 4551.3000488281259 4666.7001953125009 9559.0000000000018 2872.900024414063 972.50000000000011 22398.200195312504 14490.500000000002 127426.00000000001 17818.100585937504 6078.3000488281259 27.500000000000004 1.5000000000000002 4021.200073242188 6693.5000000000009 34971.583984375007 23.500000000000004 48148.000000000007 7785.1000976562509 4122.8400878906259 11.500000000000002 11.500000000000002 4.5000000000000009 5607.1000976562509 5660.7001953125009 4727.6000976562509 2019.5000000000002 18251.200195312504 1271.7000122070315 21313.000000000004 10663.100097656252 4676.1000976562509 15.500000000000002 5542.4001464843759 2.5000000000000004 102204.19921875001 1.5000000000000002 5843.1000976562509 110006.30078125001 39998.599609375007 3.5000000000000004 106399.00000000001 7998.5000000000009 1.5000000000000002 3002.6901855468755
decision_type=2 2 2 2 2 2 2 2 2 2 2 2 2 2 2 2 2 2 2 2 2 2 2 2 2 2 2 2 2 2 2 2 2 2 2 2 2 2 2 2 2 2 2 2 2 2 2 2 2
left_child=2 -2 35 -3 5 12 7 9 -9 -6 11 -8 32 -14 16 31 17 24 20 -20 -18 -21 -23 -24 -12 26 -7 28 29 -27 -15 -16 33 -4 -35 36 45 42 39 -39 -41 -42 43 47 -40 -1 -46 -37 -49
right_child=1 3 4 -5 6 25 10 8 -10 -11 14 -13 13 30 15 -17 18 -19 19 21 -22 22 23 -25 -26 27 -28 -29 -30 -31 -32 -33 -34 34 -36 37 -38 38 44 40 41 -43 -44 -45 46 -47 -48 48 -50
leaf_value=0.0035503293212959738 0.0006022682201418159 0.020726911029924223 -0.0019450121783798758 0.0082482623001312854 0.015132371163363266 0.0021575659656970819 0.018240538130903775 -0.032132535916284802 0.011148609719353027 -0.051403512211475877 0.011583442487178137 -0.035607135186691001 0.0078804914688092326 -0.021949883741880127 -0.0024566346775770969 0.020379592329859045 0.0075447852623532242 0.017224634787606965 0.019526315791986961 -0.044159846255259032 -0.054047872637243852 -0.047548550965858478 0.019226870589791816 -0.031770443454322825 -0.023031342058024595 -0.012961981590438107 -0.029031274302622721 0.022848879717848849 -0.006493779256769589 -0.046941880724331655 0.00018868285107904591 -0.048237601314384065 0.0025393629426347019 -0.046887801858037731 0.060657714814843139 0.010559331097080004 -0.021231199491438476 -0.0027307598011617079 0.014778078413812465 0.0098616759569562489 -0.020274572359045558 0.013610053413862845 -0.025574063175696 0.012919763764951738 -0.060347683638359233 -0.063142920932240526 0.0056232068415473556 -0.068723974223848835 -0.010616310406341081
leaf_weight=20221.005957871675 1268.7467762082815 545.65405544638634 1536.6574374511838 3416.2295785844326 31.402290061116219 520.3922606036067 41.378231860697269 53.055712722241879 2054.6114187985659 44.121102064847946 84.608641162514687 107.74637339264154 304.8440305441618 374.8141832202673 1924.928839802742 155.3657910078764 667.939712703228 740.5270855166018 69.74350693076849 68.959210716187954 17.98094131052494 35.375880599021912 79.961207658052444 53.186266914010048 97.013421352952719 71.406489424407482 103.17301484197378 35.316661193966866 131.34633695334196 116.76479817554355 142.87149669975042 23.356669753789902 9863.0794114544988 58.224937178194523 4.9818425998091689 121.61143001168966 118.03973331302404 1671.9293665140867 883.7756307348609 1106.0925889462233 177.99933192878962 125.02782301604748 44.549100995063782 1953.6309886872768 12.05125057697296 11.712873756885527 1581.9498292803764 16.292707845568657 102.83449067175388
leaf_count=44458 3018 715 4014 6073 66 1321 90 217 4137 194 179 473 633 1170 4821 220 1540 1341 132 263 79 128 112 174 334 256 421 81 439 519 299 121 25173 279 6 276 489 4351 1381 1876 542 199 144 3692 49 52 3207 68 296
internal_value=0.00356321 0.0076954 0.00311069 0.0099669 0.00159033 0.000415131 0.0040446 0.00888995 0.0100591 -0.0237382 0.00150665 -0.0206658 0.00112584 -0.0070488 0.00232937 -0.00127836 0.00629189 0.012472 0.00055361 -0.0114502 0.00593018 -0.0205474 -0.0108853 -0.0011442 -0.00690604 -0.00850898 -0.00300283 -0.0181852 -0.0227207 -0.0340473 -0.0158401 -0.00300547 0.00171241 -0.00338571 -0.0384113 0.00417014 0.0033682 0.00626307 0.00461679 0.00143947 0.00638746 -0.00629391 0.0103505 0.0110798 0.00856771 0.00351172 0.00512444 -0.00385184 -0.0185635
internal_weight=52994.3 5230.63 47763.6 3961.88 19615.1 13263.9 6351.26 2183.19 2107.67 75.5234 4168.07 149.125 12285.5 822.53 4018.95 2103.65 1915.3 922.149 993.147 307.226 685.921 237.483 168.523 133.147 181.622 978.4 623.565 354.834 319.518 188.171 517.686 1948.29 11462.9 1599.86 63.2068 28148.5 20350.8 7797.74 5558.83 3081.05 1409.12 303.027 2238.92 2194.37 2477.78 20232.7 1594 240.739 119.127
internal_count=120118 9806 110312 6788 49232 34611 14621 4614 4354 260 10007 563 31574 2102 9444 5162 4282 1854 2428 809 1619 677 414 286 513 3037 1742 1295 1214 775 1469 4942 29472 4299 285 61080 44999 16081 11605 6968 2617 741 4476 4332 4637 44510 3256 640 364
is_linear=0
shrinkage=0.03


Tree=93
num_leaves=50
num_cat=0
split_feature=6 11 15 5 0 8 3 1 19 19 2 8 15 4 6 9 14 8 8 11 3 14 0 1 9 1 8 3 3 6 2 10 19 3 8 6 9 10 2 9 19 8 2 9 3 6 8 9 3
split_gain=105.824 61.8767 61.9251 59.4156 63.0183 82.3893 80.0255 91.0617 88.784 89.014 75.224 84.5669 67.1615 86.2873 75.4177 73.2002 76.1367 75.6016 66.5206 70.7526 83.1334 66.3253 65.233 65.0276 63.6898 80.4909 63.0936 61.6446 60.0994 58.1469 56.3498 56.3094 91.3659 56.8857 66.8384 56.2921 52.6826 58.5668 74.0526 52.4844 52.268 70.4956 66.3698 63.4213 60.821 101.534 67.4483 64.2324 102.323
threshold=156387.00000000003 1.5000000000000002 1.5000000000000002 0.34313726425170904 1.5000000000000002 85976.199218750015 3002.6901855468755 3.5000000000000004 61.500000000000007 58.500000000000007 40001.000000000007 35994.400390625007 2.5000000000000004 38.917999267578132 84009.101562500015 5542.4001464843759 8.5000000000000018 30000.500000000004 159995.00000000003 2.5000000000000004 1.0000000180025095e-35 6.5000000000000009 2.5000000000000004 7.5000000000000009 4838.3000488281259 5.5000000000000009 83056.300781250015 2904.154907226563 3278.440063476563 100002.00000000001 12789.500000000002 3086.200073242188 21.500000000000004 6122.1999511718759 46001.000000000007 124823.00000000001 2435.700073242188 4548.1000976562509 18899.750000000004 1999.9000244140627 56.500000000000007 8528.1000976562518 52494.400390625007 1508.3000488281252 2961.8200683593755 51006.000000000007 31998.200195312504 3066.099975585938 3897.849975585938
decision_type=2 2 2 2 2 2 2 2 2 2 2 2 2 2 2 2 2 2 2 2 2 2 2 2 2 2 2 2 2 2 2 2 2 2 2 2 2 2 2 2 2 2 2 2 2 2 2 2 2
left_child=1 2 -1 4 5 12 18 30 9 -9 11 22 13 14 36 21 17 -17 19 20 -6 24 23 39 40 27 31 -26 -29 -16 -8 33 -33 -14 -35 -7 37 -3 -39 -10 -15 -42 44 -44 45 46 -43 -46 -49
right_child=-2 3 -4 -5 6 35 7 8 10 -11 -12 -13 26 15 29 16 -18 -19 -20 -21 -22 -23 -24 -25 25 -27 -28 28 -30 -31 -32 32 -34 34 -36 -37 -38 38 -40 -41 41 42 43 -45 47 -47 -48 48 -50
leaf_value=-0.011671670049834373 0.0082160054830341077 -0.03103864265737161 0.019118411355548037 0.019273436073958816 -0.035565868504287348 0.0064802921156564657 -0.050240736246863482 0.0017764894276798904 -0.035608420125249778 0.01176388398200055 0.0013786883258099212 -0.036161448187799608 0.0063809283034555837 -0.00096754767476116992 0.019746778619473354 0.024562920954948525 0.056440834621222465 -0.013383342468381732 0.021476599459029636 0.021369646989293625 0.0052614508622448961 -0.042965120181138364 -0.05564330258578587 0.035405811303951866 0.013784873389599906 0.032383302159132356 -0.055604586160048389 -0.046907323858312353 -0.0011163229681783438 -0.046387164621328067 0.0083905711060612374 -0.021524058009988821 0.0018883163618373059 0.00085095224802785084 -0.035174891848535082 -0.01495823608174188 -0.037534100776020984 0.026639329317758354 -0.047265407442854547 0.0018018213015548389 -0.051880281437613668 -0.00093514468106414633 0.023745293087735101 -0.040289982189014299 0.029475498765178663 -0.040984458842838821 0.021845640160421575 -0.036138932130937253 0.024823782751777591
leaf_weight=69.817923508584499 3895.9079212322831 63.671155013144016 372.11423707008362 200.53952018916607 45.083845689892769 3224.4568991288543 14.843233257532118 15760.719505757093 47.702343411743641 846.2750897705555 351.37051708251238 141.9684806317091 3423.9397948533297 7292.8837699405849 71.627162791788578 50.779346629977226 15.500354349613188 680.57848055660725 238.72638633847237 245.78148463368416 10257.671622812748 31.59278642386198 21.891496881842613 36.00550876557827 278.1002516746521 116.73270193487406 16.186280578374863 30.332717701792717 172.47390270233154 14.3648414760828 2422.282434374094 188.47552343457937 735.15672339498997 171.77597598731518 63.476288825273514 114.13169624656439 126.75631012395024 51.379293352365494 16.002725601196289 115.40577456355095 18.248477607965469 315.20501176267862 19.827481254935265 46.720021925866604 217.80525013059378 42.106305830180645 185.9902803003788 40.899157732725143 62.869082920253277
leaf_count=180 6653 271 476 210 198 6755 66 38310 209 1451 726 623 6675 21273 148 110 21 2569 262 274 19401 163 95 34 620 191 70 143 565 71 4743 587 1562 393 240 324 595 86 76 362 81 800 35 198 400 184 330 172 137
internal_value=0.00345691 0.00307921 0.0142541 0.00297769 0.00291023 0.0014968 0.00373851 0.00260392 0.00183998 0.00228544 -0.00851597 -0.0180943 0.000522239 -0.000862055 -0.0156298 -0.000334207 -0.00935422 -0.0107487 0.00581668 0.00546228 0.00508279 0.000425129 -0.00648843 -0.00108411 0.000580195 0.0100368 0.00352092 0.00461256 -0.00796504 0.0086992 0.00803348 0.00372975 -0.00288919 0.00540046 -0.00886962 0.0057474 -0.0237447 -0.0104075 0.00908751 -0.00913912 -0.000105473 0.00651473 0.00765881 -0.021211 0.00988018 0.00375963 0.00751865 0.0202209 0.000795972
internal_weight=52984.2 49088.2 441.932 48646.3 48445.8 17900 30545.7 19758.5 17321.3 16607 714.344 362.974 14561.5 9962.45 343.801 9618.65 746.858 731.358 10787.3 10548.5 10302.8 8871.79 221.005 199.114 8840.19 597.64 4599.01 480.907 202.807 85.992 2437.13 4582.82 923.632 3659.19 235.252 3338.59 257.809 131.053 67.382 163.108 8242.55 949.671 931.423 66.5475 864.875 543.302 501.195 321.573 103.768
internal_count=120118 113465 656 112809 112599 45845 66754 46619 41810 39761 2049 1323 38766 29239 1247 27992 2700 2679 20135 19873 19599 25292 700 605 25129 1519 9527 1328 708 219 4809 9457 2149 7308 633 7079 1028 433 162 571 23610 2337 2256 233 2023 1314 1130 709 309
is_linear=0
shrinkage=0.03


Tree=94
num_leaves=50
num_cat=0
split_feature=2 3 11 8 9 11 2 13 19 15 13 7 9 9 18 3 18 1 16 8 8 1 2 13 3 15 9 9 2 7 3 1 2 7 9 2 15 19 3 7 2 19 14 8 2 4 7 13 19
split_gain=101.09 69.6634 64.2212 65.1388 67.9724 58.809 60.0045 63.133 62.121 59.2353 58.4396 59.8639 58.3362 66.0857 76.3359 58.3711 55.547 85.8556 60.4383 65.1024 68.9084 59.8015 92.9303 54.7736 54.4711 70.5617 98.1904 79.5963 63.5096 62.1323 58.8168 58.0231 55.3625 63.9553 61.5652 55.2725 72.3449 53.655 53.1842 52.3995 55.3839 51.375 51.1183 47.9468 48.3508 101.279 62.8838 50.4457 50.4681
threshold=67982.000000000015 4938.2336425781259 2.5000000000000004 159995.00000000003 12865.200195312502 1.5000000000000002 40529.666015625007 15.500000000000002 53.500000000000007 1.5000000000000002 12.500000000000002 9897.6000976562518 18002.799804687504 9060.5000000000018 1.0000000180025095e-35 2407.8286132812505 4.5000000000000009 18.500000000000004 8.5000000000000018 25315.200195312504 23999.799804687504 18.500000000000004 62501.166015625007 1.5000000000000002 7642.9501953125009 1.5000000000000002 2872.900024414063 9060.5000000000018 109868.94921875001 3232.900024414063 4173.3188476562509 6.5000000000000009 81775.363281250015 16579.100585937504 8109.6999511718759 85396.699218750015 2.5000000000000004 42.500000000000007 7642.9501953125009 12695.700195312502 24957.187500000004 3.5000000000000004 18.500000000000004 60000.500000000007 48952.777343750007 40004.000000000007 1415.5000610351565 13.500000000000002 64.500000000000014
decision_type=2 2 2 2 2 2 2 2 2 2 2 2 2 2 2 2 2 2 2 2 2 2 2 2 2 2 2 2 2 2 2 2 2 2 2 2 2 2 2 2 2 2 2 2 2 2 2 2 2
left_child=1 2 3 4 5 9 7 23 -9 -1 11 -6 13 14 -5 -16 17 42 21 20 38 22 39 -7 28 26 31 -28 29 35 -31 -26 33 -27 -35 -2 -37 -29 -20 40 -18 -14 -3 44 46 -46 -8 -48 -49
right_child=24 16 -4 12 10 6 43 8 -10 -11 -12 -13 41 -15 15 -17 18 -19 19 -21 -22 -23 -24 -25 25 32 27 37 -30 30 -32 -33 -34 34 -36 36 -38 -39 -40 -41 -42 -43 -44 -45 45 -47 47 48 -50
leaf_value=-0.012849821824765526 -0.038768358419036732 0.0010182847199776176 0.013781076274030281 -0.064576027486482931 -0.030682367241724334 0.01061158846865598 -0.043132280376260067 -0.0056972123819816348 -0.045745538636575128 0.019539788586117622 0.039910116319333014 0.020059658854686888 0.035818936236149013 0.014446873017124075 0.02423516051832798 -0.011107056489225936 -0.041958445645719419 -0.054953999635115706 -0.029818590370926087 -0.035305647897923384 0.059711784086831039 0.044072067072049109 -0.050887686364437593 0.0022239193322089817 -0.0046507544479270279 -0.052302578357510052 -0.041611969545063091 -0.035800558525946484 0.018487226334883488 0.016031089635738703 0.0062175157089046197 0.040621435405114335 0.0096526558341511366 -0.049086948830040743 0.049825418681198649 0.027870690884518576 -0.04792518020124991 0.0084902127067268199 0.04167492050274535 -0.029935944717795013 0.0060200684105660837 -0.03854697567387335 0.075081357942408292 0.0082463990303942129 0.0014829378120546489 -0.039305108298794328 0.0070786433542096953 -0.047201799672221927 0.056821790878480841
leaf_weight=60.056915402412415 48.796142272651196 2120.6931783556938 511.11828474700451 17.33985447883606 123.61675606667995 715.78710052371025 23.026175700128078 166.90356747806072 44.061185881495476 330.31030522286892 15.066373512148855 25.189259335398674 10.709349408745764 979.00632761418819 64.680987551808357 120.25066088140011 23.227241046726704 24.691008806228638 43.733709968626499 132.40257146209478 14.11281783133745 22.846435971558094 37.456653162837029 33239.554426036775 65.759905681014061 29.151659488677979 101.23721440136433 35.590923987329006 527.63572899252176 673.31057521700859 2992.8784889951348 41.595053642988205 546.6534390822053 8.9447871744632739 15.437922537326811 37.987710796296597 16.152320832014084 79.83329202234745 11.916286714375017 50.594182528555393 319.63249257951975 38.12461231648922 8.4204651862382871 2901.9343604370952 2684.2197770997882 55.930983692407608 2772.7623402774334 26.82279891520739 4.9762981235980979
leaf_count=156 233 5397 777 73 450 1109 137 623 219 414 12 39 10 1424 77 282 143 107 163 587 11 15 175 79654 202 131 457 154 709 1007 5491 39 1041 43 15 70 77 137 21 249 880 130 3 5297 5629 370 5546 129 4
internal_value=0.00335452 0.00292108 0.00320765 0.00308599 0.00289211 0.00296556 0.00285943 0.00229908 -0.0140615 0.0145567 -0.0163924 -0.022093 0.00989323 0.0112215 -0.00438923 0.0012541 -0.0016616 0.000666179 -0.00930517 -0.0229482 0.000505058 -0.00322672 -0.00573445 0.00240073 0.00731789 0.000710713 -0.0105712 -0.0221962 0.00873904 0.00737441 0.00801982 0.0128901 0.00680134 -0.0223142 0.0135395 -0.0156126 0.00525749 -0.0051668 -0.0145097 -0.00143588 0.00276973 -0.0222384 0.0013112 0.00511986 0.0034903 0.000650387 0.00624239 0.00664777 -0.030923
internal_weight=52962.1 47741.2 44931.4 44420.3 43190.2 43026.3 42636 34166.3 210.965 390.367 163.872 148.806 1230.11 1181.28 202.272 184.932 2809.73 2153.8 655.922 202.165 69.7628 453.757 430.911 33955.3 5220.97 924.204 324.016 216.661 4296.76 3769.13 3666.19 107.355 600.188 53.5344 24.3827 102.936 54.14 115.424 55.65 393.454 342.86 48.834 2129.11 8469.67 5567.74 2740.15 2827.59 2804.56 31.7991
internal_count=120118 110312 102561 101784 99788 99287 98717 81605 842 570 501 489 1996 1856 432 359 7751 5507 2244 782 195 1462 1447 80763 9806 2219 989 748 7587 6878 6498 241 1230 189 58 380 147 291 184 1272 1023 140 5400 17112 11815 5999 5816 5679 133
is_linear=0
shrinkage=0.03


Tree=95
num_leaves=50
num_cat=0
split_feature=18 13 12 7 13 1 4 8 12 2 8 0 9 7 8 12 2 6 15 2 12 19 4 8 19 1 8 4 2 7 19 19 8 7 2 19 8 18 13 2 4 1 6 6 7 19 7 19 7
split_gain=74.1907 75.6382 82.3848 97.8874 68.8953 65.5821 115.214 57.599 59.3719 58.2474 58.1747 56.1929 78.0213 104.108 57.2506 80.6528 57.2338 83.9055 55.9774 55.7611 63.2857 55.1062 54.4027 79.6779 65.1255 86.5087 60.5962 57.5128 80.3303 53.7041 52.5194 59.3837 52.8121 51.989 55.0597 63.5266 51.9575 51.6761 51.4029 70.1357 50.7148 50.2279 49.7238 76.0664 68.8975 68.2374 87.9953 49.1551 53.7241
threshold=3.5000000000000004 13.500000000000002 12.500000000000002 2995.900024414063 3.5000000000000004 5.5000000000000009 9321.4658203125018 139999.00000000003 28.500000000000004 160027.39843750003 49999.000000000007 4.5000000000000009 3167.099975585938 4613.1000976562509 10798.100097656252 20.500000000000004 9000.7500000000018 6158.6999511718759 1.5000000000000002 24000.132812500004 9.5000000000000018 56.500000000000007 76869.148437500015 49999.000000000007 62.500000000000007 2.5000000000000004 40556.201171875007 24299.682617187504 40529.666015625007 4132.5000000000009 62.500000000000007 32.500000000000007 10978.399902343752 11119.700195312502 21701.002929687504 53.500000000000007 4798.9001464843759 2.5000000000000004 5.5000000000000009 10396.750000000002 4.1540000438690194 17.500000000000004 24757.500000000004 49841.000000000007 2550.099975585938 13.500000000000002 3261.900024414063 24.500000000000004 7725.7001953125009
decision_type=2 2 2 2 2 2 2 2 2 2 2 2 2 2 2 2 2 2 2 2 2 2 2 2 2 2 2 2 2 2 2 2 2 2 2 2 2 2 2 2 2 2 2 2 2 2 2 2 2
left_child=4 5 3 -3 -1 6 7 8 9 36 -11 14 13 -13 15 16 17 -6 22 -9 -21 29 24 26 27 -26 -24 28 -8 -5 31 -16 -33 34 35 38 -2 -15 -7 -40 -41 42 44 -44 -42 -45 -47 -30 -49
right_child=1 2 -4 21 11 33 18 19 -10 10 -12 12 -14 37 30 -17 -18 -19 -20 20 -22 -23 23 -25 25 -27 -28 -29 47 -31 -32 32 -34 -35 -36 -37 -38 -39 39 40 41 -43 43 45 -46 46 -48 48 -50
leaf_value=0.010420312706947248 0.023174318034070322 -0.044235402578171795 -0.040043312535848162 0.033821878713533565 -0.035123999317483903 0.014814012329712771 -0.014742431556757175 0.024309855217900352 -0.04636272098621317 -0.025111885953293316 0.039302806234476975 -0.068605741069955262 -0.025315806810055078 0.02057834640564319 0.0031468956084433541 -0.049039009782550484 -0.0022151391233153506 0.026681243873115518 -0.030619237023395428 0.012777036750446356 -0.0066075897334188904 -0.033945340562550601 0.004330596954745713 -0.038109879812027826 0.091914381171397608 -0.041027850711918223 0.092613283303223229 -0.025764675006630385 0.046764113048428049 -0.00041097418545953736 -0.002128493306362562 0.030809303021404697 0.0058899887242059076 -0.0029549728191792164 0.0070902786467451923 0.012778583745479244 0.0010421382604206874 -0.035035671065818445 -0.052832254971990678 -0.04007531846917687 -0.037889277137562301 0.025279850237087783 -0.019442583398260806 0.038405443475629346 0.021438398382768106 0.034792467340510974 -0.030783639569537703 -0.049708754256796259 0.025431092709055095
leaf_weight=1563.5532122254372 96.116358920931816 46.390107572078705 73.24095457047224 56.817693509161472 23.374425381422043 102.89991116523743 169.56676656752825 177.73834238946438 23.524071425199509 15.664949133992193 64.884305223822594 15.334171682596205 139.89992102980614 122.39837570488453 12021.621859185398 31.28387712687254 1471.9090919643641 128.16048914194107 114.32586608827114 393.85784086585045 246.40710106492043 30.945968046784401 12.549733199179174 12.207376316189764 12.190641246736051 6.8980358764529219 15.815949864685534 177.67382446676493 37.610681593418121 150.47462081164122 1058.3426180109382 76.970236405730247 13778.158166833222 695.1716343536973 4716.0727805867791 240.70486296713352 14080.1132337749 17.143185988068581 29.958148069679737 36.685587324202061 21.489063888788223 49.2585079818964 297.54923871904612 44.209913939237595 97.769120141863823 28.272611998021603 52.829723872244358 13.472513511776922 23.504927158355713
leaf_count=2294 142 238 363 106 79 149 788 219 117 48 57 64 397 174 27853 141 3444 175 583 564 583 136 70 87 24 43 18 1133 49 534 2699 97 27286 1682 9018 401 36284 55 141 151 76 70 949 53 166 34 184 61 35
internal_value=0.00332185 0.00201404 -0.0116677 -0.0043661 0.00428675 0.00223552 0.00119103 0.00170164 0.00125816 0.00133674 0.0267757 0.00395474 -0.00907659 0.00559236 0.0040891 -0.00132719 -0.000407778 0.0171477 -0.0117483 0.00944369 0.00531683 0.00339731 -0.00726759 0.0259752 -0.0103266 0.0438733 0.0535547 -0.0127792 -0.00332962 0.00897206 0.00442184 0.00468975 0.00602842 0.0047917 0.00573356 -0.000654437 0.0011922 0.013746 -0.00490375 -0.00798716 -0.00584809 -0.00372483 -0.00636028 -0.0111853 0.0107482 0.00842124 -0.00792354 0.022616 -0.00194567
internal_weight=52913 22464.9 357.869 284.628 30448.1 22107 15694.1 15098.3 14280.3 14256.8 80.5493 28884.6 294.776 154.876 28589.8 1654.73 1623.44 151.535 595.816 818.003 640.265 238.238 481.49 40.5731 440.917 19.0887 28.3657 421.829 244.155 207.292 26935.1 25876.8 13855.1 6412.87 5717.7 1001.63 14176.2 139.542 760.922 658.022 628.064 591.378 542.12 422.861 119.258 125.312 81.1023 74.5881 36.9774
internal_count=120114 55356 1377 1014 64758 53979 40905 38014 36648 36531 105 62464 690 293 61774 3839 3698 254 2891 1366 1147 776 2308 175 2133 67 88 2066 933 640 57935 55236 27383 13074 11392 2374 36426 229 1973 1824 1683 1532 1462 1220 242 271 218 145 96
is_linear=0
shrinkage=0.03


Tree=96
num_leaves=50
num_cat=0
split_feature=5 18 16 3 19 12 1 15 7 6 4 6 2 8 8 16 15 8 15 7 1 1 19 16 18 7 8 6 19 3 7 2 19 8 19 2 3 7 12 12 12 8 7 7 3 18 15 7 1
split_gain=69.9963 68.9462 73.3053 79.5037 63.8085 103.521 82.6012 91.8392 81.7764 70.6223 67.8873 61.9642 64.8714 76.9512 56.4427 54.3161 73.4459 77.5875 67.6963 78.6062 102.185 68.9129 68.7532 64.9085 92.0087 66.8055 62.5619 95.8075 58.4951 77.4645 114.638 92.5701 72.8027 92.8703 61.7468 83.6517 108.285 96.2793 70.1547 65.4358 62.1565 57.7879 79.7864 55.0841 87.493 63.6072 61.1657 59.8651 80.5687
threshold=0.051315790042281158 3.5000000000000004 3.5000000000000004 1.0000000180025095e-35 60.500000000000007 12.500000000000002 5.5000000000000009 1.5000000000000002 852.20001220703136 11998.500000000002 9321.4658203125018 156387.00000000003 73747.703125000015 84000.101562500015 128007.00000000001 8.5000000000000018 2.5000000000000004 8528.1000976562518 1.5000000000000002 15704.500488281252 17.500000000000004 14.500000000000002 58.500000000000007 11.500000000000002 2.5000000000000004 18251.200195312504 13176.800292968752 20302.500000000004 13.500000000000002 4704.4501953125009 9812.0000000000018 99525.468750000015 21.500000000000004 159995.00000000003 31.500000000000004 53800.533203125007 4818.2954101562509 6861.3000488281259 14.500000000000002 32.500000000000007 21.500000000000004 51802.000000000007 9038.5004882812518 4834.7001953125009 4076.2583007812505 1.0000000180025095e-35 1.5000000000000002 6534.7001953125009 15.500000000000002
decision_type=2 2 2 2 2 2 2 2 2 2 2 2 2 2 2 2 2 2 2 2 2 2 2 2 2 2 2 2 2 2 2 2 2 2 2 2 2 2 2 2 2 2 2 2 2 2 2 2 2
left_child=1 15 3 -3 5 6 7 8 -5 -10 14 12 -9 -14 -7 16 17 -1 19 28 -21 22 -20 -17 25 43 27 -26 29 -19 31 -31 33 -30 35 36 38 -37 -34 -36 -40 -24 -43 44 45 46 -25 -45 -49
right_child=-2 2 -4 4 -6 10 -8 11 9 -11 -12 -13 13 -15 -16 23 -18 18 21 20 -22 -23 41 24 26 -27 -28 -29 32 30 -32 -33 34 -35 39 37 -38 -39 40 -41 -42 42 -44 47 -46 -47 -48 48 -50
leaf_value=-0.014416052039775707 0.017286529859446197 -0.028231294562897819 0.00064794079181125833 0.03971797850002786 0.011235209120600893 -0.0017573606766038809 0.011209899589427199 0.0062700251954740807 -0.028716757635563309 -0.0022900151656335219 -0.033412606384991439 0.031197420874132832 -0.055449619176343848 0.0081370226551581316 -0.037947928690505693 0.0074410650764253732 0.0053958699978250346 0.0011422830747749614 0.00074488836950288128 -0.031298292122949399 0.033223659442546585 -0.024478257911966984 -0.0055284946995151282 -0.003402331962232683 0.02341679216224524 -0.061402997002251908 0.014880866036700956 -0.058144985968240574 0.012150914681981989 -0.048598439127487424 0.0036852211222044209 0.038904537925635647 -0.00052080637923083571 -0.04098069392472059 0.0059225273651539578 -0.015733329492548718 -0.044578807031440057 0.019295161282035379 -0.039668959302841492 -0.042019739374930587 0.0028804770076623722 -0.052544945171623073 0.0051928136373631086 0.013207691389241561 0.034418185608114119 -0.0004631653593728085 -0.024800161747732714 0.0016064625612977046 -0.042647413191734582
leaf_weight=262.79426611959934 316.6055106818676 67.072720117866993 14801.09591640532 39.609096810221672 1103.7309632450342 706.13406602293253 1395.343297354877 2375.9840978458524 97.03681680560112 1465.7858170196414 76.527644842863083 87.051873534917831 33.917784184217453 34.604206472635269 41.038641452789307 7055.9786999672651 8085.7243304550648 1814.6152769997716 2072.0809201747179 114.96699126809835 27.345511257648468 120.33653002977371 205.72354047000408 231.65765926986933 24.668544203042984 16.199147060513496 594.60607517510653 27.313631981611252 1361.9353502392769 99.72501802444458 114.04418861865997 12.213596403598784 1427.9080057963729 30.266266018152237 3805.8729679509997 91.33813164383173 56.910897873342037 311.35148166120052 81.102557122707367 25.796126395463943 49.916026368737221 65.50497805327177 32.093865007162094 443.92734468728304 50.083593755960464 730.31803822517395 249.95546178519726 523.45735352486372 39.84429544210434
leaf_count=760 367 340 37878 54 2044 1857 2389 5369 363 4086 388 88 146 63 135 13451 16031 4590 5225 478 32 370 566 550 34 70 992 114 2737 460 303 20 3520 108 7627 270 279 507 373 97 136 271 58 787 58 1659 797 1080 137
internal_value=0.00322294 0.00313826 0.00187359 0.00428472 0.0045772 0.00342049 0.00489855 0.00276828 -0.00285195 -0.00393087 -0.00650146 0.0063258 0.00544009 -0.0233378 -0.00374514 0.00407137 0.00317913 0.001708 0.00206345 0.00322676 -0.0189003 -0.00232989 -0.00120787 0.00588209 0.00213041 -0.000696297 0.0121217 -0.0194392 0.00356598 -0.000920433 -0.0174838 -0.039051 0.00483006 0.0109958 0.00336276 -0.00088363 -0.00393242 0.01135 -0.00244857 0.00559976 -0.0234583 -0.0145477 -0.0335588 -0.000262938 -0.0044386 -0.00604438 -0.0145077 0.00496899 -0.00152377
internal_weight=52899.1 52582.5 22324.9 7523.84 7456.76 6353.03 5529.33 4133.99 1602.43 1562.82 823.7 2531.56 2444.51 68.522 747.173 30257.6 20269.6 12183.8 11921 9425.31 142.313 2495.74 2375.4 9988.01 2932.03 2285.44 646.588 51.9822 9283 2040.6 225.983 111.939 7242.4 1392.2 5850.2 2018.53 1615.84 402.69 1558.93 3831.67 131.019 303.322 97.5988 2269.24 1262.01 1211.93 481.613 1007.23 563.302
internal_count=120114 119747 55200 17322 16982 14938 12558 10169 4503 4449 2380 5666 5578 209 1992 64547 44818 28787 28027 21537 510 6490 6120 19729 6278 5138 1140 148 21027 5373 783 480 15654 2845 12809 5085 4308 777 4029 7724 509 895 329 5068 3064 3006 1347 2004 1217
is_linear=0
shrinkage=0.03


Tree=97
num_leaves=50
num_cat=0
split_feature=5 18 13 12 7 13 0 9 7 19 8 19 9 9 19 6 4 9 8 7 8 13 6 6 10 8 9 10 9 10 4 12 8 7 8 4 6 7 7 7 8 12 7 6 19 19 10 4 19
split_gain=66.4333 64.9145 68.029 76.4723 93.8663 66.5171 56.6927 67.1088 95.0783 54.0065 54.2617 51.505 138.805 149.584 96.9385 88.7114 84.8787 82.8397 102.886 88.3502 72.0784 67.8317 75.945 63.0621 61.4112 59.3928 86.7304 56.4956 75.9224 66.8856 55.5552 54.7927 104.68 53.8359 53.0939 51.9411 51.9024 63.5029 50.2664 50.2151 50.0186 75.8145 52.0849 56.2063 49.6605 51.9332 96.2164 87.4788 83.2497
threshold=0.051315790042281158 3.5000000000000004 13.500000000000002 12.500000000000002 2995.900024414063 3.5000000000000004 4.5000000000000009 3167.099975585938 4613.1000976562509 36.500000000000007 29851.700195312504 47.500000000000007 2294.900024414063 1736.100036621094 53.500000000000007 65463.601562500007 20266.000000000004 3246.3000488281255 51171.000000000007 5472.3000488281259 52001.900390625007 7.5000000000000009 59999.900390625007 156387.00000000003 128268.89453125001 30000.500000000004 1681.3000488281252 42078.400390625007 6000.1000976562509 331361.70312500006 37816.349609375007 11.500000000000002 20606.000000000004 10973.899902343752 4798.9001464843759 19998.100585937504 72001.199218750015 2419.900024414063 4132.5000000000009 11119.700195312502 10798.100097656252 20.500000000000004 1733.7000122070315 6158.6999511718759 62.500000000000007 30.500000000000004 3086.200073242188 2216.525024414063 26.500000000000004
decision_type=2 2 2 2 2 2 2 2 2 2 2 2 2 2 2 2 2 2 2 2 2 2 2 2 2 2 2 2 2 2 2 2 2 2 2 2 2 2 2 2 2 2 2 2 2 2 2 2 2
left_child=1 5 11 4 -4 -1 40 8 -8 10 -6 15 13 25 -15 16 21 -17 24 30 -21 34 -23 -22 -19 36 -27 -25 33 -30 -20 -18 -33 -29 -3 -36 37 -13 -11 -14 41 42 43 -7 45 46 48 -48 -42
right_child=-2 2 3 -5 9 6 7 -9 -10 38 -12 12 39 14 -16 17 31 18 19 20 23 22 -24 27 -26 26 -28 28 29 -31 -32 32 -34 -35 35 -37 -38 -39 -40 -41 44 -43 -44 -45 -46 -47 47 -49 -50
leaf_value=0.010004453558317798 0.016868724331430874 0.025483494924864583 -0.043691279265627228 -0.039049806912025808 0.090161368199754718 -0.032383024013774769 -0.066235177426973504 -0.024529042322442376 0.012440677169982397 0.022487809345590359 0.00013990120938554078 -0.0070729889897226212 0.0080313116067759708 -0.025318019748922567 -0.0037642210264662653 0.0082704416026628032 -0.029855685418167625 -0.0081396838371208518 0.017563428891134016 0.044340170111358747 -0.0050488470381744874 -0.015780527854621685 0.017378817549771417 0.015023100340188082 -0.045820290646442316 -0.02958493490651444 0.044140461048209026 0.029436039270089902 -0.064800561031548506 0.026891597222075528 -0.038576997445264008 0.055877465133495147 -0.025736498280319639 -0.033804394437541851 0.00015992465237124902 0.0564851283934052 -0.0057762657234195847 0.01304326349394545 -0.01030387375171905 -0.0039549043552491239 0.0060588804937754936 -0.048094817563784739 -0.002492563116843365 0.018942209159153189 -0.0023140384863446677 0.0054996290411382064 0.012225612920922302 -0.0029308937269667303 -0.0027237099604792859
leaf_weight=1549.6668782681227 314.74236765503883 75.610705405473709 45.574122585356236 71.0397122874856 12.247512936592104 21.42101663351059 15.406608879566191 139.83071146905422 134.59730634093285 57.531894646584988 11.863399945199488 173.81674530357122 4245.6043479554355 319.17068307101727 456.25687984377146 2469.4413102343678 142.55110236257315 497.33109845221043 426.95513712614775 32.456381645053625 977.31647238880396 424.14227798581123 72.837867721915245 318.34013947844505 42.232944533228874 88.170095458626747 17.154971823096275 41.018684267997742 30.229552716016769 9.3821506202220899 16.476318441331387 22.306734755635262 38.653773710131645 17.193108186125755 9639.268847450614 14.757477119565008 265.27620476484299 753.45373443514109 156.5652948692441 339.7386923879385 6317.5081866458058 30.601545602083206 1409.92498652637 185.44217190146446 1053.3203084841371 14691.831079170108 384.32373854517937 3166.4727970063686 1147.8486587777734
leaf_count=2284 367 109 238 358 16 71 64 396 226 124 43 434 8771 1065 1090 5159 874 1346 667 40 2476 1555 124 473 160 341 30 38 128 9 113 67 242 56 25600 17 619 1449 592 777 14202 140 3323 293 2696 29345 744 7844 2919
internal_value=0.00312703 0.00304476 0.00181759 -0.0112136 -0.00424531 0.00395036 0.00362345 -0.0095775 0.00436003 0.00330152 0.0458677 0.00202807 0.00423066 -0.00221083 -0.0126359 0.00107003 -0.000491818 0.0044093 0.000451169 0.00378207 0.000145091 -0.000110046 -0.0109207 -0.000884284 -0.011089 0.00401774 -0.0175768 0.00889576 -0.011044 -0.043083 0.0154775 -0.0196762 0.00412777 0.0107577 0.00044215 0.000246025 0.00592496 0.00927247 -0.00149214 0.00714323 0.00375814 -0.00131547 -0.000430062 0.0136274 0.00407046 0.00433205 0.00277489 -0.00129042 0.0047085
internal_weight=52884.9 52570.2 22322 354.822 283.782 30248.2 28698.5 289.835 150.004 238.208 24.1109 21967.1 6658.64 2073.3 775.428 15308.5 10430.1 4878.37 2408.93 1869.37 1425.94 10226.6 496.98 1393.48 539.564 1297.87 105.325 416.164 97.8235 39.6117 443.431 203.512 60.9605 58.2118 9729.64 9654.03 1192.55 927.27 214.097 4585.34 28408.7 1647.39 1616.79 206.863 26761.3 25708 11016.2 3550.8 7465.36
internal_count=120114 119747 55200 1371 1013 64547 62263 686 290 775 59 53829 14576 5028 2155 39253 28588 10665 5506 4000 3220 27405 1679 3180 1506 2873 371 704 231 137 780 1183 309 94 25726 25617 2502 1883 716 9548 61577 3827 3687 364 57750 55054 25709 8588 17121
is_linear=0
shrinkage=0.03


Tree=98
num_leaves=50
num_cat=0
split_feature=11 18 16 13 19 3 12 7 6 13 1 15 6 3 13 4 3 13 9 19 12 9 7 4 16 4 4 18 4 6 7 6 12 10 10 7 6 7 12 9 4 3 9 9 19 13 19 4 9
split_gain=64.1007 63.455 68.3017 84.6415 73.0319 88.5409 100.552 92.3154 83.7784 68.5902 66.5748 81.7264 66.0501 78.1697 60.2339 58.6689 56.1816 70.2101 76.8431 62.418 54.8251 57.1748 53.2932 62.5784 60.6882 56.6457 56.8177 55.6791 53.2274 51.7829 65.6443 57.0233 80.3466 72.9805 78.4517 70.2359 77.2624 71.6122 67.7381 74.3946 56.2463 66.4073 99.5525 71.6471 55.6907 52.2199 67.5501 50.892 50.2158
threshold=1.5000000000000002 3.5000000000000004 3.5000000000000004 13.500000000000002 60.500000000000007 649.35000610351574 12.500000000000002 852.20001220703136 11000.500000000002 11.500000000000002 5.5000000000000009 1.5000000000000002 124823.00000000001 5301.5332031250009 3.5000000000000004 9321.4658203125018 2961.8200683593755 11.500000000000002 11847.300292968752 68.500000000000014 9.5000000000000018 1438.7000122070315 4398.1000976562509 24299.682617187504 11.500000000000002 23605.482421875004 20300.026367187504 4.5000000000000009 2410.6730957031255 67177.000000000015 8665.3002929687518 156387.00000000003 10.500000000000002 51728.000000000007 152851.00000000003 9897.6000976562518 130000.60156250001 10413.200195312502 13.500000000000002 1768.3000488281252 14030.270507812502 4604.4323730468759 2567.099975585938 1485.9000244140627 39.500000000000007 13.500000000000002 33.500000000000007 11800.339355468752 7858.1000976562509
decision_type=2 2 2 2 2 2 2 2 2 2 2 2 2 2 2 2 2 2 2 2 2 2 2 2 2 2 2 2 2 2 2 2 2 2 2 2 2 2 2 2 2 2 2 2 2 2 2 2 2
left_child=-1 14 3 4 5 9 7 -7 -9 -3 11 -10 13 -13 -2 -8 17 22 20 29 21 -19 23 25 -25 26 28 -26 -4 44 -31 35 33 -33 -35 38 40 -38 39 -32 41 -37 43 -43 45 46 -18 -12 -48
right_child=1 2 16 -5 -6 6 15 8 10 -11 47 12 -14 -15 -16 -17 19 18 -20 -21 -22 -23 -24 24 27 -27 -28 -29 -30 30 31 32 -34 34 -36 36 37 -39 -40 -41 -42 42 -44 -45 -46 -47 48 -49 -50
leaf_value=0.014433013181813049 0.0096239002668871559 -0.038130881147757763 -0.011260495083218211 -0.022112037039861736 0.011613605098897011 0.044775925095127997 -0.003792409538729162 -0.016968282598903209 -0.0022563342599679439 0.042736045836278658 0.00900931757355726 0.0065955213940212072 0.027075656315524079 -0.023091975504062855 0.0035244598354388212 -0.03229968958343956 -0.0033138551741194637 0.0053758688041585494 0.057269524294182909 -0.022945226831758019 -0.0022222861065743951 -0.043832844565004768 0.0084042647133371756 -0.028601131441358563 0.047846183353605021 0.050151026930784534 -0.042686693026365005 -0.03778230229855957 0.0031493473509491194 0.00539759004542053 0.0049006001746709164 0.016653096567028819 -0.0086242983600013038 -0.070882283992190181 0.0028056286876269707 0.027188195707148925 0.023155822946458141 -0.033589176522971199 0.00094754816295354073 -0.046779686595017744 -0.042128806678840169 -0.046620785846408871 -0.018285645679381818 0.038371586868127174 0.0010434899370825668 0.035101439979426878 -0.016743494281418459 0.027851700644176761 0.013680797965029008
leaf_weight=440.28281847387552 1535.2941507846117 72.236277602612972 243.83967884629965 109.70198900997639 1088.0915289744735 52.177079305052757 725.46518595516682 156.24410682916641 1473.2167678996921 10.858829781413077 1240.2742238789797 2172.4757022112608 135.42612275481224 82.868980221450329 28627.770698189735 71.365510478615761 2102.6859542429447 28.079619623720646 13.111176878213881 115.86527501046658 109.34095288068056 87.37187348306179 1407.9303374737501 108.48578222841024 20.416156105697159 22.208778195083141 25.326102152466774 10.273434445261953 4283.294926956296 2077.170523032546 32.285674124956131 356.21702201664448 318.28074481338263 18.180217877030373 45.664261057972908 108.44063647091389 24.876289799809456 102.44376616925001 68.765767142176628 112.14942616969347 21.257485222071409 10.441837750375269 124.56099914014339 61.510675489902496 1983.2831385955215 28.17964394390583 608.76727138459682 143.98617347329855 53.082368746399879
leaf_count=641 2274 379 659 438 1964 50 1927 487 4065 14 2106 4871 152 275 62109 362 6609 76 8 477 369 409 2852 732 34 41 144 78 9481 4244 68 487 792 77 80 166 36 402 184 451 132 50 451 113 5660 90 2178 251 119
internal_value=0.00303391 0.00293819 0.00172353 0.00404695 0.00443345 0.00320051 0.00360929 0.00506299 0.00467958 -0.0275632 0.00532406 0.00330169 0.0067266 0.0055047 0.00383492 -0.00634557 0.000535403 0.00266116 -0.0133286 -0.00107899 -0.0174463 -0.0318645 0.00328255 0.00175279 -0.0180645 0.0023557 0.00212253 0.0191818 0.00237321 -0.000772202 0.0020099 -0.00299824 0.00274484 0.0113592 -0.0181776 -0.00935814 -0.00268215 -0.0225021 -0.0235596 -0.0352276 0.00505356 0.00834251 -0.00205697 0.0260374 -0.00280067 -0.00553065 -0.00594482 0.0109692 -0.0143034
internal_weight=52871.5 52431.2 22268.2 7534.39 7424.69 6336.59 6253.5 5456.67 5404.49 83.0951 5248.25 3863.99 2390.77 2255.34 30163.1 796.831 14733.8 6359.68 237.904 8374.11 224.792 115.451 6121.78 4713.84 139.175 4574.67 4552.46 30.6896 4527.13 8258.24 3482.25 1405.07 738.342 420.062 63.8445 666.733 453.532 127.32 213.201 144.435 326.212 304.954 196.514 71.9525 4776 2792.72 2764.54 1384.26 661.85
internal_count=120114 119473 55090 17341 16903 14939 14546 12257 12207 393 11720 9363 5298 5146 64383 2289 37749 14883 862 22866 854 485 14021 11169 844 10325 10284 112 10140 22389 7733 3489 1436 644 157 2053 1350 438 703 519 912 780 614 163 14656 8996 8906 2357 2297
is_linear=0
shrinkage=0.03


Tree=99
num_leaves=50
num_cat=0
split_feature=5 18 16 8 7 13 9 19 14 8 19 13 18 10 7 8 12 12 6 9 7 4 19 8 4 4 4 8 10 7 6 8 7 16 7 7 19 10 15 7 8 12 10 19 10 4 13 9 4
split_gain=62.8415 57.3361 64.0542 101.824 83.5227 78.2648 77.8388 66.9074 67.6404 62.4982 76.336 59.6231 58.91 56.3101 52.2971 52.3011 68.9761 51.3238 60.9081 59.1632 48.4871 69.1705 68.3732 64.5668 57.6751 77.1316 53.4183 51.4828 77.0864 51.4286 52.6863 51.0445 50.8922 48.3254 48.1999 74.5427 47.3751 81.9058 47.2525 47.198 45.3931 75.319 52.2947 135.497 101.395 88.4567 69.0578 68.0111 65.5373
threshold=0.051315790042281158 3.5000000000000004 5.5000000000000009 9900.8999023437518 1.0000000180025095e-35 13.500000000000002 2723.900024414063 64.500000000000014 3.5000000000000004 46001.000000000007 61.500000000000007 3.5000000000000004 5.5000000000000009 47701.701171875007 11119.700195312502 161409.89843750003 31.500000000000004 10.500000000000002 301000.00000000006 956.70001220703136 4921.7001953125009 10150.044433593752 48.500000000000007 21801.000000000004 0.13700000196695331 -1.0000000180025095e-35 84016.601562500015 24595.299804687504 28161.600585937504 12299.300292968752 70967.000000000015 12295.399902343752 1194.5000000000002 3.5000000000000004 8244.7001953125018 2238.099975585938 41.500000000000007 12391.900390625002 3.5000000000000004 5080.1000976562509 10798.100097656252 20.500000000000004 978.60400390625011 11.500000000000002 13223.200195312502 9202.4711914062518 20.500000000000004 10485.500000000002 4000.2321777343755
decision_type=2 2 2 2 2 2 2 2 2 2 2 2 2 2 2 2 2 2 2 2 2 2 2 2 2 2 2 2 2 2 2 2 2 2 2 2 2 2 2 2 2 2 2 2 2 2 2 2 2
left_child=1 11 4 36 -3 6 7 9 -9 13 12 -1 -11 -6 -8 33 -17 18 20 -19 21 24 -23 29 25 -5 -24 28 -25 30 31 -22 -26 -16 35 -14 -4 -38 -10 -29 41 -13 45 47 -45 -42 -47 -44 -46
right_child=-2 2 3 17 5 -7 14 8 38 10 -12 40 34 -15 15 16 -18 19 -20 -21 23 22 26 27 32 -27 -28 39 -30 -31 -32 -33 -34 -35 -36 -37 37 -39 -40 -41 42 -43 43 44 48 46 -48 -49 -50
leaf_value=0.0094616432304435762 0.016360638493755193 -0.025497578815988357 0.018508317190249365 0.050745953735114646 0.00087810301437008431 -0.021549128309688834 0.0072110554595907934 0.033928038008720261 -0.042371981864608145 -0.044808064261570781 0.058944310783876505 -0.00051607567621259141 0.050119826977115721 0.011489565544163 0.0037549176306227337 -0.071889837656821193 0.034212047535849145 0.01829525303517485 0.031482015582322248 -0.0039306192214885035 0.0081226715137105599 -0.029883326837034953 -0.0034920234077679365 0.028395784337243112 0.01175326727525958 -0.041376770378086361 0.083216915489180171 0.022555411541435293 -0.036404953348397502 -0.05588826104158065 0.0034313302575940839 -0.028376423093570066 -0.00062579931991275407 -0.026178440821433245 0.059652211989735027 -0.047614862365289348 -0.017084186059247747 0.02561193261197009 0.02074105458597704 0.0037652748654031557 -0.0067198299447853741 -0.047343409965358636 -0.0097595270169094292 -0.0035024674593448044 0.011251941846200318 0.0051519683011775697 -0.0487588635130599 0.022468781089345566 0.003476930238680293
leaf_weight=1542.0772246271372 312.32960847020149 88.601580485701561 390.71615877747536 9.5620413422584516 3541.9516303613782 108.75034340471029 5099.7252589538693 15.930755048990248 74.419543586671352 66.420281566679478 10.120325878262518 1632.5640077963471 10.246695101261137 515.58200815320015 295.33794625103474 20.691135793924335 7.5179581046104422 111.13736206293106 58.601686924695969 3578.3038103729486 49.192320078611374 130.72712101787329 26.712666437029839 162.16875693202019 318.34684503078461 56.584888361394405 8.4069150239229185 129.02789697051048 18.396123670041561 17.592714935541153 319.49249349534512 115.34101059287786 4891.6058871969581 58.087914824485779 9.5886918008327466 22.327502548694611 103.85910870879889 66.219396688044071 12.464730627834795 1780.8854883313179 591.53131047636271 31.510146670043468 1045.3562908396125 1635.2983661442995 1177.4840847551823 16806.594770632684 21.411942876875401 62.452229738235474 5694.5212334617972
leaf_count=2284 367 450 674 5 8623 433 11234 17 333 290 15 3719 10 946 671 92 4 236 49 10577 93 749 116 238 621 211 9 177 62 77 621 390 12586 222 10 108 303 98 20 3830 1474 146 2965 3846 1961 36439 105 111 11497
internal_value=0.00294378 0.00286402 0.00170998 0.000265837 0.00350002 0.00376035 0.00404235 0.00101016 -0.0228981 0.00159876 -0.0198579 0.00371505 -0.0272025 0.00222648 0.00640944 -0.00430243 -0.0436128 -0.000328631 0.00100829 -0.00326111 0.000786006 -0.000822474 -0.0198994 0.00416291 -0.000222819 -0.0280597 0.0172643 0.00648225 0.0217938 -0.00550286 -0.00367151 -0.0174639 0.000130606 -0.00116483 0.000531944 -0.016871 0.0127554 -0.00046062 -0.0333176 0.00503468 0.00340627 -0.00140278 0.00370228 0.00192633 0.00321146 0.00468256 0.00508337 -0.00794267 0.00480914
internal_weight=52853.8 52541.4 22300.6 12342.9 9957.76 9869.16 9760.41 4279.05 102.815 4176.24 118.703 30240.8 108.583 4057.53 5481.36 381.635 28.2091 11782.1 8092.64 3689.44 8034.04 5441.95 165.847 2592.1 5276.1 66.1469 35.1196 2090.48 180.565 501.619 484.026 164.533 5209.95 353.426 42.1629 32.5742 560.795 170.079 86.8843 1909.91 28698.7 1664.07 27034.7 9615.11 8507.3 17419.5 16828 1107.81 6872.01
internal_count=120114 119747 55200 31722 23478 23028 22595 10372 370 10002 433 64547 418 9569 12223 989 96 30647 19834 10813 19785 14297 874 5488 13423 216 125 4307 300 1181 1104 483 13207 893 128 118 1075 401 353 4007 62263 3865 58398 20380 17304 38018 36544 3076 13458
is_linear=0
shrinkage=0.03


Tree=100
num_leaves=50
num_cat=0
split_feature=11 0 2 2 14 19 10 10 3 9 18 19 1 7 16 7 3 6 10 4 0 19 3 9 0 15 7 7 1 1 1 10 7 5 10 19 9 2 9 3 6 6 1 10 9 7 2 3 3
split_gain=80.0044 76.284 71.5943 103.128 63.8743 57.4162 55.6803 89.9835 96.3728 92.9468 67.3774 69.4075 62.2717 84.0723 75.3433 59.86 83.8334 67.7774 74.9419 59.0559 55.0572 66.585 63.2465 62.1412 54.1624 65.3771 53.2396 82.6148 56.0979 59.6647 68.5091 69.2385 68.0293 53.9664 51.9859 65.8752 50.7706 81.9614 58.2375 54.5451 52.0158 50.6894 79.1284 69.8539 77.593 60.433 74.5271 51.3082 56.0356
threshold=1.5000000000000002 1.5000000000000002 32106.424804687504 32178.869140625004 5.5000000000000009 61.500000000000007 2456.8000488281255 8125.6999511718759 1099.850036621094 600.10000610351574 1.0000000180025095e-35 4.5000000000000009 12.500000000000002 7448.5000000000009 8.5000000000000018 6792.3000488281259 2353.712524414063 100002.00000000001 114.57999801635744 15221.000000000002 3.5000000000000004 37.500000000000007 3793.8666992187505 9907.8999023437518 3.5000000000000004 1.5000000000000002 7785.1000976562509 7656.1000976562509 15.500000000000002 3.5000000000000004 5.5000000000000009 36128.800781250007 9261.7001953125018 2.803571462631226 365426.96875000006 70.500000000000014 2079.900024414063 60666.802734375007 1079.2000122070315 3309.616821289063 43998.900390625007 100002.00000000001 7.5000000000000009 199597.21093750003 4511.9001464843759 3763.700073242188 10080.583496093752 3065.849975585938 3294.0500488281255
decision_type=2 2 2 2 2 2 2 2 2 2 2 2 2 2 2 2 2 2 2 2 2 2 2 2 2 2 2 2 2 2 2 2 2 2 2 2 2 2 2 2 2 2 2 2 2 2 2 2 2
left_child=-1 4 -3 5 -2 -4 15 9 -9 -8 11 -10 13 -11 -14 16 -5 18 19 -17 -19 -22 23 -23 -13 -26 27 33 29 -28 -31 32 -32 41 35 -12 37 38 -18 40 -40 45 43 -43 -45 47 -47 -6 -49
right_child=1 2 3 6 26 -7 7 8 10 12 34 24 14 -15 -16 17 36 20 -20 -21 21 22 -24 -25 25 -27 28 -29 -30 30 31 -33 -34 -35 -36 -37 -38 -39 39 -41 -42 42 -44 44 -46 46 -48 48 -50
leaf_value=0.015166559480214075 0.0293556148018328 0.0055212751859686215 0.00035788928266228948 -0.0025648021683843986 0.0013714779394986859 -0.014829416655488164 0.054518121353983436 -0.053592590747111528 -0.05235437677700408 -0.010185554566366023 0.0042299752950117515 3.0215281757354794e-05 0.016184314011006801 -0.04521022579236781 -0.064865562746997549 -0.0025956613367710663 0.025278850987254735 0.0073643182913197573 0.040171989587793819 -0.035589310863017677 -0.031719979092082018 -0.066909129091934139 0.009195612658862172 0.029696496381188528 -0.0041463965179768412 -0.048046595354019776 -0.00096913343774627592 0.02197361684119262 0.031822767206314169 -0.026148526501652915 -0.020319558483252297 -0.022788235013634139 0.020254494817613013 0.033297892334277171 0.02073078746259948 -0.031338770754884372 0.012883811245124742 -0.047124801971320546 -0.060993606802997653 -0.01249670920725861 0.011546926696858284 0.016975369321501847 -0.030521848146341228 -0.057424078057620488 0.017111240903028249 -0.043832786290577824 -0.0014918485232616276 0.015534438982878452 0.0016739031116114918
leaf_weight=454.91828535497189 71.042905703186989 9884.6175081655383 8886.5495776236057 491.71045500040054 9228.5139124393463 229.82882694154978 18.032287433743477 26.988997168838978 25.747624382376671 174.58494017273188 5958.5240403078496 930.86402366310358 81.28813973069191 95.376845888793468 11.823909550905226 1056.7650959044695 107.52813868224621 2456.8682949244976 35.481833092868328 51.190458152443171 71.623252488672733 20.580860346555713 166.82014940679073 8.4543089121580106 81.322749197483063 48.882187053561211 891.70165445283055 172.68026195466518 36.907038703560829 226.20670009031892 53.813254922628403 108.71533970534801 120.40647726505995 46.761140897870064 170.88339312374592 47.23418627679348 2259.2580630779266 28.020542971789837 9.2099064588546735 172.8270954862237 261.381282761693 453.63690535724163 40.116030551493168 25.232724070549011 25.048623442649841 37.664846427738667 5620.4173777066171 507.60433964431286 543.6754442602396
leaf_count=646 107 18934 23910 1114 22316 904 7 123 109 427 11402 1886 127 358 50 2507 141 4432 38 243 234 87 266 6 178 176 2593 317 43 925 208 388 302 25 199 176 3602 101 38 443 432 767 140 104 38 208 15766 986 1318
internal_value=0.00264026 0.00253084 0.00337272 0.00248728 0.000964979 -2.49909e-05 0.00402757 0.00224936 0.00299222 -0.0119613 0.00320247 -0.00368571 -0.0152631 -0.0225597 0.00589213 0.00592284 0.00887137 0.00338433 -0.00274563 -0.00412005 0.00595713 -0.00696825 0.00208332 -0.03878 -0.00250473 -0.0206276 0.000853786 0.00133065 -0.00468564 -0.0056475 -0.0138411 -0.00400134 0.00772192 0.00111499 0.00441449 0.00395023 0.0108526 0.00292652 0.00547208 0.000668974 0.00907792 0.00102368 0.0100286 0.0132567 -0.0202929 0.000716303 -0.0017737 0.00208682 0.00836638
internal_weight=52535.3 52080.4 33870.3 23985.7 18210.1 9116.38 14869.3 7671.55 7290.45 381.106 7263.46 1086.82 363.074 269.962 93.112 7197.72 3329.94 3867.78 1143.44 1107.96 2724.35 267.479 195.855 29.0352 1061.07 130.205 18139.1 16701.4 1437.75 1400.84 509.142 282.935 174.22 16528.7 6176.64 6005.76 2838.23 578.967 550.946 443.418 270.591 16481.9 544.034 503.918 50.2813 15937.9 5658.08 10279.8 1051.28
internal_count=119847 119201 72650 53716 46551 24814 28902 15218 14249 969 14126 2349 962 785 177 13684 5871 7813 2788 2750 5025 593 359 93 2240 354 46444 41985 4459 4416 1823 898 510 41668 11777 11578 4757 1155 1054 913 470 41643 1049 909 142 40594 15974 24620 2304
is_linear=0
shrinkage=0.03


Tree=101
num_leaves=50
num_cat=0
split_feature=13 8 6 7 3 19 19 13 4 1 2 19 19 10 19 18 6 19 10 10 7 4 5 8 12 7 10 8 8 6 7 18 12 12 12 8 6 3 19 12 10 8 7 2 3 10 12 6 3
split_gain=55.6097 46.0111 56.1998 63.8489 78.1492 77.871 71.6528 67.5031 61.6893 49.5537 73.0268 45.1487 107.816 75.9899 133.439 113.131 100.827 68.812 65.8948 63.7762 77.3941 72.9717 63.054 61.4623 64.555 60.3795 83.4589 68.5309 147.802 58.6695 57.9513 56.427 85.6368 76.7383 57.4713 81.7836 63.5776 85.3966 73.7933 64.9312 54.3851 53.7862 63.5386 53.7434 63.5293 53.0621 50.8936 71.0577 61.8842
threshold=4.5000000000000009 128007.00000000001 53883.000000000007 4943.3000488281259 2720.8200683593755 60.500000000000007 49.500000000000007 1.5000000000000002 9202.4711914062518 10.500000000000002 31516.166992187504 37.500000000000007 26.500000000000004 1999.9000244140627 11.500000000000002 4.5000000000000009 21801.000000000004 10.500000000000002 173919.31250000003 193849.46093750003 11821.100097656252 31997.512695312504 0.45804196596145635 161409.89843750003 25.500000000000004 10973.899902343752 73745.414062500015 21313.000000000004 53276.201171875007 150089.00000000003 9341.1000976562518 2.5000000000000004 29.500000000000004 22.500000000000004 10.500000000000002 130002.10156250001 59999.900390625007 1135.799987792969 33.500000000000007 11.500000000000002 120540.93750000001 159995.00000000003 4823.3000488281259 48148.000000000007 3341.900024414063 228592.40625000003 9.5000000000000018 27278.400390625004 2640.200073242188
decision_type=2 2 2 2 2 2 2 2 2 2 2 2 2 2 2 2 2 2 2 2 2 2 2 2 2 2 2 2 2 2 2 2 2 2 2 2 2 2 2 2 2 2 2 2 2 2 2 2 2
left_child=1 2 -1 5 6 7 -5 -4 -7 10 -9 12 13 -2 15 17 -17 22 -19 20 21 23 -15 -16 40 31 27 29 -29 -27 45 33 34 -14 -33 36 37 38 -36 -38 -25 46 -43 44 -22 -21 -13 -48 -49
right_child=11 -3 3 4 -6 8 -8 9 -10 -11 -12 41 25 14 19 16 -18 18 -20 30 43 -23 -24 24 -26 26 -28 28 -30 -31 -32 32 -34 -35 35 -37 39 -39 -40 -41 -42 42 -44 -45 -46 -47 47 48 -50
leaf_value=0.0091822238588125504 0.0041754291122360395 0.016178678473265519 0.009797834469218128 -0.004216438701269469 0.0095966085094486096 0.027871289170633348 -0.079325810586282589 -0.062214247243321703 -0.065348111637389628 0.027067686313823766 -0.0073291655959879095 0.0039917616018498364 0.0024013191109237652 -0.01009276635448386 0.0042800114396463734 -0.046934329131215993 0.0079257535297439907 -0.046143670728407839 0.024856453087452487 -0.042094893745213871 0.047019689208535866 -0.031544683129716228 0.033366965059885935 -0.057635155440738314 0.041199658093266707 0.033884103273500311 -0.047014346721829976 -0.05013080062787266 -0.0010270992567679746 -0.021250069168761439 -0.054717108668978436 -0.0020174913412278721 0.03242647080212168 -0.033794718993978075 -0.043567696278423045 -0.055494973929200879 -0.034469509944858215 -0.027572885698223398 0.048099303750064916 0.0025669227606025624 0.011734618696348441 0.022059217211467884 0.0053084303538801772 0.02864510724179686 -0.044367677868883217 0.0045771090849859924 -0.0085150555899784069 0.0065397134791933846 7.7561596078691802e-05
leaf_weight=1564.9528820067644 11718.120182793587 364.91599126160145 299.57499217987061 36.026938930153847 834.40082414448261 8.1025266051292402 16.74373984336853 22.632414773106575 30.21297200024128 35.621781229972839 606.3687569051981 14354.048752825707 3830.359379388392 1296.2909618318081 3095.0880068093538 31.911890678107738 546.47549024224281 79.890402719378471 13.796157151460646 28.989470541477203 10.21102210879326 53.826341077685356 30.758538320660591 38.609409257769585 10.796142831444739 56.594247736036777 54.594302669167519 75.54601089656353 204.53214702755213 25.063218481838703 28.076003566384315 3613.529634565115 60.358093284070492 53.450414128601551 11.212103769183157 35.833442106842995 48.165224932134151 224.95675598829985 26.786095507442951 368.89509030431509 13.809449717402456 284.38840600848198 719.22342835366726 173.25440967828035 20.774966396391392 89.94898784160614 653.99295441061258 1835.4796288982034 4879.0033392645419
leaf_count=2396 28213 405 506 72 1247 6 75 86 125 30 1387 30316 8538 3715 6780 149 1269 335 24 103 9 301 17 160 10 104 218 361 517 74 119 9344 88 200 61 154 173 1003 35 963 23 319 1172 272 111 181 2079 4099 11903
internal_value=0.00256198 0.0060477 0.00497756 0.00149544 0.00735743 -0.0036921 -0.0280481 -0.00202536 -0.0456351 -0.0073546 -0.00930401 0.00228857 0.00143406 0.00280478 -8.26591e-05 -0.0062862 0.00489891 -0.0108397 -0.0356883 0.00339764 0.0042302 0.00309161 -0.00908545 0.00368191 -0.0256017 -0.00129174 -0.0124395 -0.00722131 -0.0142719 0.0169617 -0.0159497 -0.000730784 -0.00306117 0.00190318 -0.00355593 -0.0113218 -0.00899407 -0.0205465 0.0210512 -0.00171032 -0.0393601 0.00326507 0.010055 0.022137 -0.0142522 -0.00679849 0.00295136 0.000924635 0.00184406
internal_weight=52516.2 3819.55 3454.64 1889.68 887.172 1002.51 52.7707 964.198 38.3155 664.623 629.001 48696.6 25970.5 17280.6 5562.51 1999.12 578.387 1420.74 93.6866 3563.38 3416.37 3212.13 1327.05 3158.3 63.215 8689.88 416.33 361.736 280.078 81.6575 147.014 8273.55 4389.74 3883.81 4329.38 715.849 680.015 262.955 37.9982 417.06 52.4189 22726.1 1003.61 204.24 30.986 118.938 21722.5 7368.48 6714.48
internal_count=119847 6335 5930 3534 1394 2140 147 2009 131 1503 1473 113512 63624 41791 13578 5509 1418 4091 359 8069 7666 7274 3732 6973 193 21833 1274 1056 878 178 403 20559 11821 8738 11733 2389 2235 1099 96 1136 183 49888 1491 392 120 284 48397 18081 16002
is_linear=0
shrinkage=0.03


Tree=102
num_leaves=50
num_cat=0
split_feature=11 0 8 2 2 8 8 8 14 19 10 10 8 3 16 8 13 8 7 3 3 8 8 18 18 19 8 2 19 13 8 5 10 10 19 7 4 4 18 2 2 8 2 12 12 4 16 4 19
split_gain=75.1484 72.2525 68.8816 66.5841 97.4417 67.3065 64.9218 66.5321 59.9325 59.0421 51.3107 84.4342 143.329 91.3812 70.2538 70.5165 63.5379 62.8956 77.5936 94.6255 67.8119 68.079 70.1968 57.7707 53.9352 63.5 59.4555 96.8474 53.4705 50.7727 58.4417 50.2191 52.2355 72.1656 80.5222 77.7845 97.0469 70.1092 71.4058 62.8286 60.5424 58.73 58.2072 56.4849 54.3151 70.3264 55.0309 63.1187 53.1037
threshold=1.5000000000000002 1.5000000000000002 11700.800292968752 32106.424804687504 32178.869140625004 159995.00000000003 9563.8999023437518 6599.0000000000009 5.5000000000000009 63.500000000000007 2456.8000488281255 8125.6999511718759 10000.200195312502 1099.850036621094 7.5000000000000009 15058.800292968752 5.5000000000000009 110006.30078125001 6792.3000488281259 2503.256469726563 2708.775024414063 96029.000000000015 10572.200195312502 1.0000000180025095e-35 1.0000000180025095e-35 4.5000000000000009 115797.00000000001 53370.031250000007 19.500000000000004 4.5000000000000009 100001.00000000001 2.803571462631226 978.60400390625011 13223.200195312502 22.500000000000004 2500.900024414063 3486.4160156250005 400.21200561523443 1.5000000000000002 53370.031250000007 11704.166503906252 150010.00000000003 34971.583984375007 10.500000000000002 11.500000000000002 33630.833984375007 6.5000000000000009 34000.599609375007 57.500000000000007
decision_type=2 2 2 2 2 2 2 2 2 2 2 2 2 2 2 2 2 2 2 2 2 2 2 2 2 2 2 2 2 2 2 2 2 2 2 2 2 2 2 2 2 2 2 2 2 2 2 2 2
left_child=2 8 -1 5 6 29 7 -5 -2 -8 17 12 -12 -13 -14 -16 -15 18 19 -6 28 22 -22 -23 25 -18 -27 -28 -20 -3 -31 32 37 34 39 36 -35 38 42 -34 -38 48 -10 -40 -39 -46 -47 -48 -36
right_child=1 3 -4 4 10 -7 9 -9 31 -11 11 13 14 16 15 -17 24 -19 20 -21 21 23 -24 -25 -26 26 27 -29 -30 30 -32 -33 33 35 41 -37 40 44 43 -41 -42 -43 -44 -45 45 46 47 -49 -50
leaf_value=-0.074276594719819941 0.0283366516257729 0.012273079183842538 0.016188702968992153 -0.012567018885280968 -0.0036649815364733734 0.022041492566222221 -0.00039710934206026269 0.016440634445352518 -0.0517138458144051 -0.022482378858756365 0.037104149922453686 -0.052552376484723259 -0.0093158162815413434 0.011565226055944573 0.010313046504236338 -0.05142912141274638 -0.051078057549876113 0.011893103154820159 0.011849738281654736 0.010300144550374098 -0.024926224721022922 -0.048371826096845233 0.003872045390388555 -0.0073091195379713335 0.0032852818866159423 -0.00014375843250029666 -0.062590981979747287 -0.0054573101651874002 -0.062442221329415175 0.0047307046311594689 -0.0084394401513390067 0.032055659330487617 -0.023052989056126225 0.032236680294913667 -0.00023407413125666748 -0.0017752196365522651 0.033474580585263591 0.0028293541612390374 -0.016163287701999682 0.03406506879161255 0.0014893999029719043 -0.064264466271115345 0.01164431680849028 0.010764248643553997 -0.0056285954906199701 0.047177172885742108 0.098515482459621426 -0.036097829439007342 -0.021880594156228911
leaf_weight=7.7060364186763755 71.144554905593395 774.6384329199791 445.41111106425524 88.004224359989166 531.0515618994832 210.82560451328754 8549.8978374451399 371.83771675825119 57.781093776226044 110.34895816445351 47.525232180953026 26.689683392643929 229.36693177372217 712.91103634983301 20.821799978613853 83.058559499680996 25.457427993416786 1213.1004091575742 12.981736630201338 2457.2338511198759 78.49973937869072 35.017678447067738 2575.071231789887 258.20775459334254 5550.6123874001205 836.50347009301186 37.53654882311821 92.511528819799423 26.553981825709343 8574.9726286903024 314.35496861487627 45.994341388344765 332.12970248609781 129.63451264798641 920.18879507482052 3480.7742360904813 57.894453912973404 10799.809269744903 161.10193116217852 18.286441415548325 665.40156898647547 14.105340570211409 16.857445046305656 124.13103384897113 1131.2940543219447 41.400483034551144 3.8155645206570652 17.573288977146149 114.71315033733845
leaf_count=33 107 1039 613 242 1221 230 23343 680 267 549 46 123 569 990 36 318 109 1787 21 4182 243 131 5379 605 10936 1748 155 188 115 16937 728 26 1284 154 2410 9172 69 25598 506 32 1626 60 41 363 4160 127 3 146 400
internal_value=0.00248571 0.00237981 0.0146502 0.00319954 0.0023455 0.0052727 -9.52682e-05 0.0108892 0.000855733 -0.00067852 0.00384442 0.00213658 -0.0116349 0.00285666 -0.0185857 -0.0390535 0.00306048 0.00566519 0.00440066 0.00781839 0.000980698 0.00150433 0.00302012 -0.0122129 0.00213377 -0.00430932 -0.00307751 -0.0219481 -0.0380481 0.00490688 0.00426497 0.000747911 0.000668297 -0.00169831 -0.00762136 0.000214341 0.00833365 0.00176659 -0.0112806 -0.0200723 0.00404958 -0.00346218 -0.0374041 -0.00444465 0.00215806 -0.00391338 0.0269901 -0.0120841 -0.00263347
internal_weight=52502.7 52049.6 453.117 33845.6 23970.8 9874.79 9120.09 459.842 18204 8660.25 14850.7 7662.99 380.773 7282.22 333.247 103.88 7255.53 7187.72 5974.62 2988.29 2986.33 2946.8 2653.57 293.225 6542.62 992.009 966.552 130.048 39.5357 9663.97 8889.33 18132.9 18086.9 5733.13 1399.42 4333.7 852.931 12353.8 359.872 350.416 723.296 1049.01 74.6385 285.233 11993.9 1194.08 62.7893 21.3889 1034.9
internal_count=119847 119201 646 72650 53716 18934 24814 922 46551 23892 28902 15218 969 14249 923 354 14126 13684 11897 5403 6494 6358 5622 736 13136 2200 2091 343 136 18704 17665 46444 46418 15207 4186 11021 1849 31211 1177 1316 1695 2870 308 869 30034 4436 276 149 2810
is_linear=0
shrinkage=0.03


Tree=103
num_leaves=50
num_cat=0
split_feature=11 0 8 2 2 8 8 8 14 19 19 8 3 7 7 1 16 8 8 3 3 10 10 8 3 16 1 7 8 8 7 3 3 8 8 1 1 7 19 5 15 6 6 1 10 7 2 8 19
split_gain=71.0182 68.0585 64.4466 62.7067 91.7775 63.9275 61.0266 62.5147 56.3334 56.1865 50.0279 86.7142 50.1966 49.6173 77.6446 53.1586 57.3432 74.0017 57.6992 53.7954 49.5509 49.9722 78.488 134.421 75.3498 66.1445 83.0653 67.6025 67.2819 58.9106 77.7147 75.5432 63.9229 64.0345 66.1204 50.6586 72.2655 87.8723 50.4354 49.0182 48.5171 48.4077 48.0799 74.2505 65.3221 55.4139 71.2113 55.2028 49.6566
threshold=1.5000000000000002 1.5000000000000002 11700.800292968752 32106.424804687504 32178.869140625004 159995.00000000003 9563.8999023437518 6599.0000000000009 5.5000000000000009 63.500000000000007 10.500000000000002 10572.200195312502 3080.0300292968755 7785.1000976562509 7656.1000976562509 15.500000000000002 4.5000000000000009 19188.400390625004 62499.000000000007 4225.0334472656259 1.0000000180025095e-35 2456.8000488281255 8125.6999511718759 10000.200195312502 1099.850036621094 7.5000000000000009 12.500000000000002 7448.5000000000009 15058.800292968752 110006.30078125001 6792.3000488281259 2503.256469726563 2708.775024414063 96029.000000000015 10572.200195312502 3.5000000000000004 4.5000000000000009 6398.9001464843759 19.500000000000004 2.803571462631226 1.5000000000000002 41209.900390625007 100002.00000000001 7.5000000000000009 199597.21093750003 3763.700073242188 10080.583496093752 99999.902343750015 65.500000000000014
decision_type=2 2 2 2 2 2 2 2 2 2 2 2 2 2 2 2 2 2 2 2 2 2 2 2 2 2 2 2 2 2 2 2 2 2 2 2 2 2 2 2 2 2 2 2 2 2 2 2 2
left_child=2 8 -1 5 6 -3 7 -5 -2 10 11 -8 -12 14 39 16 17 -15 -19 -18 -6 29 23 -23 -24 26 27 35 -27 30 31 -22 38 34 -34 -25 -37 -38 -32 42 -13 -26 45 44 -44 48 -47 -46 -10
right_child=1 3 -4 4 20 -7 9 -9 13 -11 12 40 -14 15 -16 -17 19 18 -20 -21 21 22 24 25 41 28 -28 -29 -30 -31 32 -33 33 -35 -36 36 37 -39 -40 -41 -42 -43 43 -45 47 46 -48 -49 -50
leaf_value=-0.071323278364334386 0.027460655578283373 0.0047620614821062505 0.015756774312885129 -0.012205994436775882 -0.043909637297127997 0.021509826967782746 -0.053486743923397556 0.015922851387182434 0.0021154525882992412 -0.022041881548371708 -0.0015171282015223105 -0.045706911412026194 0.045637328660292423 0.021912810613287242 0.021171704754882871 0.030979844085286205 -0.030624804348275469 -0.01660415676904468 0.0044894300633566914 -0.00779468461243447 -0.0026010775750027197 0.036043301215049034 -0.052945771063986256 -0.058678022338373458 -0.040464746168405681 0.010722149062804387 0.017707753785570334 -0.048743155156900107 -0.049905722581220502 0.011634108736793394 0.011510785031025107 0.0100007373112713 -0.02421187644723459 -0.011840494369292432 0.0037562299389907955 0.037299974077030014 -0.063172750860702426 0.012522507090236706 -0.060701890381374919 0.032216794506479324 0.0065061597327734887 0.0031086397313050034 0.016386429685170446 -0.029694178284515167 -0.042137938064080491 -0.043324668021641304 -0.0015207802463202088 0.02449194206885201 -0.018649271985683991
leaf_weight=7.7831200659275046 71.210566245019436 9659.2603917121887 443.91514925658703 87.89070263504982 19.622416965663433 209.57468874752522 22.521340548992157 372.40247674286366 10172.830017600209 109.19524048268795 7168.6040427610278 16.213405594229698 20.37531590461731 125.07284753769636 173.13066940754652 36.769464284181595 107.58686117455363 194.74288222938776 291.2729381993413 680.02005021646619 518.56075671315193 47.457276090979576 21.754640705883503 14.713358566164969 23.019455179572105 20.563953921198845 72.127353727817535 53.042858324944973 82.826934516429901 1208.5236122757196 12.963365018367766 2454.9113968238235 78.392918363213539 293.37307385727763 2574.8376937583089 32.223690614104271 23.619730480015278 33.207983806729317 26.496608227491379 45.07914811372757 1321.529739394784 7228.5731579624116 453.18083244562149 39.959441728889942 33.24434857070446 36.914936117827892 5617.9739923886955 16.869690850377083 104.71651628613472
leaf_count=33 107 18704 613 242 106 230 92 680 24243 549 19952 75 16 254 317 43 458 763 724 2217 1150 46 99 62 79 35 106 213 316 1781 21 4182 243 736 5379 34 99 53 115 25 3208 14047 767 140 121 208 15766 21 377
internal_value=0.00241214 0.00230931 0.0142563 0.00310518 0.00227622 0.00511772 -9.24847e-05 0.0105518 0.000830073 -0.000658347 -0.000385226 0.00489054 -0.00138348 0.000725471 0.00118569 -0.00462669 -0.00556273 0.00133337 -0.00396261 -0.0109133 0.00373164 0.00379472 0.00210884 -0.0111866 0.00280307 -0.0179312 -0.0089368 -0.0211926 -0.0378471 0.00559468 0.00436995 0.00780303 0.000951348 0.00145929 0.00292988 -0.0071092 0.00141117 -0.0189393 -0.0369786 0.000976244 0.00587334 0.00297032 0.000890767 0.00966725 0.0127924 0.000591512 -0.00179367 -0.0197086 0.00190388
internal_weight=52480.7 52029 451.698 33828.4 23959.5 9868.84 9118.73 460.293 18200.6 8658.44 8549.24 1360.26 7188.98 18129.4 16693.9 1435.47 1398.7 611.089 486.016 787.607 14840.8 14821.2 7653.13 379.783 7273.35 332.326 228.935 156.808 103.391 7168.06 5959.54 2973.47 2986.06 2946.6 2653.23 103.765 89.0514 56.8277 39.46 16520.8 1337.74 7251.59 16475.7 543.254 503.295 15932.4 5654.89 50.114 10277.5
internal_count=119847 119201 646 72650 53716 18934 24814 922 46551 23892 23343 3375 19968 46444 41985 4459 4416 1741 1487 2675 28902 28796 15189 964 14225 918 567 461 351 13607 11826 5332 6494 6358 5622 248 186 152 136 41668 3283 14126 41643 1049 909 40594 15974 142 24620
is_linear=0
shrinkage=0.03


Tree=104
num_leaves=50
num_cat=0
split_feature=0 2 2 8 8 8 13 9 13 10 1 13 10 10 2 1 8 7 6 13 12 9 9 3 19 19 8 4 2 9 7 7 6 1 7 2 10 9 3 19 1 19 12 8 8 8 9 8 8
split_gain=62.193 63.7518 82.33 59.5571 53.8314 60.7363 52.8132 74.5398 51.7922 55.3655 84.3014 70.6917 79.1122 72.3118 67.3783 72.5826 65.765 56.3871 96.7235 67.6369 58.3439 52.4595 52.0489 66.0086 68.4328 79.0872 63.868 51.834 50.9218 59.782 50.5968 70.2871 51.1957 72.5815 60.0323 64.0266 55.5989 54.6771 53.8886 49.962 48.8063 48.645 91.2225 72.8262 77.6126 69.6838 67.3674 62.5212 73.4123
threshold=1.5000000000000002 32106.424804687504 32178.869140625004 159995.00000000003 9563.8999023437518 6599.0000000000009 4.5000000000000009 9060.5000000000018 5.5000000000000009 62437.800781250007 18.500000000000004 6.5000000000000009 89709.148437500015 122996.10156250001 34507.121093750007 10.500000000000002 99999.902343750015 7099.9001464843759 100002.00000000001 12.500000000000002 22.500000000000004 7663.5000000000009 8569.3002929687518 3278.440063476563 55.500000000000007 4.5000000000000009 29851.700195312504 87543.902343750015 65398.800781250007 4631.7001953125009 7785.1000976562509 7656.1000976562509 100002.00000000001 7.5000000000000009 3786.099975585938 10080.583496093752 199597.21093750003 4511.9001464843759 3065.849975585938 6.5000000000000009 15.500000000000002 10.500000000000002 10.500000000000002 12998.100097656252 33196.201171875007 10798.100097656252 2065.900024414063 39998.599609375007 40798.400390625007
decision_type=2 2 2 2 2 2 2 2 2 2 2 2 2 2 2 2 2 2 2 2 2 2 2 2 2 2 2 2 2 2 2 2 2 2 2 2 2 2 2 2 2 2 2 2 2 2 2 2 2
left_child=30 3 4 6 5 -3 -2 -8 -4 17 11 12 14 -14 -11 -16 -12 27 19 22 -20 -17 23 39 25 -25 -27 -10 29 -22 31 32 34 36 38 -36 -34 -38 -1 -19 -32 42 45 -44 -45 -6 -47 -46 -49
right_child=1 2 8 -5 41 -7 7 -9 9 10 16 -13 13 -15 15 21 -18 18 20 -21 28 -23 -24 24 -26 26 -28 -29 -30 -31 40 -33 33 -35 35 -37 37 -39 -40 -41 -42 -43 43 44 47 46 -48 48 -50
leaf_value=0.0014871011692312258 0.012238821935157088 -0.012321341637900754 0.0088294990013758744 0.020992037999320635 -0.053229342214623429 0.015319398966246555 0.0044627138035056163 -0.018148669198191282 0.0065328515415575611 -0.062661156829315112 -0.0087218252941812773 0.010732112461780565 0.0096266217728220339 -0.0027044991758008422 -0.017453633520959702 0.012031390570210847 -0.044930835407158726 0.02293522529188196 0.0033331140620600844 -0.050526683336097042 -0.019203803735620428 -0.041589981677834592 0.0092811188469559928 -0.039047542563473675 -0.025562498491309944 0.010065314226346376 -0.0059562747072156525 -0.041494179256016464 0.028715445218853473 0.01895759423481775 -0.0053343844451469846 0.020376446268516785 0.016448471474695619 -0.028910851963825073 -0.042471534389686288 -0.0013573490474238705 -0.044244879348124641 0.016557585639615395 0.0084487644435047599 -0.041714755729256418 0.029610885601983109 -0.0014417415270962046 -0.040216183131748157 0.0083468121089284811 -0.049610160807560318 0.026509602806810282 0.0066966806894711252 0.03078796704542722 -0.014823982829587934
leaf_weight=9429.5883805379272 785.60371626913548 88.505555406212807 1553.8316599428654 208.32091633975506 14.229373991489409 373.39766976237297 8819.9556261822581 133.19445630908012 5102.3794596046209 22.126640096306801 208.14355166256428 552.97910578548908 669.30476311594248 1187.1620718091726 330.58139416575432 157.01729214191437 57.647625640034676 12.677601829171179 3240.0118323341012 28.339085549116135 58.962361335754395 18.338493943214417 232.10011561959982 48.580015867948532 121.53632906079292 363.67956110835075 582.75650004670024 20.305344961583614 160.176279745996 98.943992212414742 1412.9232205189764 173.76523619890213 465.49911484122276 39.813079841434956 34.297769635915756 5611.0246261656284 28.503129824995995 24.973219886422157 1119.5337504819036 71.063584439456463 36.909746840596199 7413.4266911968589 44.382216826081276 371.916587844491 36.131409734487534 241.94839511811733 427.10158269107342 38.223247736692429 187.75890775024891
leaf_count=22624 1047 245 2311 230 58 682 17362 375 9382 92 506 870 1176 2516 888 259 206 18 6347 131 182 63 470 203 385 771 1524 115 175 152 4455 318 776 140 199 15699 106 38 2414 259 44 20716 166 840 155 392 1060 58 647
internal_value=0.0023407 0.00309918 0.00226623 0.00512026 4.09878e-05 0.0100231 0.00478075 0.00412633 0.00364587 0.0030423 -0.000395947 0.00106798 -0.00117315 0.00174119 -0.0114189 -0.00917783 -0.0165752 0.00412831 0.00186831 -0.00463163 0.00453678 0.00642373 -0.00372363 -0.00623835 -0.00431168 -0.00171599 0.000200216 0.00634248 0.0167974 0.0047081 0.000933964 0.00139466 0.00119778 0.0101257 0.000889727 -0.00160714 0.0131203 -0.0158504 0.00222591 -0.0319274 -0.00444475 -0.000484451 0.0047273 -0.00306535 -0.000464782 0.0124644 0.0138616 -0.0129677 -0.00710905
internal_weight=52459.6 34082.7 24135.7 9947.07 9237.02 461.903 9738.75 8953.15 14898.6 13344.8 3203.3 2937.51 2384.53 1856.47 528.064 505.937 265.791 10141.5 5018.83 1460.73 3558.09 175.356 1432.39 1200.29 1116.55 995.016 946.436 5122.68 318.083 157.906 18376.8 16927 16753.2 558.789 16194.4 5645.32 518.975 53.4763 10549.1 83.7412 1449.83 8775.12 1361.69 678.412 634.03 683.279 669.05 262.114 225.982
internal_count=119847 73034 54020 19014 25019 927 18784 17737 29001 26690 6576 5864 4994 3692 1302 1210 712 20114 10617 3761 6856 322 3630 3160 2883 2498 2295 9497 509 334 46813 42314 41996 1060 40936 15898 920 144 25038 277 4499 24092 3376 1866 1700 1510 1452 860 705
is_linear=0
shrinkage=0.03


Tree=105
num_leaves=50
num_cat=0
split_feature=12 8 4 1 9 9 12 2 12 4 7 9 2 2 4 9 16 9 8 15 8 12 9 3 8 10 0 7 2 2 15 2 4 2 3 8 8 19 9 3 2 10 8 8 7 4 19 8 7
split_gain=59.3989 74.8102 64.2483 55.3554 52.5143 71.0025 66.7588 101.933 57.747 51.5117 89.7465 77.2449 82.4875 55.5709 47.0321 46.2385 78.8694 76.7621 96.5764 82.4484 71.883 76.2935 93.5988 85.2053 85.7846 68.998 67.1601 66.0687 74.3187 57.0683 58.1505 57.0661 54.5278 54.42 72.3227 54.1292 77.8986 51.6511 49.6615 90.564 49.1936 51.9827 48.8476 47.7941 60.0059 49.2565 45.9061 45.8595 45.4839
threshold=11.500000000000002 150010.00000000003 42642.000000000007 17.500000000000004 2604.900024414063 2486.900024414063 27.500000000000004 20769.615234375004 26.500000000000004 9321.4658203125018 972.50000000000011 1782.5000000000002 26663.666992187504 27200.250000000004 -1.0000000180025095e-35 829.70001220703136 9.5000000000000018 1343.100036621094 25978.500000000004 2.5000000000000004 17396.900390625004 10.500000000000002 1172.600036621094 2394.2934570312505 14798.399902343752 115764.31250000001 1.5000000000000002 5111.1000976562509 11184.216308593752 15300.639648437502 2.5000000000000004 14927.100097656252 19.818000793457035 38081.197265625007 3183.093383789063 10978.399902343752 16415.200195312504 17.500000000000004 1220.3000488281252 2132.3500976562505 18899.750000000004 22500.299804687504 7200.5000000000009 18357.000000000004 6741.3000488281259 34000.599609375007 3.5000000000000004 10303.000000000002 972.50000000000011
decision_type=2 2 2 2 2 2 2 2 2 2 2 2 2 2 2 2 2 2 2 2 2 2 2 2 2 2 2 2 2 2 2 2 2 2 2 2 2 2 2 2 2 2 2 2 2 2 2 2 2
left_child=1 3 -3 14 5 9 8 -8 -6 -2 -11 12 -12 -14 -1 16 47 18 20 -20 21 23 27 29 25 31 -24 28 -23 30 35 -25 -31 -33 -35 -17 -37 -30 39 48 -26 -42 -19 -41 46 -46 -45 -16 -22
right_child=4 2 -4 -5 6 -7 7 -9 -10 10 11 -13 13 -15 15 17 -18 42 19 -21 38 22 26 24 40 -27 -28 -29 37 32 -32 33 -34 34 -36 36 -38 -39 -40 43 41 -43 -44 44 45 -47 -48 -49 -50
leaf_value=0.034856436424770841 -0.00074110855929698175 0.0098582405388708775 -0.050013964848307654 0.011150100530215777 0.00096640832056401076 -0.022385829236625101 -0.049048793975988436 0.014141364317739626 -0.034615282218059852 0.039939381745982591 -0.041464674266215119 -0.042010764301103565 0.080322187359048711 0.00077395727362211382 0.0072092309340502031 0.0021087775507162942 -0.0088403896030427552 0.023534503785366871 -0.050297649886817661 -0.0048342653796854288 0.013110155429284029 0.016975007973333112 -0.05041499883262459 -0.055095945062262383 0.026875216608558454 -0.062455562422570159 -0.016425514959567108 0.013998671303513559 -0.032198113882933879 -0.06922307995549469 0.014399350486201968 0.0039253272560640555 0.015043931820246171 -0.066308884971314486 -0.0076398356895800426 -0.044757635862987755 0.027561538467272089 -0.0051382827638545491 0.016260542448337308 0.021512845943694466 -0.041882234091531072 0.0041088651086363809 0.0025473408115858935 -0.051254102969976713 -0.057646618202804062 0.043123871896696607 0.0079112692605801133 0.022362771307095637 -0.034324082527894186
leaf_weight=40.117742002010345 2607.9667550735176 1537.6539272516966 16.301727309823036 659.50690323114395 5379.1760021969676 162.92461382597685 23.983553968369961 546.43319297581911 41.366242997348309 24.693337678909302 44.428259745240211 90.699456371366978 8.5854010581970197 99.536543745547533 450.23142600804567 94.370815679430962 180.31655809283257 100.08210763335228 67.504938699305058 76.681273803114891 23.368903301656246 66.465130001306534 75.823572389781475 17.27347557246685 13.860335677862166 16.844643980264664 168.7828683257103 131.33474322408438 126.87833113968372 7.0161434113979331 106.19752824306488 652.9732159525156 461.49128543585539 21.705585151910782 146.84093251824379 69.417787849903107 16.613011702895164 127.06217996031046 303.94634451717138 140.86291526257992 107.94027887284756 27.818841323256493 36855.306991450489 12.429100289940832 24.824598133563999 5.2970807999372473 234.14927989244461 299.17494969069958 82.150871805846691
leaf_count=34 7020 2372 76 972 13540 600 111 947 151 61 257 530 11 362 863 188 437 143 315 200 51 124 332 74 27 69 476 242 454 30 156 1416 734 90 347 255 20 333 524 235 405 52 83041 53 107 6 505 430 277
internal_value=0.00230726 0.00276624 0.00923015 0.00252715 9.27871e-05 -0.00311951 0.00172218 0.0114845 0.000694871 -0.00202804 -0.0145542 -0.020086 -0.00705058 0.00709047 0.00238963 0.00235811 0.00897271 0.00220582 -0.00208872 -0.0261193 -0.00103356 -0.00360889 -0.0120146 -0.000283831 -0.00600413 -0.00233945 -0.0269616 -0.0039212 -0.0112666 0.00733148 -0.00321325 -0.0011322 0.013782 2.45863e-06 -0.0151953 -0.0135813 -0.0307924 -0.0186584 0.00661653 0.00101271 -0.0269616 -0.032458 0.00260418 0.0072878 4.60864e-05 -0.0399255 0.00492896 0.0132588 -0.0238191
internal_weight=52596.4 43566.6 1553.96 42012.7 9029.79 3038.83 5990.96 570.417 5420.54 2875.91 267.943 243.25 152.55 108.122 41353.2 41313 929.723 40383.3 3427.93 144.186 3283.74 2456.71 696.347 1760.36 1005.26 855.638 244.606 451.74 320.406 755.107 286.599 838.793 468.507 821.52 168.547 180.402 86.0308 253.941 827.029 523.083 149.619 135.759 36955.4 417.563 276.7 30.1217 246.578 749.406 105.52
internal_count=120055 96465 2448 94017 23590 8841 14749 1058 13691 8241 1221 1160 630 373 93045 93011 1730 91281 8097 515 7582 5824 1961 3863 2480 1996 808 1153 911 1383 619 1927 764 1853 437 463 275 787 1758 1234 484 457 83184 906 671 113 558 1293 328
is_linear=0
shrinkage=0.03


Tree=106
num_leaves=50
num_cat=0
split_feature=12 8 4 6 8 3 2 8 8 4 4 3 12 2 3 16 4 6 7 19 0 15 19 18 3 6 18 12 3 3 4 7 3 6 13 19 8 6 18 0 16 8 3 3 7 15 3 6 7
split_gain=55.8982 70.6796 61.0646 56.5651 65.1021 67.0582 58.1812 65.8833 78.9921 79.2274 75.4786 64.7121 60.6227 72.2955 103.022 62.1836 60.7984 65.7202 62.8108 90.0444 59.1526 79.9486 64.4316 62.2427 58.3733 58.0993 57.8939 57.57 80.3363 72.6522 54.5727 53.1108 52.6769 107.416 52.1468 73.3577 51.7401 50.9611 73.2295 81.127 72.2181 128.247 94.4996 62.0249 112.012 76.8372 57.7219 66.1627 56.2256
threshold=11.500000000000002 150010.00000000003 42642.000000000007 250377.60156250003 7800.6000976562509 4277.8449707031259 66119.742187500015 11700.800292968752 29476.799804687504 47985.736328125007 31397.075195312504 4359.2800292968759 17.500000000000004 13263.608398437502 2076.224975585938 1.5000000000000002 1041.372009277344 199999.89843750003 6224.1000976562509 62.500000000000007 2.5000000000000004 3.5000000000000004 14.500000000000002 4.5000000000000009 2776.620239257813 50000.099609375007 5.5000000000000009 28.500000000000004 4738.7331542968759 2162.538940429688 9321.4658203125018 6398.9001464843759 936.72500610351574 11396.800292968752 10.500000000000002 51.500000000000007 18998.100585937504 58896.099609375007 3.5000000000000004 4.5000000000000009 5.5000000000000009 9900.8999023437518 649.35000610351574 3696.2199707031255 6584.5000000000009 1.5000000000000002 4476.2353515625009 47049.000000000007 852.20001220703136
decision_type=2 2 2 2 2 2 2 2 2 2 2 2 2 2 2 2 2 2 2 2 2 2 2 2 2 2 2 2 2 2 2 2 2 2 2 2 2 2 2 2 2 2 2 2 2 2 2 2 2
left_child=1 37 -3 4 5 -2 7 11 12 10 27 -6 13 -9 15 -15 36 18 19 20 21 22 -18 -22 -20 -21 -12 28 32 -29 -14 -26 -10 -34 -8 -36 -16 38 39 -1 42 -42 -40 44 -43 46 -45 -48 -44
right_child=3 2 -4 -5 6 -7 34 8 9 -11 26 -13 30 14 16 -17 17 -19 24 25 23 -23 -24 -25 31 -27 -28 29 -30 -31 -32 -33 33 -35 35 -37 -38 -39 40 -41 41 43 48 45 -46 -47 47 -49 -50
leaf_value=0.0031146421227402571 -0.035909772215099452 0.0095837295450701566 -0.049171137275526293 -0.017803826507299239 0.012538519175961977 0.028899835976219711 0.0092691203481395559 -0.026112242563175396 0.023411797206342871 -0.027921226967615679 0.029102991890381544 -0.046245041400439307 -0.010707949155553575 -0.046665277571452876 0.029130199007097672 0.016680073083768756 -0.005334312533138842 -0.054080212693424265 -0.037627245829078115 0.058039889705174749 0.010751591023617451 0.009929832072236737 -0.037219694723470503 -0.053733593329625254 0.032802187842908066 -0.017436761592876812 -0.04060083451891517 -0.035597420051815036 -0.012719530466641675 0.015570430325252802 -0.04114298608151741 0.00082402866749425342 -0.04545552783187444 0.0012743229534628293 0.0015990104703558089 -0.063736906755577707 -0.0077626574826872895 0.0038392703434426811 -0.028164685234250461 -0.069891240855748674 0.015024247565577501 -0.0028791473463830887 0.032566419404629079 -0.044473435976790446 0.031817256225599173 -0.0026329603739364028 -0.033387588621389332 0.012692583995280634 0.0027448020561272155
leaf_weight=15060.1998302266 78.894160591065884 1534.2983199954033 16.086961172521114 156.24754752218723 471.59676252305508 17.568265825510025 958.23188669979572 108.31317067891359 94.487342298030853 83.225679770112038 128.55778748914599 17.479216739535332 581.72953198105097 14.585599184036253 79.839186996221542 318.69023685157299 76.176388576626778 26.921282708644867 30.644451566040516 24.751608997583389 96.880018457770348 55.584455013275146 227.01581876352429 15.647114872932432 54.576460137963295 14.589024871587752 11.700139068067072 26.825897917151451 406.15883297845721 361.86943205446005 58.341505106538534 325.671042162925 44.776827469468117 3920.9914669468999 56.585204638540745 21.283591277897358 59.866237476468086 15198.932141494006 88.624188341200352 13.711569741368292 367.52180802822113 5667.6739987209439 57.553986221551895 95.321707800030708 84.996880576014519 251.05142753571272 62.785196892917156 50.679239831864834 5009.7905667237937
leaf_count=32992 331 2372 76 416 1030 24 1810 466 211 500 304 84 1800 73 122 709 267 115 116 31 181 114 1013 66 78 50 73 99 1369 625 349 898 220 9656 131 95 164 29961 411 57 668 15709 70 482 114 698 349 145 12361
internal_value=0.00223843 0.00268367 0.00897408 8.97452e-05 0.000404944 -0.0241063 0.000674436 -0.000219538 -0.000938615 0.00110845 0.0015921 0.0104376 -0.00572989 -0.00248627 -0.000685974 0.0139078 -0.00515567 -0.00787723 -0.00652748 -0.0135531 -0.0171928 -0.0231449 -0.0292086 0.0017848 0.0022038 0.0300502 0.0232884 0.000965324 1.61739e-06 0.0120391 -0.0134821 0.00541381 0.00127415 0.000746704 0.00735054 -0.016259 0.013321 0.00245152 0.00166478 0.00304823 -0.000112143 -0.00219532 0.0025464 -0.003214 -0.0023665 -0.0138164 -0.0272637 -0.0128057 0.00308351
internal_weight=52585.5 43559.2 1550.39 9026.3 8870.06 96.4624 8773.59 7737.49 7248.42 5078.59 4995.37 489.076 2169.82 1529.75 1421.44 333.276 1088.16 948.458 921.536 510.644 471.304 358.777 303.192 112.527 410.892 39.3406 140.258 4855.11 4466.41 388.695 640.071 380.248 4060.26 3965.77 1036.1 77.8688 139.705 42008.8 26809.9 15073.9 11736 6580.03 5155.97 6212.51 5752.67 459.838 208.786 113.464 5067.34
internal_count=120055 96465 2448 23590 23174 355 22819 20783 19669 13057 12557 1114 6612 4463 3997 782 3215 2929 2814 1722 1641 1394 1280 247 1092 81 377 12180 11456 724 2149 976 10087 9876 2036 226 286 94017 64056 33049 31007 18165 12842 17497 15823 1674 976 494 12431
is_linear=0
shrinkage=0.03


Tree=107
num_leaves=50
num_cat=0
split_feature=11 12 9 11 2 1 6 2 18 6 19 12 7 9 9 2 12 2 2 9 6 13 2 10 9 15 2 10 6 9 18 19 3 3 3 2 6 7 2 3 7 1 3 9 1 7 10 7 1
split_gain=74.1038 63.2668 56.1774 59.0176 58.0489 53.3547 46.7221 57.5247 61.84 71.4525 68.3336 54.8391 52.6029 61.6785 72.5584 53.4735 53.6269 50.6706 118.297 58.3167 53.8273 68.222 51.4266 83.8619 81.906 63.8133 57.3919 51.0704 78.4746 62.8849 58.1854 65.4682 59.2937 58.0235 55.5382 51.9088 50.8786 49.9578 70.3641 49.0873 54.4462 48.4104 47.6096 54.7734 56.0207 60.8675 58.3829 47.5322 47.4373
threshold=2.5000000000000004 11.500000000000002 10485.500000000002 1.5000000000000002 7998.5000000000009 17.500000000000004 250377.60156250003 47193.765625000007 1.5000000000000002 104001.00000000001 54.500000000000007 14.500000000000002 3688.700073242188 5381.9001464843759 6997.4001464843759 14079.200195312502 30.500000000000004 13978.166503906252 10396.750000000002 7462.1000976562509 190049.00000000003 6.5000000000000009 42492.699218750007 17804.500976562504 5276.3000488281259 1.5000000000000002 45502.085937500007 15972.700195312502 30398.100585937504 2166.700073242188 4.5000000000000009 36.500000000000007 3168.116821289063 1749.5000000000002 5200.6091308593759 40529.666015625007 36946.500000000007 9658.8002929687518 85396.699218750015 2762.5786132812505 8665.3002929687518 1.5000000000000002 2640.200073242188 6997.4001464843759 13.500000000000002 6662.5000000000009 331361.70312500006 2828.500122070313 6.5000000000000009
decision_type=2 2 2 2 2 2 2 2 2 2 2 2 2 2 2 2 2 2 2 2 2 2 2 2 2 2 2 2 2 2 2 2 2 2 2 2 2 2 2 2 2 2 2 2 2 2 2 2 2
left_child=1 2 3 -1 -4 -5 7 8 9 10 11 -3 13 -13 -15 -14 48 18 -10 22 21 -21 27 24 25 -24 -25 -19 -29 30 31 -30 33 -32 36 -33 -31 -8 -39 40 -11 -9 -38 44 45 -44 -46 -43 -17
right_child=-2 6 4 5 -6 -7 37 41 17 39 -12 12 15 14 -16 16 -18 19 -20 20 -22 -23 23 26 -26 -27 -28 28 29 34 32 35 -34 -35 -36 -37 42 38 -40 -41 -42 47 43 -45 46 -47 -48 -49 -50
leaf_value=0.013413970804595618 0.012655596974026706 0.007559770787819965 -0.059366646445873257 0.0020473753197135691 0.0081783014850761934 0.010789500345660299 0.021430589615781519 -0.018121714271159928 -0.00010062163390790865 -0.016964313655323887 0.015087636011163133 -0.032666120671958274 0.044132002047086921 0.035990874821258227 -0.049292754882467933 -0.022465578352804615 0.026544761587388045 -0.0032873289862433079 -0.036258325693155159 -0.026032265425465433 0.027963813228921754 0.0032283734717222959 -0.035557551658556112 -0.053075919817751005 0.026793263879693267 0.0098152493336864863 -0.011492052883919157 0.032332961434090556 -0.047745291033838913 -0.04906843781534171 -0.050616463746221453 -0.016907760450923629 -0.04558602215348654 0.015775206923611437 0.055586838295995943 0.042628447071377744 0.015697844785445555 -0.058863690113381537 -0.010071742172441741 -0.025821013398021921 0.040722478868614458 -0.047801592372122684 -0.010769921034178825 0.036310429448345671 -0.028939330667911694 0.018397275872433463 0.048857224331774307 0.0047878010911952349 6.4555641669687702e-05
leaf_weight=425.52552401274443 599.88340596109629 642.74095994234085 11.525789991021155 40319.209246519953 1769.135406062007 638.26680040359497 25.923590183258057 88.33501211553812 200.00147956609726 35.191904857754707 430.33585607260466 106.22866942733526 23.376476086676121 29.582250863313675 12.890859469771383 112.93365757167339 51.910948134958744 1928.9574003592134 137.36886322125793 237.80930724367499 25.520586758852005 102.67607501894236 63.517716370522976 61.246323108673096 64.163590371608734 49.746083356440067 58.308218486607075 85.595091313123703 56.496712125837803 14.871908165514467 12.985335037112234 78.477077104151249 19.584486275911331 135.18153561651707 20.783444322645664 15.840600609779356 315.34922954440117 37.442479610443115 91.869465336203575 123.22481073439121 25.319150269031525 15.562748000025747 125.69947656989098 34.310806170105934 95.209659993648529 132.02805027365685 9.5528286546468717 2540.2213693484664 329.51322784274817
leaf_count=615 919 1545 48 91068 3202 945 30 351 659 98 783 442 47 44 58 478 83 6032 632 866 26 237 257 272 96 112 171 137 264 72 64 246 96 286 32 17 603 161 219 408 20 86 365 43 316 272 5 5402 825
internal_value=0.00217187 0.00205085 0.00252359 0.00229909 0.0077411 0.00218361 -0.000266891 2.59065e-05 -0.00159768 0.00283736 0.00471665 0.00130764 -0.0047222 -0.0204491 0.0101068 -0.000205189 -0.00230174 -0.00368763 -0.0148231 -0.00268419 -0.0140587 -0.0172085 -0.00145172 -0.0133742 -0.000288074 -0.0156296 -0.032795 -0.000302468 0.00469566 0.00247728 -0.00868454 -0.0222065 0.0034722 0.00995665 0.00723222 -0.00690869 0.0058499 -0.0165795 -0.0241995 -0.0149548 0.0071731 0.00371291 0.00699677 8.17639e-05 -0.00334739 0.00417178 -0.0218454 0.00446757 -0.00568621
internal_weight=52567.4 51967.5 43163.7 41383 1780.66 40957.5 8803.89 8648.65 6004.53 1923.25 1739.51 1309.18 666.436 148.702 42.4731 517.734 494.358 4081.28 337.37 3743.91 366.006 340.485 3377.91 296.982 177.427 113.264 119.555 3080.92 1151.97 1066.37 318.566 150.814 167.751 148.167 747.805 94.3177 727.022 155.236 129.312 183.736 60.5111 2644.12 712.15 396.801 362.49 257.728 104.762 2555.78 442.447
internal_count=120055 119136 95878 92628 3250 92013 23258 22848 17009 4831 4305 3522 1977 544 102 1433 1386 12178 1291 10887 1129 1103 9758 908 465 369 443 8850 2818 2681 973 527 446 350 1708 263 1676 410 380 526 118 5839 1604 1001 958 637 321 5488 1303
is_linear=0
shrinkage=0.03


Tree=108
num_leaves=50
num_cat=0
split_feature=11 4 10 10 8 9 8 9 3 11 19 19 3 2 9 8 9 2 8 8 3 8 8 19 2 10 4 3 9 3 18 16 2 18 3 9 16 8 16 1 8 18 8 3 2 3 19 3 3
split_gain=69.9651 53.1324 61.5801 55.607 53.4799 57.9208 51.2595 59.9584 55.0174 53.71 51.2049 47.4563 44.924 45.3276 41.3562 119.794 70.7274 80.9981 76.3135 87.6485 82.6198 112.47 98.903 93.3345 91.5759 93.7388 87.7352 80.8195 67.2561 74.8937 66.3367 59.7387 82.0765 75.0748 59.2975 55.2448 65.898 66.2609 54.309 73.7498 64.6181 97.792 56.2636 53.8839 52.2817 59.3321 51.9265 50.6937 119.188
threshold=2.5000000000000004 9321.4658203125018 169298.39843750003 130819.40234375001 11958.800292968752 1397.9000244140627 159995.00000000003 7196.8000488281259 4076.2583007812505 1.5000000000000002 8.5000000000000018 6.5000000000000009 6743.3000488281259 83500.097656250015 1343.100036621094 26397.500000000004 956.70001220703136 48148.000000000007 17396.900390625004 16808.400390625004 2748.8200683593755 9563.8999023437518 8528.1000976562518 37.500000000000007 14490.500000000002 2208.2980957031255 19.818000793457035 1712.9381103515627 1236.3000488281252 1135.799987792969 3.5000000000000004 7.5000000000000009 46533.880859375007 5.5000000000000009 1.0000000180025095e-35 1193.3000488281252 5.5000000000000009 18796.100585937504 9.5000000000000018 2.5000000000000004 11507.000000000002 1.0000000180025095e-35 14798.399902343752 3424.9699707031255 34507.121093750007 1551.216735839844 47.500000000000007 1135.799987792969 1869.049987792969
decision_type=2 2 2 2 2 2 2 2 2 2 2 2 2 2 2 2 2 2 2 2 2 2 2 2 2 2 2 2 2 2 2 2 2 2 2 2 2 2 2 2 2 2 2 2 2 2 2 2 2
left_child=1 6 3 4 10 -6 9 -8 -9 -1 -3 -10 13 -7 15 16 34 18 19 20 23 22 46 47 25 -25 -26 -20 43 -30 -29 32 -23 -33 -11 36 -32 -38 40 42 41 -36 -40 -19 -28 -46 -22 -18 -49
right_child=-2 2 -4 -5 5 12 7 8 11 14 -12 -13 -14 -15 -16 -17 17 28 27 -21 21 31 -24 24 26 -27 44 30 29 -31 35 33 -34 -35 38 -37 37 -39 39 -41 -42 -43 -44 -45 45 -47 -48 48 -50
leaf_value=0.012630211678474222 0.012306477690877695 0.043520840929272046 0.018202195941327139 -0.053653928629177047 -0.023029575127334712 -0.0031275170626513982 -0.029508493046603593 0.01261539543360931 -0.051461276072792009 -0.053310028049969115 0.0049820097824005037 0.0026809531468387198 -0.035880250367695286 0.017711529762717948 0.002239233703065772 -0.026924696316772603 0.012465550656470271 -0.040010184392035679 -0.017010103436165699 -0.054948591920053448 0.0012501257565334294 -0.02896160589854857 0.036812782773110612 0.0012916629058114929 -0.060790161903612722 -0.062258726637294697 0.02251563600423466 0.019468452375752818 0.035397962715012304 -0.051097191196729772 -0.05168903433816445 -0.0018460360652581213 0.032287220350725267 -0.051475770972549684 -0.033118528547374973 0.011599429764751309 0.019264218538765025 -0.030453706999386036 -0.050762185275841455 0.0022733268220398646 0.017408600517019798 0.0065285486487398278 0.0070100888149567438 -0.0026559331447872534 0.030169292548073528 -0.066868787910919644 -0.054155516131179741 -0.036228456949261544 -0.00080169179792935572
leaf_weight=426.81859721243382 598.41683505475521 37.711634740233421 129.41014237701893 19.352391555905342 134.18486313894391 2193.0496368296444 38.841868072748184 1004.2163657844067 14.907990440726278 15.403084322810171 175.07940708100796 642.94201838970184 36.282180842012167 98.143825642764568 42227.965607386082 151.8490452170372 95.17320305109024 41.62365896999836 108.08032630383968 29.960771650075912 95.12223419547081 312.39480183273554 74.925089687108994 111.0428050532937 12.486917451024054 25.729644015431404 390.02357219159603 370.14325661957264 10.313873797655104 71.243723660707474 31.885834395885468 276.81550326943398 21.015559375286102 30.449138447642326 60.938506200909615 174.78824107348919 56.227391436696053 42.256094843149185 47.28027868270874 280.44567470252514 479.45534875243902 689.74681214243174 22.340276688337326 210.62602157145739 10.152906388044359 12.845781043171881 18.124575719237328 124.52446787804365 272.51935422420502
leaf_count=624 919 50 211 85 614 7679 108 1467 65 65 506 1151 190 202 95122 549 176 142 306 129 226 1091 91 231 53 109 488 611 9 280 140 668 22 131 203 375 102 154 182 592 807 1369 42 499 9 54 78 438 641
internal_value=0.00210711 0.00198964 -0.00201255 -0.00298366 -0.00261701 -0.00386428 0.0022196 0.00733663 0.00819769 0.00203611 0.011812 0.001454 -0.00275936 -0.00223487 0.00193991 -0.000705504 0.000155125 -0.0025365 -0.000810919 -0.00404016 -0.0032303 -0.0103177 0.0100736 0.00234044 0.0106911 -0.0106634 0.0175551 0.00707609 -0.0164767 -0.0401589 0.010931 -0.0163067 -0.025101 -0.00676422 0.00526724 0.000575499 -0.0142045 -0.00206814 0.00583822 -0.00458741 0.00880509 0.00331011 -0.0322239 -0.00881975 0.0199238 -0.0240308 -0.00761727 -0.0071989 -0.0119126
internal_weight=52555.3 51956.9 2823.21 2693.8 2674.45 2461.66 49133.6 1700.91 1662.07 47432.7 212.791 657.85 2327.48 2291.19 47005.9 4777.95 4626.1 3030.49 2696.69 1913.31 1883.35 828.847 188.172 1054.5 562.282 136.772 425.509 783.381 333.807 81.5576 675.301 640.675 333.41 307.265 1595.61 305.158 130.369 98.4835 1580.21 350.066 1230.14 750.685 69.6206 252.25 413.022 22.9987 113.247 492.217 397.044
internal_count=120055 119136 9537 9326 9241 8685 109599 2791 2683 106808 556 1216 8071 7881 106184 11062 10513 7253 6323 4635 4506 2307 395 2199 944 340 604 1688 930 289 1382 1912 1113 799 3260 771 396 256 3195 816 2379 1572 224 641 551 63 304 1255 1079
is_linear=0
shrinkage=0.03


Tree=109
num_leaves=50
num_cat=0
split_feature=11 12 9 2 1 11 4 6 2 7 7 2 9 1 7 17 13 13 9 7 7 7 3 4 3 3 3 13 3 1 9 16 9 6 3 12 2 13 3 6 2 15 7 7 2 16 3 2 16
split_gain=66.0563 59.4146 51.4994 54.8498 53.0735 49.5008 44.1626 44.1061 54.0922 56.383 47.0364 66.7835 45.9687 45.7844 45.2449 42.6566 55.1069 42.4227 41.1678 44.5009 44.7806 40.6622 40.4869 39.2118 39.6482 51.4357 62.1374 52.871 71.649 38.3451 38.221 86.3513 68.9211 61.0156 67.1147 47.561 49.963 51.529 47.1367 47.0639 70.5265 58.2998 75.4114 69.2992 67.6937 60.415 51.783 50.3264 45.3851
threshold=2.5000000000000004 11.500000000000002 10485.500000000002 7998.5000000000009 17.500000000000004 1.5000000000000002 50912.408203125007 250377.60156250003 47193.765625000007 852.20001220703136 9658.8002929687518 85396.699218750015 1906.100036621094 1.5000000000000002 2828.500122070313 2019.5000000000002 15.500000000000002 18.500000000000004 12298.100097656252 3288.900024414063 3636.700073242188 4084.700073242188 1800.330017089844 47985.736328125007 1749.5000000000002 2791.033325195313 2503.256469726563 9.5000000000000018 1766.9224853515627 18.500000000000004 829.70001220703136 9.5000000000000018 1343.100036621094 22463.000000000004 2503.256469726563 10.500000000000002 60666.802734375007 3.5000000000000004 5607.1000976562509 156387.00000000003 48148.000000000007 2.5000000000000004 2858.3000488281255 2500.900024414063 32178.869140625004 6.5000000000000009 4051.8332519531255 36077.533203125007 11.500000000000002
decision_type=2 2 2 2 2 2 2 2 2 2 2 2 2 2 2 2 2 2 2 2 2 2 2 2 2 2 2 2 2 2 2 2 2 2 2 2 2 2 2 2 2 2 2 2 2 2 2 2 2
left_child=1 2 4 -4 5 -1 18 8 9 12 -9 -12 -3 15 -15 16 -10 -16 -5 22 -21 -22 -20 30 -25 26 27 28 -26 -13 31 -7 35 -33 -35 36 38 -38 -32 40 41 42 43 45 -43 -37 -44 -48 -36
right_child=-2 7 3 6 -6 23 -8 10 13 -11 11 29 -14 14 17 -17 -18 -19 19 20 21 -23 -24 24 25 -27 -28 -29 -30 -31 32 33 -34 34 48 39 37 -39 -40 -41 -42 44 46 -45 -46 -47 47 -49 -50
leaf_value=0.012343630261421634 0.011966917009901819 -0.01951601772400155 -0.057962879914775091 0.012373009062937305 0.010716230693935626 0.012543576466664076 -0.044967051681650091 0.020825893386741869 -0.043189206554312305 -0.0019810283261333396 -0.057455749840678687 -0.0036876478555658348 0.031591135039452233 -0.047152078689509332 0.0048561502749649857 0.0090450145250702309 0.065329616079542102 -0.051110814455671207 -0.0026473195054328913 0.038710321920059895 -0.06627160617431363 0.0042585344235013308 -0.054106074760569188 -0.029763673513992984 0.096449907183860761 -0.019773812734180711 0.045577779654758552 0.0477057174383431 -0.039364936029450119 -0.070896542983709912 0.0014217189822643751 -0.061185497543694532 0.0022467795845776163 0.017755508590640106 -0.0088771065137833831 -0.022994127461553625 0.023755061596926152 -0.028440872089338109 -0.051262753670762211 0.020075532074456483 -0.038334307892961314 -0.0052166181095573711 -0.03103484672345978 0.02247118258061611 0.024218384004427548 0.026860146021137652 -0.043341689172008452 0.0317476770127679 -0.057966045152009676
leaf_weight=415.23069362342358 596.95740208029747 19.939658716320992 11.483717292547224 969.14973390847445 644.34009847044945 737.22089507430792 14.152746275067328 25.769561842083931 50.028774030506611 5900.615207683295 37.241044968366623 83.526783645153046 77.02974858880043 15.303778473287819 2526.8257893323898 33.246412441134453 4.5986352264881125 12.248352967202662 36.554562345147133 34.112214460968971 7.4369322359561911 682.02382647246122 22.067860528826714 67.485670156776905 3.9078162759542456 78.375443875789642 33.595216237008572 11.86732856929302 33.164585545659065 8.4092847853898984 2228.1616479530931 19.414034992456436 35825.23409204185 66.943489789962769 61.431025967001915 114.29284169524908 20.721115559339523 95.363666340708733 15.389546960592268 51.825983159244061 69.672822415828705 315.92549008131027 214.08366646617651 73.445085465908051 90.449170559644699 27.055397555232048 11.861480198800562 24.888637706637383 23.410414904356003
leaf_count=610 919 85 48 1583 950 1272 75 30 268 16778 161 183 146 86 5344 80 3 58 75 30 32 1327 80 489 5 369 66 32 205 36 4860 81 80256 101 152 390 22 298 70 79 260 802 777 123 117 48 60 38 96
internal_value=0.00204431 0.00193029 0.00238833 0.00738924 0.00217354 0.0020384 0.00781432 -0.000317093 -3.25834e-05 -0.00160814 -0.0161813 -0.0235639 0.0210821 0.00354374 0.00427619 -0.0177477 -0.0340539 0.00458617 0.00824085 0.00312106 0.00515782 0.00349775 -0.0220185 0.00193226 -0.0104629 -0.00236815 0.0141603 -0.00740654 -0.0250486 -0.00983517 0.00200288 0.00808636 0.00186183 -0.0111074 -0.0047022 -0.00225102 6.73471e-05 -0.0191239 0.00106033 -0.00775732 -0.00928913 -0.00696842 -0.0142151 -0.00116835 0.0013349 -0.0134515 -0.0253873 0.00751181 -0.0224223
internal_weight=52543.5 51946.5 43151.7 1776.98 41374.8 40730.4 1765.5 8794.78 8639.84 5997.58 154.947 129.177 96.9694 2642.25 2554.38 87.8738 54.6274 2539.07 1751.35 782.195 723.573 689.461 58.6224 40315.2 228.396 160.91 82.5349 48.9397 37.0724 91.9361 40086.8 908.42 39178.4 171.199 151.785 3353.14 2359.64 116.085 2243.55 993.501 941.675 872.002 465.627 214.793 406.375 141.348 250.834 36.7501 84.8414
internal_count=120055 119136 95878 3250 92628 91678 3202 23258 22848 17009 410 380 231 5839 5488 351 271 5402 3127 1544 1389 1359 155 91068 1166 677 308 242 210 219 89902 1702 88200 430 349 7944 5250 320 4930 2694 2615 2355 1436 561 919 438 875 98 248
is_linear=0
shrinkage=0.03


Tree=110
num_leaves=50
num_cat=0
split_feature=19 8 16 9 19 15 2 19 9 4 4 8 8 2 1 10 18 1 9 1 8 3 9 9 3 1 8 1 4 4 8 9 8 9 3 2 12 4 8 18 4 15 8 18 2 19 4 2 8
split_gain=46.7925 56.0025 78.7951 72.3627 69.9021 73.3132 54.8767 54.8102 89.0529 65.2975 58.0464 55.9602 52.5478 50.1457 49.4615 48.4986 51.1229 47.85 67.4038 84.7642 59.0528 58.2321 50.5926 76.9605 95.2754 69.6395 50.1451 47.1312 79.7308 48.5303 46.9018 46.8253 125.69 92.5947 54.289 192.185 89.9822 84.8817 66.5625 59.8946 53.7299 53.2795 67.838 50.0958 55.7614 49.0547 66.3437 54.3964 53.1048
threshold=53.500000000000007 25998.299804687504 3.5000000000000004 2512.900024414063 66.500000000000014 1.5000000000000002 3785.5000000000005 50.500000000000007 868.89999389648449 23393.000000000004 35649.171875000007 57979.000000000007 49999.000000000007 15732.375000000002 6.5000000000000009 114.57999801635744 2.5000000000000004 6.5000000000000009 1172.600036621094 2.5000000000000004 9198.8002929687518 1712.9381103515627 2831.099975585938 2182.900024414063 3854.9580078125005 5.5000000000000009 16237.000000000002 5.5000000000000009 4316.4792480468759 9321.4658203125018 119036.90234375001 1343.100036621094 25648.700195312504 956.70001220703136 1397.2333984375002 10966.482910156252 17.500000000000004 40751.919921875007 16652.900390625004 1.5000000000000002 35.007001876831062 3.5000000000000004 120015.50000000001 4.5000000000000009 7557.5000000000009 41.500000000000007 3807.145385742188 40529.666015625007 13578.600097656252
decision_type=2 2 2 2 2 2 2 2 2 2 2 2 2 2 2 2 2 2 2 2 2 2 2 2 2 2 2 2 2 2 2 2 2 2 2 2 2 2 2 2 2 2 2 2 2 2 2 2 2
left_child=7 17 6 14 13 15 -3 31 -9 27 12 -12 -11 -5 -4 -6 -17 18 -2 20 -20 -19 23 24 -21 26 -24 -10 -29 -30 -7 32 33 40 36 39 37 38 -33 41 -1 42 -36 44 -41 -35 -47 -48 -49
right_child=1 2 3 4 5 30 -8 8 9 10 11 -13 -14 -15 -16 16 -18 21 19 22 -22 -23 25 -25 -26 -27 -28 28 29 -31 -32 34 -34 45 35 -37 -38 -39 -40 43 -42 -43 -44 -45 -46 46 47 48 -50
leaf_value=-0.036663740142355079 0.010252785274965426 -0.056065564802250757 0.037567680806041247 0.0080851122945144582 0.011597487805996173 -0.040892824354157163 0.0066323851837783157 -0.044891365859833575 -0.0052407534146098941 0.047558243294473682 -0.04012898451725791 0.016978956205231641 -0.0071843446401883898 -0.055030843882987998 -0.025052716211103637 -0.038810431549415707 0.0025363105353900786 0.024908968750176945 -0.056538746269023471 -0.0093125042665384017 0.0052032515812945393 0.0032514074336856039 -0.0062239814781337071 0.0047235662119619109 -0.049833456690346764 0.0090224539314816103 -0.04874597944896706 -0.018733209269660423 0.0081354729372602672 -0.027518620293468764 0.0021549447618915319 0.017527590434407856 -0.028803260557089736 -0.0061143130188079488 -0.039024447486940589 0.0022700676655290578 -0.034659067153506279 -0.028467629319986556 0.0054760919362084022 -0.023958140714913857 0.0068178657327301754 0.0042511247762517497 0.021722566762366943 -0.019061237467823837 0.0038515721942970465 -0.041323904936358888 0.0092938861435930293 -0.058998368541200365 -0.0024687487992068988
leaf_weight=26.064060598611832 343.02518901973963 12.590718954801558 51.704921625554562 15.006967000663279 188.97991698235273 70.218147914856672 5895.2668923549354 43.463465891778469 1995.6200932711363 63.843332394957542 23.917231298983097 43.584800563752651 20.963342308998108 46.227634102106094 14.545769356191157 43.382656499743462 70.896993920207024 128.01716739684343 14.23368890583515 540.97938222438097 680.06611670553684 878.45630776882172 35.205044731497765 335.50866850465536 57.803252533078194 40.631642624735832 85.769641190767288 131.05048757046461 759.09955161064863 35.987607732415199 33.716415554285049 519.77920170128345 143.12193022668362 1847.4027448557317 160.09349004924297 32313.847001098096 47.220853921025991 58.903144627809525 1997.8463814333081 79.984682939946651 1368.286140628159 43.582183226943016 18.451886609196663 219.21111897751689 343.8672339618206 28.160387322306633 513.48314683884382 20.668322913348675 54.117536067962646
leaf_count=95 639 53 80 31 468 340 10756 169 5122 89 152 114 66 215 49 178 178 153 61 1435 1440 1664 88 721 233 75 373 348 1296 124 78 870 570 4954 611 74855 233 444 4561 258 2814 79 26 794 772 102 1001 89 128
internal_value=0.00200413 0.00389961 0.00550066 -0.00552769 -0.00967824 -0.00518414 0.00649876 0.00158096 -0.00224968 -0.00164678 0.0175034 -0.00325545 0.0340264 -0.0395628 0.023819 0.00226806 -0.0131597 0.000614296 -0.00192961 -0.00426392 0.00393749 0.00600611 -0.00945988 -0.00677905 -0.0132242 -0.0249585 -0.0363716 -0.00264507 0.00294806 0.00652168 -0.0269281 0.00188099 -0.00119692 -0.000172842 0.00222497 0.00189646 0.00637919 0.00713131 0.0079642 -0.0120572 0.00600508 -0.0254874 -0.0327465 -0.00741808 -0.00139637 -0.0036691 0.00365907 0.0058124 -0.0180917
internal_weight=52503.9 9582.23 6442.54 534.679 468.429 407.194 5907.86 42921.6 3117.53 3074.07 152.309 67.502 84.8067 61.2346 66.2507 303.26 114.28 3139.7 2133.22 1790.2 694.3 1006.47 1095.9 934.291 598.783 161.606 120.975 2921.76 926.138 795.087 103.935 39804.1 4001.3 3858.18 35802.8 33179 2623.75 2576.53 2517.63 865.191 1394.35 222.128 178.545 643.063 423.852 2463.83 616.429 588.269 74.7859
internal_count=120044 19308 12426 1617 1488 1242 10809 100736 7480 7311 421 266 155 246 129 824 356 6882 5065 4426 1501 1817 2925 2389 1668 536 461 6890 1768 1420 418 93256 9753 9183 83503 77395 6108 5875 5431 2540 2909 716 637 1824 1030 6274 1320 1218 217
is_linear=0
shrinkage=0.03


Tree=111
num_leaves=50
num_cat=0
split_feature=13 16 13 8 9 10 12 19 19 13 8 8 6 7 10 13 6 8 12 7 0 10 3 6 13 6 13 10 8 9 3 7 8 15 7 8 9 13 7 19 7 7 9 6 7 10 6 7 7
split_gain=62.8015 50.1147 76.793 66.1765 68.0042 57.0383 65.8069 55.6843 76.7621 70.701 69.67 69.951 66.8797 68.0692 62.2485 62.2016 58.4727 80.8795 71.4894 79.3174 74.9919 62.9675 62.4993 58.9569 58.8267 63.3854 58.2468 57.3953 55.0914 79.7867 86.6145 67.434 82.972 54.3019 53.3823 52.6141 56.0328 76.9104 64.3793 51.5263 98.658 78.9392 73.4244 54.4241 59.4992 53.2145 51.2723 51.0654 60.1986
threshold=4.5000000000000009 5.5000000000000009 17.500000000000004 10798.100097656252 1172.600036621094 3313.700073242188 9.5000000000000018 37.500000000000007 50.500000000000007 13.500000000000002 23999.799804687504 27998.100585937504 31671.700195312504 15145.300292968752 188081.76562500003 6.5000000000000009 82569.000000000015 15999.899902343752 9.5000000000000018 6927.1000976562509 2.5000000000000004 41588.599609375007 4899.5668945312509 67999.000000000015 8.5000000000000018 58019.400390625007 12.500000000000002 47701.701171875007 9900.8999023437518 1295.100036621094 4507.1193847656259 9163.7001953125018 20606.000000000004 2.5000000000000004 21883.100585937504 9998.1000976562518 916.10000610351574 5.5000000000000009 1998.9000244140627 44.500000000000007 5353.9001464843759 5993.9001464843759 1576.9000244140627 35592.099609375007 1194.5000000000002 15772.963378906252 99996.902343750015 7501.0002441406259 5843.1000976562509
decision_type=2 2 2 2 2 2 2 2 2 2 2 2 2 2 2 2 2 2 2 2 2 2 2 2 2 2 2 2 2 2 2 2 2 2 2 2 2 2 2 2 2 2 2 2 2 2 2 2 2
left_child=-1 3 7 4 -2 -4 -7 9 16 28 -11 -12 15 14 -14 -10 17 -9 20 21 47 39 -21 -22 25 -23 -18 -27 -3 30 31 32 35 -5 -35 -30 38 -38 -37 41 45 42 -20 44 -44 -41 -13 48 -19
right_child=1 2 5 33 -6 6 -8 8 12 10 11 46 13 -15 -16 -17 26 18 19 22 23 24 -24 -25 -26 27 -28 -29 29 -31 -32 -33 -34 34 -36 36 37 -39 -40 40 -42 -43 43 -45 -46 -47 -48 -49 -50
leaf_value=0.0056589959741643906 0.0031244002209492466 0.0084574836248524129 -0.038951403364100502 0.0018989798611145792 -0.010122313199292375 0.022861356867036161 -0.046658297219748311 0.0074252665183151337 -0.011479508510215838 -0.046594777397424417 0.093080891277041639 -0.011304819464609914 0.00043478291009468406 -0.059052336407327176 -0.062181446806421889 -0.050211494808041351 0.0070071415994843542 0.00084499452221727242 -0.048354500528528514 -0.049206642114327466 0.0062668096661671335 0.022866470850593481 -0.0033597627163964557 0.030833672527934484 0.041005248134865793 0.03554455610875288 -0.014212744543232575 -0.044042983084722626 -0.052144742515666892 -0.00048281851234821597 -0.049175841401363447 0.03022682639022178 -0.046809288829521692 0.0051136303402670065 -0.044571321156338557 -0.055847190657022205 0.038895663226408445 -0.014228167865287449 0.013066888024565241 -0.015002013576780229 0.013623287376106928 -0.049948677216863344 0.026052736205162526 0.0089325239286032823 -0.018957085923964279 -0.053355019632996131 0.045526409256539183 0.015737466653856273 -0.016337606062940522
leaf_weight=3799.6961356401443 681.24559144675732 565.07593415677547 76.210545603185892 13337.995831035078 714.71040195971727 38.632094137370586 17.947881035506725 1696.1022348999977 179.31790025532246 10.23628009855747 15.722711782902477 24.497315548360348 986.89717504382133 18.176007308065891 14.498790204524992 47.123355999588966 3382.5928567796946 3826.9950787723064 25.289902649819851 63.989428225904703 266.22574973106384 55.417212292551994 45.996921490877867 131.26761317253113 50.847736030817032 10.705767408013342 120.56986792385578 34.228705815970898 22.504159726202488 11479.627308294177 48.371349535882473 39.827684808522463 50.867173254489899 8224.9396676830947 19.508266285061836 13.112539462745188 26.01790164411068 428.09790167957544 175.3806446492672 472.48914542794228 110.61335740983486 27.594704918563366 32.457112520933151 482.57477325201035 142.40421082824469 34.968870304524899 34.280279077589512 195.09522396326065 192.74859521538019
leaf_count=6309 1474 1140 381 32094 1910 67 92 3439 498 50 12 86 2379 80 61 215 6139 9102 121 307 449 79 160 115 52 15 346 130 96 28861 224 53 244 16564 74 57 25 1283 326 1662 236 130 59 1176 507 162 26 385 592
internal_value=0.00194437 0.0016545 0.000744681 0.00267261 -0.00365774 -0.0220102 0.000808847 0.000862802 0.00227825 -0.000521297 0.0267918 0.0368751 -0.00479162 -0.00151613 -0.000471811 -0.0195398 0.0030509 0.00162005 3.24367e-05 -0.0054541 0.0019233 -0.003627 -0.0300332 0.0143797 0.0147171 0.00139702 0.00627681 -0.025081 -0.000701423 -0.00112275 -0.0102577 -0.00776699 -0.00988046 0.00308206 0.00499606 -0.00705618 -0.00547718 -0.0111845 0.00827288 -0.00571495 -0.012049 -0.000203515 0.00180711 0.0037367 -0.0106025 -0.0176449 0.0218403 0.000748556 2.10808e-05
internal_weight=52491.7 48692 25713.6 22978.4 1395.96 132.791 56.58 25580.8 12647.2 12933.6 84.7366 74.5003 1246.01 1019.57 1001.4 226.441 11401.2 7898.01 6201.91 1589.58 4612.33 1479.59 109.986 397.493 151.199 100.352 3503.16 44.9345 12848.9 12283.8 804.179 755.808 715.98 21582.4 8244.45 665.113 642.609 454.116 188.493 1328.39 618.071 710.321 682.726 657.436 174.861 507.458 58.7776 4214.84 4019.74
internal_count=120044 113735 61619 52116 3384 540 159 61079 28596 32483 174 124 3233 2520 2440 713 25363 18878 15439 4796 10643 4329 467 564 276 224 6485 145 32309 31169 2308 2084 2031 48732 16638 1787 1691 1308 383 4053 2060 1993 1863 1742 566 1824 112 10079 9694
is_linear=0
shrinkage=0.03


Tree=112
num_leaves=50
num_cat=0
split_feature=13 16 13 8 3 3 10 12 19 19 2 13 8 8 10 2 8 10 8 1 3 2 13 3 3 2 3 8 2 6 2 13 8 8 2 12 18 1 8 0 6 16 6 2 2 3 3 8 3
split_gain=59.2277 47.1367 72.9625 62.2679 55.9781 69.3126 54.7301 62.5613 52.4305 72.2776 97.202 66.2141 65.4676 61.2171 59.2643 58.6546 137.801 115.031 115.537 59.1662 59.3425 58.3365 57.439 56.2708 52.723 54.6069 52.7116 51.8258 50.9384 48.3081 47.9798 47.3609 79.8072 57.5248 60.3663 47.3555 46.5701 53.567 46.3253 52.9181 46.0162 68.7546 51.4409 53.2532 43.1237 56.5383 69.2696 64.1738 55.1341
threshold=4.5000000000000009 5.5000000000000009 17.500000000000004 10798.100097656252 1397.2333984375002 2033.631286621094 3313.700073242188 9.5000000000000018 37.500000000000007 50.500000000000007 18499.250000000004 13.500000000000002 23999.799804687504 27998.100585937504 188081.76562500003 32178.869140625004 42176.500000000007 9272.0000000000018 47998.201171875007 3.5000000000000004 1749.5000000000002 28800.066406250004 12.500000000000002 649.35000610351574 1712.9381103515627 6026.7333984375009 4978.1000976562509 9900.8999023437518 73747.703125000015 99996.902343750015 31111.534179687504 5.5000000000000009 13978.200195312502 21578.200195312504 18293.166992187504 9.5000000000000018 1.5000000000000002 8.5000000000000018 23999.799804687504 1.5000000000000002 63982.000000000007 2.5000000000000004 23005.000000000004 12050.125000000002 6603.0000000000009 1693.850036621094 649.35000610351574 38999.000000000007 2422.0070800781255
decision_type=2 2 2 2 2 2 2 2 2 2 2 2 2 2 2 2 2 2 2 2 2 2 2 2 2 2 2 2 2 2 2 2 2 2 2 2 2 2 2 2 2 2 2 2 2 2 2 2 2
left_child=-1 3 8 4 -2 40 -4 -8 11 15 24 27 -13 -14 26 16 -10 18 -18 -19 -21 -22 -17 -20 35 -26 -12 -3 -7 -15 -23 32 -29 -34 -35 -11 37 -25 -24 -40 41 -6 43 -43 45 46 -5 -48 -46
right_child=1 2 6 44 5 28 7 -9 9 10 14 12 13 29 -16 22 17 19 23 20 21 30 38 36 25 -27 -28 31 -30 -31 -32 -33 33 34 -36 -37 -38 -39 39 -41 -42 42 -44 -45 48 -47 47 -49 -50
leaf_value=0.0054963873629658459 0.010922430951145871 0.0082011982601577008 -0.038327648132885084 -0.039338377511349935 -0.057366680026880709 -0.001818566955607551 0.022149734358770899 -0.045987961810216603 0.0040117405433785676 -0.029739238781781058 0.0016806374103696417 -0.045919798214403902 0.086902149989646529 -0.010990002798458569 -0.059823939089865344 0.005996966955244455 -0.034784005949808704 0.021283121163265955 -0.051485193979822992 -0.057299168856507064 0.0094856684691542962 -0.063405274432866393 -0.050339353786641859 -0.02010042599569219 0.047453824455182453 -0.053048491069473729 -0.020038385592953623 -0.061818892760983353 -0.042173657311139472 0.044225830964609546 0.00200396096576673 -0.0013786755583070679 0.034603691603135513 -0.055571887041580947 0.0098033276762587718 0.014873639647195574 -0.0028624282263343816 0.020203905103417619 -0.036365467206175173 0.0048283500812187751 0.0088315171674369086 -0.036114689364287501 -0.043344228141499436 0.023598903478026359 0.0057454450837503635 -0.049513408092075627 0.012185543370519141 -0.026804008910419046 0.0022478862473545433
leaf_weight=3794.8206460848451 205.19895958900452 565.24966029822826 75.143496852368116 42.14074943959713 53.742809057235718 980.3555951192975 38.676353171467781 17.667453810572624 4395.9344709888101 50.891053304076195 958.08534049987793 10.077543169260023 16.325603343546391 24.443910419940948 15.425628393888472 4843.1027221083641 145.32588518410921 180.90569664537907 24.790242880582809 15.929179619997738 191.12823185324669 19.881096124649048 23.880454555153847 286.44564108550549 5.2514323741197577 66.226765930652618 112.36483847349882 12.969569116830824 28.983072221279144 34.230419367551804 20.50068387389183 11991.83682140708 86.479774609208107 13.702204443514345 175.88703823834658 36.969737842679024 1062.2173722311854 33.108433365821838 37.296494670212269 113.40489015728235 33.116929970681667 20.840361937880516 35.512061901390553 37.85920387506485 5451.0457946658134 27.582041665911674 158.41297702491283 49.979977190494537 15853.539893690497
leaf_count=6309 395 1140 381 166 232 2330 67 92 9891 165 2274 50 12 86 65 9387 622 261 115 74 354 87 113 901 5 304 342 53 104 26 40 30649 91 60 316 78 3067 44 176 231 59 71 137 56 11634 125 303 162 36342
internal_value=0.00188655 0.00160515 0.000722467 0.00259244 -0.00354893 -0.00604345 -0.0215678 0.000784128 0.000837088 0.00221115 -0.00465129 -0.000505935 0.0258729 0.0355195 -0.00144053 0.00296114 0.00105169 -0.00551936 -0.00931809 0.00824337 -0.00129015 0.00256358 0.00538756 -0.00668695 -0.0265322 -0.0456647 -0.000599202 -0.000680637 -0.00297736 0.0212227 -0.0301989 -0.00108944 0.0109106 0.0143274 0.00507846 -0.0109672 -0.00588323 -0.0159246 -0.0115182 -0.00536655 -0.0231347 -0.0302897 -0.0148437 0.00239853 0.00298957 -0.00874724 -0.00425916 0.00283447 0.00314278
internal_weight=52474.9 48680.1 25701.8 22978.3 1395.61 1190.41 131.487 56.3438 25570.3 12639.1 1245.21 12931.2 85.0775 74.9999 1085.88 11393.9 6376.17 1980.23 1551.89 428.345 247.439 231.51 5017.68 1406.56 159.339 71.4782 1070.45 12846.1 1009.34 58.6743 40.3818 12280.9 289.039 276.069 189.589 87.8608 1381.77 319.554 174.582 150.701 181.071 147.954 94.2116 58.6996 21582.7 278.116 250.534 208.393 21304.6
internal_count=120044 113735 61619 52116 3384 2989 540 159 61079 28596 3233 32483 174 124 2681 25363 15456 5565 4749 816 555 481 9907 4127 552 309 2616 32309 2434 112 127 31169 520 467 376 243 4012 945 520 407 555 496 264 127 48732 756 631 465 47976
is_linear=0
shrinkage=0.03


Tree=113
num_leaves=50
num_cat=0
split_feature=8 8 9 10 10 9 9 9 2 8 8 2 5 10 12 4 10 1 18 4 3 9 1 0 16 2 7 7 7 12 16 3 2 2 15 15 7 8 2 18 9 4 2 15 3 2 8 0 18
split_gain=45.3723 98.4885 79.036 76.1425 72.4695 66.2353 69.2499 60.2626 64.7836 52.5258 51.1642 59.9545 59.5684 50.8318 71.0684 114.591 98.3135 64.9994 59.7619 57.3037 65.4309 52.9087 58.5498 49.395 64.2627 56.8734 55.0072 62.6403 60.3221 59.0796 49.777 52.2276 66.4807 47.4564 46.6459 51.3421 80.3809 54.5391 54.5917 53.8268 57.6419 44.3162 44.0315 43.6445 48.1996 111.944 112.795 61.6768 107.623
threshold=112799.00000000001 104400.80078125001 9419.3999023437518 274213.92187500006 31899.099609375004 4989.0002441406259 12298.100097656252 6810.3000488281259 59899.400390625007 106399.00000000001 109050.10156250001 42191.210937500007 0.73214286565780651 97231.214843750015 9.5000000000000018 3807.145385742188 39567.621093750007 18.500000000000004 1.0000000180025095e-35 511.02600097656256 3153.1625976562505 12865.200195312502 5.5000000000000009 2.5000000000000004 8.5000000000000018 50001.048828125007 5588.3000488281259 5122.9001464843759 6026.9001464843759 20.500000000000004 5.5000000000000009 3461.125122070313 13500.174804687502 80004.347656250015 1.5000000000000002 3.5000000000000004 2651.900024414063 120015.50000000001 29861.613281250004 2.5000000000000004 9648.1000976562518 16414.700195312504 41665.287109375007 3.5000000000000004 1818.6250000000002 11184.216308593752 98789.199218750015 1.5000000000000002 1.5000000000000002
decision_type=2 2 2 2 2 2 2 2 2 2 2 2 2 2 2 2 2 2 2 2 2 2 2 2 2 2 2 2 2 2 2 2 2 2 2 2 2 2 2 2 2 2 2 2 2 2 2 2 2
left_child=1 43 7 4 5 -2 23 8 10 -10 12 42 -3 14 16 19 -6 18 -15 20 -16 -17 -23 25 -25 26 27 29 -28 30 -7 34 -33 -11 -32 36 -36 -37 -39 -38 -41 -8 -12 44 -1 46 47 -46 -49
right_child=3 2 -4 -5 13 6 41 -9 9 33 11 -13 -14 17 15 21 -18 -19 -20 -21 -22 22 -24 24 -26 -27 28 -29 -30 -31 31 32 -34 -35 35 37 39 38 -40 40 -42 -43 -44 -45 45 -47 -48 48 -50
leaf_value=0.003681133176548159 -0.041991984527446333 -0.047375812347365973 -0.04112606772633072 0.026331695592745868 -0.057893742298292035 0.014015347016941453 -0.00074934703303515353 0.0064315505857680411 0.029902777369727254 -0.062022424292874252 -0.0083250381324645809 -0.064789299457428673 0.042109025728449836 -0.021692110341852422 0.01894477898509286 -0.029752171174667441 0.0071702055139228884 -0.046398041015997871 0.010000409550113824 0.04520254361869195 -0.058707854009456377 -0.054091614499947892 0.017696481637200646 -0.012656124442576341 0.011068507063779575 0.015740679080925794 -0.045844792468505785 0.031527422697467222 -0.00066926445334248999 -0.054119902153540581 0.014037213614415704 0.028273934027932362 -0.058736097230790776 0.0042007920627693393 0.017831236090945186 0.037144062488861346 -0.002340416921012077 -0.038871730820279164 0.0098472223208480991 -0.051797405360870387 -0.0049908246147185543 -0.036923669102077478 0.062159258730308281 0.0038135341663099874 -0.020465431466956358 0.001077591531538034 0.031752354855019829 -0.061849470994558543 0.012020895708902631
leaf_weight=6358.3962123803794 25.756667703390121 87.765586905181408 68.696141950786114 139.59404630959034 22.411926820874214 640.19918661564589 637.50254928320646 190.34910104423761 43.403590798377991 14.067153699696062 90.146682091057301 15.936756692826746 7.2480556964874259 60.171058505773544 30.167767643928528 261.75155956298113 310.11225003004074 21.726417303085327 486.5930902659893 34.721097782254219 14.440643474459646 13.158684574067591 45.862895891070366 218.95979487895966 193.61646193265915 908.99211100488901 29.37421715259552 102.79840597510338 281.85835130512714 13.970689058303831 276.62766664475203 11.398212939500807 25.773824527859688 31.653743922710419 65.903671771287918 49.789959460496902 80.06799291074276 25.774834617972374 105.13818342983723 66.445249609649181 36.790161043405533 32.009627148509026 8.7510046958923322 7313.3770179562271 457.77683725580573 32304.869354568422 50.263205111026764 20.607913672924042 128.010118663311
leaf_count=14658 102 363 276 125 84 991 1288 391 47 61 250 69 2 160 42 837 493 77 789 16 63 59 65 499 280 1262 109 117 598 62 425 13 108 58 96 52 188 79 166 301 92 129 2 14296 1675 77765 60 86 218
internal_value=0.00183036 0.00153555 -0.0109932 0.00447063 0.00387574 0.00595437 0.0062791 -0.00676281 -0.0151634 0.00626517 -0.0242643 -0.0107899 -0.0405495 -0.00224094 -0.00746431 -0.0159824 0.00278494 0.00449054 0.00651267 0.0163019 -0.00619295 -0.0239666 0.00169154 0.00815036 -0.00152248 0.00961707 0.006545 0.00892546 -0.00493294 0.00726334 0.00788301 0.00260418 -0.0320559 -0.0161744 0.0044277 -0.00175559 -0.0105838 0.0104194 0.000255182 -0.0207999 -0.0351169 -0.00247885 -0.0020882 0.00168547 0.00128966 0.00082833 -0.0114343 -0.015014 0.00177776
internal_weight=52460.8 47191.3 558.018 5269.46 5129.87 3828.75 3802.99 489.322 298.973 89.1245 209.848 114.834 95.0136 1301.12 732.627 400.103 332.524 568.491 546.764 79.3295 44.6084 320.773 59.0216 3133.48 412.576 2720.9 1811.91 1500.68 311.233 1397.88 1383.91 743.71 37.172 45.7209 706.538 429.91 249.207 180.703 130.913 183.303 103.235 669.512 98.8977 46633.3 39319.9 32961.5 656.658 606.395 148.618
internal_count=120044 110277 1519 9767 9642 6957 6855 1243 852 166 686 321 365 2685 1659 1082 577 1026 949 121 105 961 124 5438 779 4659 3397 2690 707 2573 2511 1520 121 119 1399 974 677 297 245 581 393 1417 252 108758 94462 79804 2039 1979 304
is_linear=0
shrinkage=0.03


Tree=114
num_leaves=50
num_cat=0
split_feature=13 16 13 8 9 16 9 9 8 8 3 2 7 1 13 19 19 2 7 13 8 2 8 8 19 13 8 12 9 9 8 3 3 2 2 9 2 9 9 9 18 19 9 8 2 3 19 9 8
split_gain=55.7726 44.0278 69.1501 58.5036 63.4482 50.0005 74.0084 85.3083 70.8059 60.149 59.8519 57.7328 49.9467 66.9321 49.4607 49.2187 67.9537 91.8787 62.7721 62.1351 61.6153 54.7846 129.113 90.1526 58.0349 54.179 53.9729 50.6698 50.4072 54.1718 64.1118 58.4461 49.9385 52.5096 49.0062 54.1055 53.4366 48.7705 82.9362 48.6926 47.9068 47.0549 46.5379 70.7417 56.5248 59.3548 66.2758 56.0128 77.8404
threshold=4.5000000000000009 5.5000000000000009 17.500000000000004 10798.100097656252 1172.600036621094 3.5000000000000004 1546.5000000000002 1993.100036621094 9900.8999023437518 8001.0000000000009 3550.7375488281255 24558.569335937504 21883.100585937504 7.5000000000000009 24.500000000000004 37.500000000000007 50.500000000000007 18499.250000000004 15145.300292968752 13.500000000000002 23999.799804687504 32178.869140625004 42176.500000000007 47998.201171875007 44.500000000000007 12.500000000000002 27998.100585937504 24.500000000000004 600.10000610351574 1316.7000122070315 23996.100585937504 4507.1193847656259 1712.9381103515627 6026.7333984375009 15300.639648437502 3336.099975585938 29219.346679687504 956.70001220703136 992.10000610351574 3451.500122070313 5.5000000000000009 1.0000000180025095e-35 6000.1000976562509 112799.00000000001 47895.900390625007 3391.1750488281255 22.500000000000004 7569.6000976562509 94249.902343750015
decision_type=2 2 2 2 2 2 2 2 2 2 2 2 2 2 2 2 2 2 2 2 2 2 2 2 2 2 2 2 2 2 2 2 2 2 2 2 2 2 2 2 2 2 2 2 2 2 2 2 2
left_child=-1 3 15 4 41 6 10 -8 9 11 -6 -7 37 -14 -4 19 21 32 -19 28 -21 22 -17 24 -24 -23 -22 34 -3 30 31 -30 -18 -34 35 -25 -36 -5 -39 -37 -9 -2 -31 47 45 46 -45 -44 -49
right_child=1 2 14 12 5 8 7 40 -10 -11 -12 -13 13 -15 -16 16 17 18 -20 20 26 25 23 27 -26 -27 -28 -29 29 42 -32 -33 33 -35 36 39 -38 38 -40 -41 -42 -43 43 44 -46 -47 -48 48 -50
leaf_value=0.0052822878841474628 -0.054436822398614547 0.018193778719699606 -0.031668889842228244 0.014364433614775567 -0.046069211426311235 -0.051412322302761958 -0.00021413382441662013 -0.05170520677134044 0.015860473351406661 -0.041963468597560144 -0.00169572091985469 0.017410019167158793 -0.048970798056685499 0.0030249510973285893 0.011401162637186772 0.0038373464737186166 -0.010788250301503703 -0.00051599759972562823 -0.057278282550439943 -0.045302082597734675 0.081519436765283171 0.0057577924971764149 -0.010408364008442228 -0.052139203361464416 -0.043684652478650894 -0.011289138865589153 0.020602364134670911 -0.051981134349836151 -0.0040957485504657491 0.00059871645946519474 -0.044595238373108401 -0.034119575897266136 0.046454296903255685 -0.051987472040088259 0.0046317017207031944 0.043014060754427888 -0.006727845013291248 -0.053869170154367353 0.0028194883071941137 -0.013256017905118088 0.011877567539434133 0.0041362615791512387 -0.0044822490688667593 -0.058137064433939845 0.0079849927644592717 -0.0245316931653175 0.0015393456648289407 -0.034503832417449441 -0.0075568102725886268
leaf_weight=3787.748201481998 12.576145574450491 125.70840176939964 98.389270853251219 330.88759575039148 100.29114784300327 14.012645162642 264.30903314054012 51.605651631951332 134.49673422425985 47.689055718481541 37.618919305503368 50.521227180957794 39.112327910959721 51.777982786297798 31.737354643642902 4396.4295153915882 87.860399268567562 1067.7935614734888 17.827092856168747 9.9204309508204442 16.862838551402092 4838.5602876581252 107.99895609170198 30.600233279168606 83.746708013117313 173.82366356253624 58.506735153496265 19.033262707293034 941.27666813135147 9484.0322482064366 40.198031798005104 62.210006050765514 5.2691536247730246 65.467387139797211 800.44594889134169 14.760479494929312 697.43806270509958 23.252628989517689 21133.431929536164 222.05238225311041 13.443205460906027 668.34526588767767 666.61621175333858 17.39642745256424 540.45829003304243 117.51057377457619 450.13838587701321 164.5866707675159 233.13908507674932
leaf_count=6309 53 202 458 575 401 63 610 203 239 189 90 91 202 116 82 9891 243 2602 79 50 12 9387 343 142 387 520 112 87 2424 23622 202 247 5 304 1755 11 2199 102 47737 641 24 1421 1883 73 970 379 943 695 669
internal_value=0.00177587 0.00150293 0.000649549 0.00245714 -0.00349725 -0.00974554 -0.0155143 -0.00778851 0.00118003 -0.0164142 -0.0339651 0.00246619 0.00284205 -0.0193501 -0.0211643 0.000760614 0.00209265 -0.00456404 -0.0014481 -0.000540564 0.0249808 0.00282013 0.000974466 -0.00539495 -0.0249421 0.00516662 0.0342317 -0.0032944 -0.000710047 -0.000896905 -0.00744521 -0.00595704 -0.0258931 -0.0446546 -0.00276946 -0.0145995 -0.00065748 0.00293592 0.00275718 -0.00974872 -0.038565 0.00305446 -0.000311464 -0.00425338 0.000990102 -0.0054717 -0.000681144 -0.00979817 -0.018708
internal_weight=52448.9 48661.2 25687.8 22973.4 1394.91 713.988 467.268 329.358 246.72 112.223 137.91 64.5339 21578.5 90.8903 130.127 25557.7 12629.1 1244.22 1085.62 12928.6 85.29 11384.9 6372.51 1976.08 191.746 5012.38 75.3696 1784.33 12843.3 12717.6 1043.68 1003.49 158.597 70.7365 1765.3 267.413 1497.88 21487.6 21156.7 236.813 65.0489 680.921 11673.9 2189.85 1125.5 585.045 467.535 1064.34 397.726
internal_count=120044 113735 61619 52116 3384 1910 1328 837 582 343 491 154 48732 318 540 61079 28596 3233 2681 32483 174 25363 15456 5565 730 9907 124 4835 32309 32107 2873 2671 552 309 4748 794 3954 48414 47839 652 227 1474 29234 5612 2365 1395 1016 3247 1364
is_linear=0
shrinkage=0.03


Tree=115
num_leaves=50
num_cat=0
split_feature=10 8 15 16 1 7 10 1 7 10 1 1 10 7 13 10 8 16 6 14 0 1 7 8 6 15 6 8 12 10 7 8 6 6 8 9 8 9 6 16 10 4 12 10 9 13 4 12 6
split_gain=51.7104 59.8687 74.9583 89.4968 177.994 62.6714 60.8615 68.5266 54.1138 46.3397 48.8807 47.0726 75.7422 62.6825 59.2404 57.7224 64.0726 79.8572 50.5334 50.2272 49.2377 72.0999 88.291 75.067 65.2916 53.1363 67.5327 56.2014 58.1472 56.6877 50.0272 49.1435 53.1856 74.4703 48.0222 46.1689 45.6167 154.277 72.9805 45.3626 81.7278 44.3626 49.0197 43.9525 49.9134 70.5607 62.1894 55.7899 54.6543
threshold=165109.42187500003 140024.00000000003 1.5000000000000002 4.5000000000000009 3.5000000000000004 13716.300292968752 228592.40625000003 6.5000000000000009 4921.7001953125009 136197.50781250003 18.500000000000004 4.5000000000000009 94139.843750000015 3908.099975585938 21.500000000000004 88234.199218750015 30000.500000000004 3.5000000000000004 94080.101562500015 10.500000000000002 1.5000000000000002 7.5000000000000009 5223.9001464843759 92123.699218750015 37998.099609375007 1.5000000000000002 58019.400390625007 57979.000000000007 24.500000000000004 133517.00000000003 5624.3000488281259 10000.200195312502 29998.100585937504 39999.900390625007 87727.300781250015 1271.7000122070315 50001.000000000007 3419.500122070313 301000.00000000006 9.5000000000000018 146200.20312500003 511.02600097656256 17.500000000000004 55955.300781250007 2604.900024414063 14.500000000000002 15853.300292968752 11.500000000000002 63982.000000000007
decision_type=2 2 2 2 2 2 2 2 2 2 2 2 2 2 2 2 2 2 2 2 2 2 2 2 2 2 2 2 2 2 2 2 2 2 2 2 2 2 2 2 2 2 2 2 2 2 2 2 2
left_child=9 2 8 5 -5 -4 -6 -8 -2 11 35 12 14 31 15 -1 17 -17 -14 20 21 22 -15 34 -24 27 -27 28 29 -26 -25 32 -13 -34 -23 -11 37 -10 -39 -37 -41 42 -33 44 45 47 -46 -22 -49
right_child=1 -3 3 4 6 -7 7 -9 36 10 -12 13 18 19 -16 16 -18 -19 -20 -21 43 23 24 30 25 26 -28 -29 -30 -31 -32 41 33 -35 -36 39 -38 38 -40 40 -42 -43 -44 -45 46 -47 -48 48 -50
leaf_value=0.0011230066195935075 0.032287500385933469 0.021954752539682321 0.0031914243692967603 0.022769234040236268 -0.041690477392425658 0.040013110915015311 -0.062614135965798082 -0.0039788123724929115 0.0083655484418280451 -0.054126253004089284 -0.042625087472289359 0.0083620119274093914 0.022533248279351995 -0.019773529157445544 -0.04265875813199687 0.048532185020899829 -0.060803729937581305 -0.057964812299820527 0.0040595701758997333 -0.049674338975846097 0.0036819152422175711 0.0083711758249885911 0.024488245528231738 -0.052678288455759448 -0.0087445172429838382 -0.049701945847442287 0.011643247030694234 -0.027104839467749761 0.068636847470178758 0.067918013420886117 -0.0055195844680375533 -0.00042785642577886031 -0.062586556670384638 -0.0075737016920960016 0.050619125525445757 0.001309547635554784 0.0174822149773004 -0.059278077974365163 0.031867777574525649 0.0055725706025183301 -0.054165546184908521 0.0085978852665788887 -0.052970429609398469 -0.0010568487622876837 0.0059166351295045442 -0.047229811435219475 -0.0056055055557753253 -0.016215739047582219 -0.00056217434293152175
leaf_weight=31739.053598511964 92.332661598920822 211.73325651884079 271.06677076220512 92.232646688818932 117.76792657375336 49.143122971057892 21.022487640380859 122.27428607642651 485.15876679122448 16.446767032146454 32.672734633088112 117.86897050589323 242.44728698581457 345.95763139054179 27.906630150973797 15.237638130784037 28.54062769562006 10.848692111670969 295.92178063094616 16.759269699454308 2393.2371990680695 478.2257633805275 78.824420765042305 26.418983429670334 233.44759805127978 17.489842914044857 210.96122404560447 132.88488481193781 9.8019636198878271 9.0161839127540571 86.636222243309021 293.48716449737549 28.213323898613453 102.98230706900358 25.505830191075802 387.6306094378233 299.83357106149197 47.092749297618866 9.5015341192483884 42.821091890335083 39.739803045988083 3153.7078650221229 16.900773555040359 2074.6310904249549 6566.984827183187 27.338693186640739 450.51423873007298 271.22614325582981 772.47916227579117
leaf_count=77486 91 222 501 116 408 31 87 259 912 70 120 221 330 1245 163 12 126 47 595 80 4381 1242 207 117 839 83 418 530 23 5 226 594 125 247 23 797 427 199 8 83 151 5833 77 4288 11734 134 1326 861 1907
internal_value=0.00198961 0.0069594 0.00498418 -0.0026445 -0.0130557 0.00884251 -0.0257124 -0.012581 0.0104857 0.00181171 -0.00710396 0.00190376 0.00122041 0.00313626 0.00103163 0.00106998 -0.0297418 0.00424258 0.0123789 0.00223041 0.00229162 -0.00257201 -0.00739766 0.00555215 -0.00121429 -0.00451609 0.00694676 -0.0113152 -0.00299783 -0.00589377 -0.0165397 0.00660739 -0.00626388 -0.0194041 0.0105103 -0.00471908 0.00809376 0.00289771 -0.0439757 -0.00299087 -0.0231817 0.00753282 -0.00328882 0.00293273 0.00372238 0.000775946 0.00517693 0.0011578 -0.00463004
internal_weight=52639.9 1819.16 1607.43 673.507 353.297 320.21 261.065 143.297 933.919 50820.8 519.311 50301.5 32360 17941.5 31821.6 31793.7 54.627 26.0863 538.369 14228.3 14211.6 1655.17 1038.38 616.787 692.426 613.602 228.451 385.151 252.266 242.464 113.055 3713.16 249.065 131.196 503.732 486.638 841.587 541.753 56.5943 470.192 82.5609 3464.1 310.388 12556.4 10481.8 3464.28 7017.5 3436.94 1043.71
internal_count=120007 3261 3039 1402 870 532 754 346 1637 116746 1221 115525 78759 36766 77834 77671 185 59 925 29669 29589 4958 3350 1608 2105 1898 501 1397 867 844 343 7097 593 372 1265 1101 1546 1119 207 1031 234 6504 671 24631 20343 7283 13060 7149 2768
is_linear=0
shrinkage=0.03


Tree=116
num_leaves=50
num_cat=0
split_feature=19 4 19 4 6 15 10 6 19 9 9 12 12 12 10 19 6 4 6 12 9 8 8 7 11 8 5 19 8 9 9 8 0 4 9 6 8 8 9 9 8 8 8 9 12 6 7 12 12
split_gain=49.5438 63.569 66.3307 75.565 89.6522 62.1467 59.8744 50.6468 50.5064 45.9679 61.9073 59.7239 75.5546 60.2999 65.7115 77.5635 59.1478 44.7434 44.7205 82.5825 53.4663 47.1317 57.2477 48.7052 44.5344 43.1486 42.1562 40.251 122.189 90.6263 62.9688 97.0475 95.5991 61.1245 56.3833 54.5344 68.6817 71.524 53.2311 114.889 47.3147 54.9597 83.7481 47.2918 47.2232 58.6673 64.7182 62.0915 71.1796
threshold=34.500000000000007 42642.000000000007 26.500000000000004 37384.000000000007 40803.900390625007 2.5000000000000004 365426.96875000006 250377.60156250003 4.5000000000000009 5716.7001953125009 4719.1000976562509 29.500000000000004 31.500000000000004 17.500000000000004 42671.099609375007 29.500000000000004 190049.00000000003 -1.0000000180025095e-35 160033.30468750003 21.500000000000004 1172.600036621094 5982.0000000000009 6599.0000000000009 5005.7001953125009 1.5000000000000002 11996.399902343752 0.34313726425170904 4.5000000000000009 37893.500000000007 2362.900024414063 1546.5000000000002 25009.400390625004 2.5000000000000004 8269.5429687500018 6810.3000488281259 30398.100585937504 23999.799804687504 21801.000000000004 1999.9000244140627 2332.3000488281255 20606.000000000004 19998.200195312504 18592.299804687504 2435.700073242188 10.500000000000002 58019.400390625007 2419.900024414063 12.500000000000002 36.500000000000007
decision_type=2 2 2 2 2 2 2 2 2 2 2 2 2 2 2 2 2 2 2 2 2 2 2 2 2 2 2 2 2 2 2 2 2 2 2 2 2 2 2 2 2 2 2 2 2 2 2 2 2
left_child=1 2 3 7 -5 -3 17 18 -6 10 11 13 -13 -4 -15 -16 -12 -2 21 20 -20 -1 23 -23 -19 -10 -26 28 33 -30 31 35 -33 -24 38 -29 37 40 -35 -40 41 42 -37 -41 -32 47 -47 -46 -49
right_child=6 5 9 4 8 -7 -8 -9 25 -11 16 12 -14 14 15 -17 -18 24 19 -21 -22 22 27 -25 26 -27 -28 30 29 -31 44 32 -34 34 -36 36 -38 -39 39 43 -42 -43 -44 -45 45 46 -48 48 -50
leaf_value=0.017082638448053727 0.030730267404175494 -0.02672268593462648 -0.0012657958079308801 0.069373397849235324 0.044495111180070726 0.015091569882913328 0.020188106330367606 -0.03164032221644577 0.056975289875144157 -0.0066876449882129806 0.010320037982083015 0.058047644891648431 -0.02144999339047127 -0.035784910932773459 0.036733016087659248 -0.047895503445744399 -0.042388628392725745 0.014518561997105489 0.032600915147498265 0.03616764380987391 0.0028152084689345067 -0.053637860326237692 -0.030163431937556488 0.0096664082422472392 0.0024130241339666556 -0.04196016041115927 0.019816171557521217 0.0064369728353264963 -0.04767695003172305 -0.0081312601621005582 0.0074858621937636174 -0.043167300018192072 0.021702565949556402 0.0084759013263076225 0.055293151025134366 -0.0069695547063160961 0.033403491207626188 -0.053404652780194926 -0.028148683512291481 0.023773745982643039 0.029086229003286699 -0.036260973939100959 0.026483477476059301 -0.00028685864206371396 0.0011583296324063244 -0.036497982901132084 0.0052501805255683442 -0.012566209674216596 0.053826614183095291
leaf_weight=175.80272776633501 51.006746500730515 136.57437878102064 4265.8107459619641 32.697236813604832 16.252690732479095 41.774693585932255 176.41981701552868 40.461546823382378 4.9031703546643284 1266.4564888179302 595.29030411690474 32.332927405834198 16.125851795077324 92.962473399937153 29.437593281269073 14.571607902646063 19.798201903700829 279.75647209584713 59.537852853536606 89.39111390709877 609.35519549250603 30.980694614350796 48.750046595931053 16.908077247440815 28265.755104791373 20.787778742611408 125.82802431285381 580.0243027806282 55.38204587250948 895.16145966202021 1825.7332156822085 93.612471025437117 26.159690886735916 865.70546454191208 19.004511848092079 943.21839272975922 40.854648739099503 28.157615125179291 129.33017187565565 84.115698613226414 35.502444535493851 51.79791833460331 72.530518025159836 583.75945040583611 5102.9765841662884 33.690610967576504 4146.019146554172 442.0459945499897 15.027065344154833
leaf_count=307 47 911 10581 52 24 131 203 138 5 3315 1237 19 55 413 38 67 67 372 60 84 1226 131 184 38 61175 118 124 1306 261 2653 3974 422 41 1876 12 2533 52 120 456 135 47 183 124 1489 12747 131 8680 1629 14
internal_value=0.00193042 0.000914551 0.00104969 0.00201537 0.032135 -0.0169285 0.00276448 0.00188421 0.00310575 -0.00157551 -0.000297598 -0.00153034 0.0315928 -0.00189491 -0.0214879 0.0087122 0.00862347 0.00265746 0.00196354 0.00908567 0.00546642 0.00163307 0.00146506 -0.031287 0.00260752 -0.0230781 0.00249015 0.00156237 -0.00179376 -0.0104353 0.00223203 -0.0028727 -0.0289989 0.00295251 0.00391237 -0.00108672 -0.00481001 -0.00619012 0.00332516 -0.00226816 -0.00498487 -0.00611795 -0.00458081 0.00274346 0.00305822 0.00222825 0.00491367 0.00020952 -0.0103834
internal_weight=52625.5 23726.8 23548.4 17215.6 74.6409 178.349 28898.8 17141 41.9436 6332.79 5066.33 4451.24 48.4588 4402.78 136.972 44.0092 615.089 28722.3 17100.5 758.284 668.893 16342.3 16166.4 47.8888 28671.3 25.6909 28391.6 16118.6 2681.21 950.544 13437.4 1871.86 119.772 1730.67 1681.92 1752.09 1172.06 1131.21 1662.91 797.205 1103.05 1067.55 1015.75 667.875 11565.5 9739.76 4179.71 5560.05 457.073
internal_count=120007 58086 57044 41252 199 1042 61921 41053 147 15792 12477 11173 74 11099 518 105 1304 61718 40915 1370 1286 39545 39238 169 61671 123 61299 39069 7066 2914 32003 4828 463 4152 3968 4365 3059 3007 3956 2080 2887 2840 2657 1624 27175 23201 8811 14390 1643
is_linear=0
shrinkage=0.03


Tree=117
num_leaves=50
num_cat=0
split_feature=3 2 8 8 6 7 13 3 3 6 9 2 9 3 9 4 4 18 9 9 4 7 3 1 6 3 19 1 8 2 8 13 6 6 9 4 3 3 8 7 9 16 4 9 1 1 14 19 2
split_gain=52.5597 67.6562 61.1549 74.3141 58.0921 56.8579 55.1504 54.7958 79.8248 74.6811 70.9883 66.0743 61.7956 90.6619 97.9116 78.989 61.1974 57.9271 64.7259 67.2348 57.0238 55.4898 69.8697 58.2944 99.4168 55.8838 61.1109 60.3638 55.2414 57.02 54.2372 53.0729 51.427 50.6967 93.4911 86.1167 62.3522 62.1989 60.5292 59.1913 57.6962 78.508 70.7054 67.0785 53.8117 66.6624 55.1766 56.452 68.5922
threshold=3002.6901855468755 55061.320312500007 9998.1000976562518 10572.200195312502 220070.00000000003 4181.4001464843759 21.500000000000004 4051.8332519531255 3006.7373046875005 12000.300292968752 18002.799804687504 54669.119140625007 1736.100036621094 4098.9001464843759 1999.9000244140627 400.21200561523443 13557.407714843752 3.5000000000000004 3539.700073242188 3623.700073242188 1414.486999511719 12695.700195312502 3773.422241210938 7.5000000000000009 160033.30468750003 3108.1525878906255 3.5000000000000004 17.500000000000004 12694.899902343752 27620.550781250004 40000.099609375007 2.5000000000000004 85500.300781250015 48636.400390625007 1202.100036621094 11800.339355468752 2516.3786621093755 1551.216735839844 15058.800292968752 4798.9001464843759 3623.700073242188 7.5000000000000009 35998.201171875007 697.50003051757824 17.500000000000004 12.500000000000002 5.5000000000000009 70.500000000000014 24957.187500000004
decision_type=2 2 2 2 2 2 2 2 2 2 2 2 2 2 2 2 2 2 2 2 2 2 2 2 2 2 2 2 2 2 2 2 2 2 2 2 2 2 2 2 2 2 2 2 2 2 2 2 2
left_child=6 2 -2 5 7 -4 31 8 10 -9 17 21 28 -14 -15 -16 20 18 -5 -20 -17 23 -23 24 -10 27 -27 32 29 -11 -30 -1 -25 35 36 44 37 38 -35 40 43 42 -42 -37 45 46 -33 -48 -49
right_child=1 -3 3 4 -6 -7 -8 9 11 12 -12 -13 13 14 15 16 -18 -19 19 -21 -22 22 -24 25 -26 26 -28 -29 30 -31 -32 33 -34 34 -36 39 -38 -39 -40 -41 41 -43 -44 -45 -46 -47 47 48 -50
leaf_value=0.010588402744390256 0.0074283170373787358 0.0033961414982074194 0.018450805651778202 0.0039312434982946599 -0.060623474658079234 -0.023838572942911879 -0.045337051033564398 0.033930018711208675 0.004811493350893755 0.0201628989097801 -0.057574056992783861 -0.034611923630236144 -0.028637400537859799 -0.030163341754449586 -0.025415463458613643 0.043897022414995386 -0.026913338280416164 -0.00375041594999063 -0.040027602058857019 -0.002364562501317947 -0.001625668361558506 -0.0080165014122166381 0.042023007665100878 0.013111694395218795 -0.062738983745806234 -0.03122782622360144 -0.0019526627411630283 0.028054488434165473 0.01178681481996445 -0.052039511032158932 -0.032029475295354493 0.029535008851742369 -0.013160931964068725 0.013438846021876869 0.0055555964971642658 0.034468620483260812 0.0040845723506787697 -0.028216841789231849 -0.05537879923323815 -0.041975510822067352 0.0039950671775761766 -0.018381763451813523 0.045165756947575068 -0.01732288887736114 0.021272122616789683 -0.019296957344690561 0.0022564934254337521 -0.041258126281804343 0.01534485190136349
leaf_weight=805.21566242724657 1006.4941482618451 8168.1112877391279 33.744072526693344 2943.0043281838298 14.196249589323996 188.19139124453068 21.240046054124832 48.608541309833527 5540.9750791601837 15.296029992401598 20.03440260887146 41.911625705659389 138.99674317985773 123.26232964918017 134.75026788190007 24.97008603811264 86.005324255675077 3895.3925417661667 43.71079121530056 1772.0769708678126 3018.909678272903 38.851890526711941 71.01953536272049 157.8200720474124 19.678185813128948 66.259304441511631 2039.5940122455359 112.35865360498428 440.9761166125536 27.617052219808102 26.981090068817139 66.279590517282486 116.59160669147968 73.920512698590755 7159.9107206426561 24.040392570197582 206.51340284198523 175.88879545778036 13.622776038944719 44.558660730719566 144.34841902554035 96.473425567150116 50.738117963075638 352.74895510077477 131.94632413983345 130.74252490699291 12652.116995468736 56.982972621917725 29.111952275037766
leaf_count=1134 2100 16188 55 6914 61 594 112 77 12236 35 87 133 462 483 484 20 432 12101 169 4551 8094 107 72 264 84 230 4452 121 968 122 116 77 293 131 14274 36 434 563 65 258 450 383 94 1717 173 359 27347 239 56
internal_value=0.00187286 0.00106159 0.00020295 -0.000140053 4.26234e-05 -0.0174087 0.00298111 8.37016e-05 0.000838329 -0.00303338 -0.00116817 0.00295956 -0.00347837 -0.00489087 -0.00391661 -0.00292561 -0.00195736 -0.00103759 0.00118304 -0.00327121 -0.00125223 0.00315246 0.0243284 0.00286355 0.00457244 -0.000948709 -0.00287379 0.00953279 0.00627312 -0.0263035 0.00926049 0.00302731 0.00194902 0.00274294 0.00470481 0.00165668 -0.00825737 -0.0179326 0.00273 -0.00849676 -0.00626474 0.00375551 0.0147027 -0.0140184 0.00221062 0.00201618 0.0022338 0.00209175 -0.0221185
internal_weight=52612.8 30376.4 22208.3 21201.8 20979.8 221.935 22236.4 20965.7 16879.3 4086.37 8674.22 8205.06 4037.76 3526.89 3387.9 3264.64 3129.89 8654.18 4758.79 1815.79 3043.88 8163.15 109.871 8053.28 5560.65 2492.62 2105.85 386.77 510.87 42.9131 467.957 22215.2 274.412 21409.9 7629.86 13780.1 469.945 263.432 87.5433 712.908 668.349 291.56 195.087 376.789 13067.2 12935.2 12804.5 12738.2 86.0949
internal_count=120007 72105 55917 53817 53168 649 47902 53107 41814 11293 23822 17992 11216 9975 9513 9030 8546 23735 11634 4720 8114 17859 179 17680 12320 5360 4682 678 1241 157 1084 47790 557 46656 15467 31189 1193 759 196 2938 2680 927 544 1753 28251 28078 27719 27642 295
is_linear=0
shrinkage=0.03


Tree=118
num_leaves=50
num_cat=0
split_feature=3 2 0 3 3 3 6 9 9 3 9 4 2 10 19 12 3 8 4 10 12 6 11 0 3 19 2 9 9 3 3 12 8 7 6 1 0 7 6 0 1 7 7 9 19 1 1 19 2
split_gain=49.4914 63.6854 62.1146 63.6431 54.8054 105.94 67.9599 67.5757 65.1795 72.9743 78.1096 73.5387 59.1711 57.3913 54.3076 76.7265 54.0751 59.518 51.8285 64.8267 51.6899 84.8523 106.749 52.1475 51.4513 58.7677 49.9738 72.4789 64.7986 57.1093 62.5088 58.6019 63.9198 56.827 53.9388 102.079 53.3677 51.2418 74.5208 52.6783 93.5574 50.7966 54.467 50.6331 79.2923 51.884 49.9385 65.9862 82.8609
threshold=3002.6901855468755 55061.320312500007 3.5000000000000004 3065.849975585938 4051.8332519531255 3006.7373046875005 12000.300292968752 18002.799804687504 1736.100036621094 4098.9001464843759 1999.9000244140627 400.21200561523443 54669.119140625007 183183.26562500003 10.500000000000002 10.500000000000002 4978.1000976562509 62499.000000000007 13557.407714843752 103755.30078125001 20.500000000000004 104001.00000000001 2.5000000000000004 5.5000000000000009 6883.4897460937509 60.500000000000007 20769.615234375004 7196.8000488281259 1193.3000488281252 4006.314331054688 3094.262084960938 21.500000000000004 29998.200195312504 12463.500488281252 94080.101562500015 16.500000000000004 2.5000000000000004 9565.1000976562518 100002.00000000001 2.5000000000000004 8.5000000000000018 7854.0002441406259 5394.1000976562509 1768.3000488281252 46.500000000000007 18.500000000000004 1.5000000000000002 11.500000000000002 28414.303710937504
decision_type=2 2 2 2 2 2 2 2 2 2 2 2 2 2 2 2 2 2 2 2 2 2 2 2 2 2 2 2 2 2 2 2 2 2 2 2 2 2 2 2 2 2 2 2 2 2 2 2 2
left_child=46 2 4 -4 5 7 -6 -2 14 -10 16 -12 26 18 15 -8 17 -11 -13 -20 23 22 -22 -3 -23 -26 27 28 -7 30 34 33 -33 37 -28 41 -35 39 -39 -32 -41 42 -36 -40 45 -45 -1 48 -48
right_child=1 20 3 -5 6 12 8 -9 9 10 11 13 -14 -15 -16 -17 -18 -19 19 -21 21 24 -24 -25 25 -27 29 -29 -30 -31 31 32 -34 36 35 -37 -38 38 43 40 -42 -43 -44 44 -46 -47 47 -49 -50
leaf_value=0.00010427981971409437 -0.00087115424276414241 0.0027953715207305954 -0.061530931104897969 -0.0072523222298851069 0.032408469717170089 -0.051752650785542427 -0.048594853458800456 -0.056197533550255994 -0.026524398621255506 -0.050545577292634404 -0.026316712405199023 -0.0009648677274761942 -0.03205526965950628 -0.05807872068898455 0.001591068299103496 0.032666131068683608 -0.0063929952517620871 0.058195322778433006 -0.036094622384850499 0.042156373508434902 -0.054060901983604186 0.019202770197313757 0.047644749786069189 -0.043026062313468762 -0.040301191557595831 0.02569441245184375 0.01530723577565455 -0.036656118607934732 0.00072795248129716751 0.018149047701797729 0.0024180520652802083 -0.040469572354008658 -0.0031633210272201851 0.036255904293005244 -0.065335019499886321 0.02889891907959561 -0.028079470856460169 -0.039281943910057335 0.026306297851094861 0.017222735182216523 -0.00063632958127825886 -0.060494625569286316 -0.0016195867004440837 -0.048915722553166674 0.010180367457100811 0.018725323216119725 -0.0060035065866380173 0.0042833999161706457 0.006534460967653445
leaf_weight=4586.7449840866029 9301.5095891281962 7603.8363783210516 20.058105111122131 632.74295788258314 49.068657085299492 21.819307863712311 11.624820917844771 19.911204375326633 132.70049156993628 68.892169907689095 115.5821568518877 2902.0015172287822 41.477520428597927 16.294783696532249 475.31197747215629 104.1313814073801 68.624694049358368 4.8489135242998591 69.484692275524139 11.042571023106573 34.051699034869671 442.36209989339113 12.771290957927702 22.419041946530342 29.247527740895748 20.765728041529655 712.39554141461849 54.55808187276125 716.35986071825027 271.1899655610323 4521.7570027410984 53.483322076499462 181.97211419790983 79.55415502935648 13.751647338271139 63.448015570640564 13.586131960153578 59.747741717845201 46.581823773682117 633.15524065494537 452.79748115688562 20.718840792775154 99.036126062273979 49.651932172477245 79.246617674827576 12.846641823649405 1304.0202584639192 15589.679812811315 745.65668458119035
leaf_count=10804 25241 15213 84 1533 78 100 55 87 436 316 434 7758 130 70 1212 159 217 4 393 14 157 600 5 77 117 19 1194 217 2011 473 9967 223 456 97 57 66 43 237 62 932 924 90 206 194 128 19 3591 31956 1551
internal_value=0.00181724 0.00102994 0.000196809 -0.0089201 0.00047298 0.00119853 -0.00268166 -0.000989335 -0.00311422 -0.00471732 -0.00382876 -0.00283543 0.00368586 -0.0019304 0.00607868 0.0245055 -0.025559 -0.0433952 -0.00162364 -0.0253642 0.00329535 0.012272 -0.02632 0.00266067 0.015942 -0.0128995 0.00386758 -0.00328939 -0.000823284 0.00463794 0.00412141 0.00304154 -0.0116374 0.00362253 0.0114655 -0.00243031 0.0268715 0.00325274 -0.0100899 0.00384299 0.00977624 -0.0173193 -0.00938809 -0.000828599 -0.00974596 -0.035012 0.00289295 0.00361808 -0.00144229
internal_weight=52594.5 30368.4 22203 652.801 21550.2 17520.6 4029.61 9321.42 3980.54 3389.47 3256.77 3114.41 8199.14 2998.82 591.068 115.756 142.366 73.7411 2982.53 80.5273 8165.45 539.198 46.823 7626.26 492.375 50.0133 8157.66 792.737 738.179 7364.92 7093.73 6184.38 235.455 5948.92 909.35 196.955 93.1403 5855.78 248.075 5607.71 1085.95 133.507 112.788 188.327 141.745 62.4986 22226.1 17639.4 2049.68
internal_count=120007 72105 55917 1617 54300 43154 11146 25328 11068 9642 9206 8669 17826 8235 1426 214 537 320 8165 407 16188 898 162 15290 736 136 17696 2328 2111 15368 14895 13282 679 12603 1613 419 140 12463 640 11823 1856 353 263 403 341 213 47902 37098 5142
is_linear=0
shrinkage=0.03


Tree=119
num_leaves=50
num_cat=0
split_feature=10 8 15 7 7 1 16 1 15 7 10 5 10 1 9 16 10 8 9 6 7 9 6 7 7 19 19 4 6 4 6 4 4 9 18 19 8 8 7 4 1 6 8 19 8 16 9 1 6
split_gain=46.5885 56.5777 70.8255 84.7676 91.577 73.0388 101.621 66.7982 64.5668 50.8801 48.5405 44.5606 43.4884 46.6597 43.4876 43.0555 76.9597 42.8842 144.575 68.6889 43.4802 42.7857 57.627 46.5455 42.93 42.5479 59.0424 73.2189 104.873 73.4407 74.0202 52.7037 47.8836 75.0899 75.9354 46.3379 44.8823 54.6823 46.4161 44.6307 46.2494 61.6901 58.7823 60.8659 59.0264 68.34 91.8012 64.5608 59.0393
threshold=165109.42187500003 140024.00000000003 1.5000000000000002 13716.300292968752 9812.0000000000018 3.5000000000000004 4.5000000000000009 6.5000000000000009 3.5000000000000004 4921.7001953125009 238015.39843750003 2.803571462631226 136197.50781250003 18.500000000000004 1271.7000122070315 9.5000000000000018 146200.20312500003 50001.000000000007 3419.500122070313 301000.00000000006 5508.3000488281259 4676.1000976562509 104001.00000000001 6792.3000488281259 9658.8002929687518 34.500000000000007 26.500000000000004 42642.000000000007 156387.00000000003 37384.000000000007 40803.900390625007 -1.0000000180025095e-35 62.189002990722663 2849.900024414063 1.5000000000000002 4.5000000000000009 5982.0000000000009 6599.0000000000009 5005.7001953125009 10801.000000000002 1.5000000000000002 57777.000000000007 8528.1000976562518 42.500000000000007 18796.100585937504 10.500000000000002 2604.900024414063 17.500000000000004 50599.000000000007
decision_type=2 2 2 2 2 2 2 2 2 2 2 2 2 2 2 2 2 2 2 2 2 2 2 2 2 2 2 2 2 2 2 2 2 2 2 2 2 2 2 2 2 2 2 2 2 2 2 2 2
left_child=11 2 9 4 5 -4 -7 -8 -9 -2 -10 12 25 14 -14 21 -17 18 20 -20 -11 -16 24 -24 -23 26 27 29 -29 36 -31 -27 33 34 -28 -32 -1 38 -38 40 -33 42 43 -42 -44 -46 47 48 -47
right_child=1 -3 3 -5 -6 6 7 8 10 17 -12 -13 13 -15 15 16 -18 -19 19 -21 -22 22 23 -25 -26 31 32 28 -30 30 35 39 -34 -35 -36 -37 37 -39 -40 -41 41 -43 44 -45 45 46 -48 -49 -50
leaf_value=0.01676116287765602 0.031132697927173689 0.021163790334709977 0.019565278260981651 0.026994617380588833 -0.035223961090500619 0.0074816953522189875 -0.060966546187450878 -0.029111554688606201 -0.033304127315980592 -0.040533002183240456 0.026623730818836119 0.026349381028261766 -0.052933175913528793 -0.041867144623922152 0.0082370339506420177 0.0051892274726671652 -0.052783426504276157 0.01674072453442103 -0.057806350653076294 0.031001405598298143 0.0095293444034481884 -0.050782564208711009 0.03024157158272138 -0.01556198994589685 0.036851962336652375 0.033606657685095603 0.031436140962142201 -0.037569385527946995 0.033848881778646873 0.064392821077031981 0.043648840417622486 -0.00037369964823850705 -0.0013914124594633923 -0.038286211782629781 -0.027558610985681499 -0.021829280052049555 -0.052552854270317688 0.0015808391373664525 0.0095321089996577776 -0.0025908989163186112 -0.050235760834140886 0.0020558482593843182 0.010071577164303647 -0.0036934080207297933 0.0064733493808207098 -0.010818872873372888 0.0038363290626117312 0.042479023012313773 -0.057916675868980513
leaf_weight=174.99875791370869 91.827069312334061 209.19731993973255 112.14007861912251 75.951157316565514 86.36166974902153 196.42384079098701 34.344468846917152 105.89230550825596 16.914762005209923 16.152581214904785 43.313715800642967 65.360247492790222 16.295010790228844 32.525892049074173 256.3503543138504 42.759215712547302 39.784503608942032 298.38642513751984 46.847791165113449 9.4134086519479734 468.20762494206429 40.329208627343178 32.192318916320801 52.581006042659283 5.7480389177799216 48.768986389040947 40.534277454018593 88.239119917154312 23.415528997778893 33.717838816344738 16.166131362318993 3792.4599382355809 5963.4460656680167 81.111782886087894 38.087116785347462 24.421761430799961 30.737258933484554 16225.363434396684 16.740214176476002 1527.4035702124238 30.36705718934536 14400.280494302511 2094.0700869709253 151.20574067533016 3640.2862073406577 490.58559539541602 1205.9461107105017 19.508465424180031 25.183917135000229
leaf_count=303 91 222 148 83 270 337 142 326 53 55 43 49 70 120 471 83 151 427 199 8 857 151 34 133 7 39 52 656 36 52 23 8714 15078 306 135 119 131 39131 37 4990 115 30569 3707 339 7013 1295 2510 15 112
internal_value=0.00176322 0.00649085 0.004575 -0.0028522 -0.00665962 -0.00181341 -0.0078539 -0.0228803 -0.0150062 0.00993168 0.0097934 0.00159454 0.00156263 -0.00708056 -0.00475263 -0.00308129 -0.0227525 0.00761129 0.00257246 -0.0429474 0.00785985 0.00111222 -0.012846 0.00183172 -0.0398503 0.00165194 0.000692968 0.00162009 -0.022592 0.00178372 0.0315414 0.00244766 -0.0018256 -0.0180354 0.0028569 0.00425061 0.00164928 0.00148677 -0.0306621 0.00239215 0.00268659 0.00321276 0.00538848 -0.0114774 0.00579813 0.00413523 -0.000752945 -0.0110923 -0.0131186
internal_weight=52578.3 1811.37 1602.18 671.342 595.391 509.029 396.889 200.465 166.121 930.835 60.2285 50767 50701.6 518.566 486.04 469.745 82.5437 839.008 540.621 56.2612 484.36 387.201 130.851 84.7733 46.0772 50183 22757 16633.8 111.655 16522.1 74.3057 27426.1 6123.18 159.733 78.6214 40.5879 16447.8 16272.8 47.4775 27377.3 25849.9 22057.4 7657.15 181.573 7475.58 5381.51 1741.22 535.278 515.77
internal_count=120007 3261 3039 1402 1319 1049 901 564 422 1637 96 116746 116697 1220 1100 1030 234 1546 1119 207 912 796 325 167 158 115477 56059 40488 692 39796 194 59418 15571 493 187 142 39602 39299 168 59379 54389 45675 15106 454 14652 10945 3932 1422 1407
is_linear=0
shrinkage=0.03


Tree=120
num_leaves=50
num_cat=0
split_feature=3 2 7 7 4 3 6 19 19 19 0 2 2 8 6 13 18 7 7 3 6 7 19 19 6 16 8 12 7 2 19 2 3 1 0 18 16 8 7 8 15 2 8 6 8 4 3 3 8
split_gain=60.0863 68.6676 56.1602 54.4697 55.9859 52.2222 62.9361 59.7684 80.8063 59.3277 57.5617 52.0843 68.9625 62.5015 60.7177 53.5392 55.1224 50.3729 58.7896 50.2279 48.2116 61.6744 58.491 65.0646 57.9601 47.2627 48.7308 45.027 43.8793 42.5236 87.1663 54.6117 96.9322 107.025 100.015 46.5968 43.9165 53.9941 45.0265 42.5834 47.6318 42.4331 41.6028 80.567 69.0931 43.9136 52.5159 54.98 42.7317
threshold=6305.6833496093759 72639.535156250015 6534.7001953125009 4398.1000976562509 611.90701293945324 4899.5668945312509 30000.500000000004 64.500000000000014 60.500000000000007 57.500000000000007 4.5000000000000009 41078.884765625007 116126.73828125001 124020.00000000001 58019.400390625007 3.5000000000000004 2.5000000000000004 7854.0002441406259 8319.8999023437518 5200.6091308593759 50599.000000000007 8837.8002929687518 12.500000000000002 31.500000000000004 53883.000000000007 4.5000000000000009 21801.000000000004 25.500000000000004 5038.5000000000009 43067.000000000007 48.500000000000007 63996.500000000007 5417.1550292968759 6.5000000000000009 2.5000000000000004 3.5000000000000004 5.5000000000000009 24595.299804687504 7343.9001464843759 38556.500000000007 1.5000000000000002 160027.39843750003 47702.000000000007 250377.60156250003 41979.201171875007 79182.000000000015 3715.665161132813 4305.7966308593759 46001.000000000007
decision_type=2 2 2 2 2 2 2 2 2 2 2 2 2 2 2 2 2 2 2 2 2 2 2 2 2 2 2 2 2 2 2 2 2 2 2 2 2 2 2 2 2 2 2 2 2 2 2 2 2
left_child=1 5 -2 4 -3 -1 28 8 9 10 20 13 15 14 -4 -13 17 -17 -19 -11 21 22 -8 25 -22 26 -24 29 -7 30 -26 -31 33 -33 -35 -32 37 -34 -38 -40 -41 -6 44 -44 45 46 -5 -48 -46
right_child=2 3 11 42 41 6 7 -9 -10 19 -12 12 -14 -15 -16 16 -18 18 -20 -21 24 -23 23 -25 27 -27 -28 -29 -30 31 35 32 36 34 -36 -37 38 -39 39 40 -42 -43 43 -45 48 -47 47 -49 -50
leaf_value=0.0016144803786919829 -0.031768127027295416 0.040975252384671063 0.0039935106207455925 -0.030992093180060024 -0.02119734878145265 0.012552431909749463 0.03420835751804855 -0.045244722923195688 0.018346274695103967 -0.067489396900392656 -0.060128136883981345 0.012810327317579666 0.0048363627289271195 -0.057029983328845478 0.035661183322033059 0.015339010455760036 -0.014352639722773912 -0.054559486215858183 -0.0044227760339773572 -0.013529204023400259 -0.048345528685362057 -0.031418025391270726 0.055516271241398268 0.014899933847369222 -0.0318290212650977 -0.046652745247095589 -0.049916981818449481 0.023279000970640167 -0.032182445330706654 0.0017078877106453155 0.030173320661092271 -0.059284769315521735 -0.055716533891253819 0.017920526571618803 -0.067033789166438207 -0.02820701136595713 -0.055859119829673551 0.018687825439662721 0.017667243230143348 -0.0034497003646180857 -0.068569564019464027 0.047663399500237576 0.012659646054750928 -0.017077183896357404 -0.061375080887590409 0.053648613310774841 0.02324673491408507 0.0016965924482413889 0.0029591539460836103
leaf_weight=45050.755638487637 60.077277764678001 16.84500578045845 206.02752228826284 38.060190692543983 130.25845262408257 24.448242641985416 87.154283940792084 28.152642898261547 174.1297619715333 21.737491831183434 15.175066642463205 111.16526497900486 579.3096014559269 12.187693454325197 74.085558984428644 116.07164195179939 765.67890936136246 21.862626016139984 565.58776333928108 54.325745113193989 25.595930859446526 29.990832913666964 10.398785129189493 139.92337271943688 122.68749462813139 32.075187653303146 6.3574992641806594 57.255135133862495 102.33421286195517 971.79899264127016 40.999504819512367 66.430272437632084 9.5590488165616971 46.559364587068558 17.035387590527534 17.580792173743248 19.034074664115906 107.42036636173725 40.242498263716698 31.188634932041168 14.957122474908827 8.5846444964408857 1340.1826267465949 87.34349699318409 23.925536498427391 15.977333575487135 126.3137215077877 680.91452983021736 15.192179650068281
leaf_count=103244 216 8 648 115 460 60 151 143 260 93 66 150 1108 56 151 212 2465 96 1457 138 122 141 12 293 505 155 29 94 480 2217 57 278 40 63 71 63 81 164 65 66 62 3 1973 204 101 22 151 1328 29
internal_value=0.00141552 0.00164366 -0.00311156 0.00650615 -0.0106735 0.00138869 -0.00300608 -0.0018152 -0.00124906 -0.0029676 -0.00193256 -0.00240943 -0.00401799 0.00947547 0.0123691 -0.0072637 -0.00878258 -0.00272039 -0.00628867 -0.02895 -0.00146635 0.00943956 0.0138807 0.00449476 -0.00356673 -0.0253206 0.0155139 -0.0028333 -0.0235559 -0.00382637 -0.0174539 -0.00196096 -0.0120776 -0.0326543 -0.00483654 0.0126525 -4.76232e-05 0.0126078 -0.0140904 -0.00488748 -0.0245569 -0.0169397 0.00765511 0.0108402 0.00260526 0.00437636 0.00344504 0.00506872 -0.0363895
internal_weight=52361 49848.9 2512.05 2483.6 155.688 47365.3 2314.55 2187.77 2159.61 1985.48 1909.42 2451.98 2159.68 292.301 280.113 1580.37 1469.2 703.522 587.45 76.0632 1894.24 305.9 275.909 188.755 1588.34 48.8315 16.7563 1562.75 126.782 1505.49 181.268 1324.23 352.427 130.025 63.5948 58.5803 222.402 116.979 105.422 86.3883 46.1458 138.843 2327.91 1427.53 900.383 861.266 845.288 807.228 39.1177
internal_count=120166 113607 6559 4394 471 109213 5969 5429 5286 5026 4795 6343 5488 855 799 4380 4230 1765 1553 231 4729 781 640 489 3948 196 41 3826 540 3732 625 3107 890 412 134 120 478 204 274 193 128 463 3923 2177 1746 1616 1594 1479 130
is_linear=0
shrinkage=0.03


Tree=121
num_leaves=50
num_cat=0
split_feature=3 2 2 2 6 10 13 6 6 6 8 2 8 2 1 1 10 3 6 19 19 0 19 10 2 6 6 6 19 16 19 6 8 12 12 11 2 19 2 3 1 10 10 10 10 12 18 19 16
split_gain=56.5612 64.7817 50.8146 64.3669 63.9666 59.2536 60.1889 53.2118 94.288 60.7686 59.6515 71.491 57.1639 53.1178 97.8902 84.6569 60.9562 49.1868 59.813 57.2835 76.1795 55.7396 55.5285 47.9282 59.723 47.3647 45.356 59.108 70.4372 66.4238 57.4278 55.4504 51.9921 42.3499 40.7896 40.4885 40.3451 82.804 51.4628 91.4709 101.262 103.952 61.686 56.8423 56.4992 54.9477 43.8548 42.7698 41.3562
threshold=6305.6833496093759 72639.535156250015 116126.73828125001 41078.884765625007 58019.400390625007 199597.21093750003 4.5000000000000009 104001.00000000001 124823.00000000001 102445.10156250001 146495.50000000003 67982.000000000015 15999.899902343752 92693.667968750015 4.5000000000000009 2.5000000000000004 178088.06250000003 4899.5668945312509 30000.500000000004 64.500000000000014 60.500000000000007 4.5000000000000009 57.500000000000007 228592.40625000003 33659.412109375007 74002.000000000015 50599.000000000007 39999.900390625007 14.500000000000002 7.5000000000000009 53.500000000000007 53883.000000000007 53276.201171875007 25.500000000000004 9.5000000000000018 1.5000000000000002 43067.000000000007 48.500000000000007 63996.500000000007 5417.1550292968759 6.5000000000000009 10622.800292968752 22790.924804687504 13658.899902343752 206060.70312500003 15.500000000000002 3.5000000000000004 51.500000000000007 5.5000000000000009
decision_type=2 2 2 2 2 2 2 2 2 2 2 2 2 2 2 2 2 2 2 2 2 2 2 2 2 2 2 2 2 2 2 2 2 2 2 2 2 2 2 2 2 2 2 2 2 2 2 2 2
left_child=1 17 3 4 -2 6 -5 9 -9 12 11 -10 34 14 16 -15 -13 35 -19 20 21 22 26 24 -24 -3 27 30 32 -30 -20 -28 -29 36 -8 -1 37 -33 42 40 -40 -42 43 45 -44 47 -39 -38 -41
right_child=2 25 -4 5 -6 -7 7 8 10 -11 -12 13 -14 15 -16 -17 -18 18 19 -21 -22 -23 23 -25 -26 -27 31 28 29 -31 -32 33 -34 -35 -36 -37 38 46 39 48 41 -43 44 -45 -46 -47 -48 -49 -50
leaf_value=0.011256691610004517 -0.00077408687809300098 -0.057093015951767828 0.0047290938832144592 0.009415303855687349 0.030786624195898379 0.014066952741394915 0.029116268040913305 -0.045349102675397879 -0.050077447687666116 0.037856821753122293 0.0034144678278601845 -0.051207490959518383 -0.010352775986291377 0.0027274511581778797 0.0057747702104771368 -0.042667308196857004 0.063284273018200499 -0.023040852818975766 -0.029173039845053084 -0.044645294343426636 0.017832812359000992 -0.058948332131629741 0.01897733778397032 0.03312860280803781 -0.051744696292963341 0.0065924480267216742 -0.047582770345397166 0.047210439439547822 -0.026522562293699228 0.016541327228144803 0.048169330553392224 -0.031142745280935857 -0.013998432075168897 0.022561304367733542 -0.021256968682800081 0.0014825341789314861 0.0019334215626783165 0.029244512035670016 -0.057717605915037801 0.012246862955708487 0.021184895025220987 -0.061599939770687152 0.013076478328999511 -0.054913602530983895 -0.055259403742697277 -0.038969101717159199 -0.027446265208761318 -0.032278903874981134 -0.013672637542207039
leaf_weight=384.71566566079855 225.42005083709955 10.555270463228224 584.24934303015471 141.06075574457645 77.724886924028397 104.87836571037769 59.684205763041973 91.581082746386528 55.502282995730639 28.29801283031702 154.30711217224598 47.041655790060759 571.75519374385476 56.702027007937431 182.14902530610561 106.26788146793842 4.5938634276390067 125.75139525532722 53.199302934110165 27.681839123368263 173.77461992204189 15.831501282751558 13.560446217656134 10.107135787606238 51.792083479464054 2469.0905084200203 25.231559097766876 74.778688371181488 46.237166658043861 106.45422215387225 10.315743926912544 121.64523813501 14.994004905223845 57.303401045501232 19.096449874341488 44667.365140579641 500.80565500631928 41.032058201730251 66.190416134893894 116.81250542402267 43.668644264340401 19.859765857458115 369.95872659981251 19.402214825153351 11.219188645482062 35.27269621193409 17.526866368949413 35.197567015886307 105.38526581227779
leaf_count=575 741 48 1116 205 166 171 79 413 264 37 281 218 1917 124 366 387 2 540 237 143 260 69 23 9 196 4346 122 89 177 215 10 505 53 94 72 102669 1128 57 278 204 52 82 696 87 47 143 63 116 274
internal_value=0.00137321 0.00159451 -0.00302065 -0.00537145 0.00731793 -0.0077417 -0.00924842 -0.0111604 -0.0169757 -0.00517966 -0.0126917 -0.0181871 -0.00705173 -0.0137259 -0.00456102 -0.0268731 -0.0410215 0.00134704 -0.00292155 -0.00176377 -0.00121359 -0.00288201 -0.00243097 -0.0276676 -0.0370701 0.00632135 -0.00142471 0.00915071 0.0158993 0.00350096 -0.0166115 -0.00346431 0.0369872 -0.00275132 0.0169058 0.001566 -0.00371577 -0.0170332 -0.00190288 -0.0117326 -0.0317502 -0.00469467 0.00165655 -0.00441503 0.0110652 -0.00269995 0.0122768 -0.000313189 -4.63902e-05
internal_weight=52353 49842.7 2510.31 1926.06 303.145 1622.92 1518.04 1376.98 698.145 678.834 606.564 452.257 650.536 396.754 233.785 162.97 51.6355 47363.1 2310.99 2185.24 2157.56 1983.78 1967.95 75.4597 65.3525 2479.65 1892.49 305.979 242.464 152.691 63.515 1586.51 89.7727 1561.28 78.7807 45052.1 1503.98 180.204 1323.77 351.917 129.719 63.5284 971.856 590.678 381.178 571.276 58.5589 536.003 222.198
internal_count=120166 113607 6559 5443 907 4536 4365 4160 2055 2105 1642 1361 2068 1097 586 511 220 109213 5969 5429 5286 5026 4957 228 219 4394 4729 781 534 392 247 3948 142 3826 151 103244 3732 625 3107 890 412 134 2217 1474 743 1387 120 1244 478
is_linear=0
shrinkage=0.03


Tree=122
num_leaves=50
num_cat=0
split_feature=3 2 7 7 4 3 4 7 5 3 19 9 3 2 2 8 10 2 3 3 19 11 19 8 19 7 8 9 2 9 9 19 3 9 2 19 8 8 7 8 9 2 7 10 19 2 3 2 7
split_gain=53.2733 61.0568 52.961 51.141 53.0243 48.2441 79.8008 72.8762 60.3074 54.6762 60.2794 50.2277 87.6562 46.3013 61.0478 58.9949 52.4147 46.3153 51.16 58.3188 57.1315 43.7685 43.5821 42.3979 42.2912 50.1763 119.962 103.79 61.0171 59.1814 47.7564 70.3342 64.1936 63.3253 93.9682 66.8652 57.7667 56.8021 61.7043 56.6071 119.795 69.8304 52.154 51.9826 50.4945 57.9919 44.7576 50.1396 49.9043
threshold=6305.6833496093759 72639.535156250015 6534.7001953125009 4398.1000976562509 611.90701293945324 3002.6901855468755 180.20000457763675 13177.700195312502 0.13809524476528171 4305.7966308593759 7.5000000000000009 18002.799804687504 5153.7292480468759 41078.884765625007 116126.73828125001 124020.00000000001 199597.21093750003 24957.187500000004 9653.9995117187518 7642.9501953125009 19.500000000000004 2.5000000000000004 27.500000000000004 119036.90234375001 21.500000000000004 3970.500122070313 15488.100097656252 1236.3000488281252 13263.608398437502 1448.100036621094 3219.3000488281255 16.500000000000004 5607.1000976562509 3336.099975585938 57600.300781250007 14.500000000000002 26996.100585937504 69975.000000000015 5353.9001464843759 35994.400390625007 2202.500122070313 48148.000000000007 6927.1000976562509 103755.30078125001 2.5000000000000004 44603.207031250007 3327.633422851563 46841.935546875007 3849.3000488281255
decision_type=2 2 2 2 2 2 2 2 2 2 2 2 2 2 2 2 2 2 2 2 2 2 2 2 2 2 2 2 2 2 2 2 2 2 2 2 2 2 2 2 2 2 2 2 2 2 2 2 2
left_child=1 5 -2 4 -3 21 7 9 11 10 -7 24 -13 15 16 17 -15 -4 19 20 -19 -1 -21 -20 30 26 27 -26 29 -28 39 33 36 34 -32 -35 -33 38 -37 -8 41 -41 -40 44 45 -42 -30 -48 -49
right_child=2 3 13 -5 -6 6 8 -9 -10 -11 -12 12 -14 14 -16 -17 -18 18 23 22 -22 -23 -24 -25 25 -27 28 -29 46 -31 31 32 -34 35 -36 37 -38 -39 42 40 43 -43 -44 -45 -46 -47 47 48 -50
leaf_value=0.0021703876280673995 -0.030830187262948422 0.04008515753358733 -0.014950834892880016 0.0072523487886476824 -0.016619910175737409 -0.049042843285499321 0.0034323033700396537 0.019174045323771944 0.020990174970417795 -0.027204542714500551 -0.005393454777368311 -0.056726066801426583 0.016496691729367862 -0.0083017902201601382 0.0045549549999265113 -0.055932067534399367 0.013665162414375955 0.036240028101942136 -0.044751314108564019 -0.0063973061278710846 -0.0064709730526781575 0.013301479111890875 0.050416724108754155 0.058402770489180085 0.0079679678674653299 -0.00054746812196997769 0.04254140834807104 -0.044417884954408522 0.015245475658859796 -0.033556232955321966 -0.051392283138409781 -0.027318341792371623 -0.052753467313509765 -1.5769865932209236e-05 0.028776597339059976 -0.024047173336160424 0.010401785333318352 -0.034826431231274081 0.03068918139753575 -0.028345576371934141 -0.023427999996475279 0.022994327559749537 -0.027444079985937054 -0.029002801170010587 0.027038037031372725 0.032164721076935569 -0.0032282929056444412 0.023653736591005781 -0.028900061933023798
leaf_weight=21706.486784934998 59.796421699225903 16.623276188969612 48.517374254763126 2321.9268487617373 138.45444184541702 29.7569345459342 3040.1969762742519 79.641681954264641 131.65659976005554 150.98098301142454 660.67031364142895 35.77406470477581 24.994412079453468 1469.5288149937987 578.62446171790361 12.10210946947336 104.72553159296513 43.683611262589693 18.747963257133964 14.622347295284269 79.451563395559788 322.6538195386529 71.921085238456726 4.4341812133789054 61.465983331203461 16093.797586623579 11.165038764476774 76.281489983201027 652.52418247610331 52.203056126832962 51.54825272411108 38.334421530365944 15.622214425355194 2017.5280000790954 17.669022589921951 74.379120372235775 780.82259194925427 94.815943337976933 51.758387207984924 82.614197827875614 41.405254758894444 33.517647221684456 18.983537644147873 18.275077193975449 371.0805533900857 28.520330473780632 337.17949471622705 136.44953988492489 18.462246030569077
leaf_count=47229 216 8 195 3923 463 137 7101 126 134 519 1570 157 41 4209 1108 56 171 93 110 63 255 463 82 1 123 39759 15 285 1123 206 226 131 72 5163 22 254 1586 333 67 330 154 55 65 58 596 38 846 169 60
internal_value=0.0013322 0.00154683 -0.00293573 0.00613833 -0.0105415 0.00130668 0.000413742 -0.00825468 0.000740836 -0.0108509 -0.00727471 0.000631024 -0.0266091 -0.00225391 -0.00377774 0.00892445 -0.00684046 0.0117139 0.0172696 0.0219452 0.00868124 0.00233342 0.0408174 -0.0250204 0.000699379 -8.21466e-05 0.0054827 -0.0210422 0.00850736 -0.0201483 0.00271049 1.73256e-05 0.00748772 -0.00266294 -0.0309277 -0.0017963 0.00863658 -0.016768 -0.00496944 0.00506537 0.0136937 -0.013528 0.0150892 0.0205769 0.0226314 -0.00075357 0.0100938 0.00326254 0.0173904
internal_weight=52342.4 49836.2 2506.16 2477 155.078 47359.2 25330.1 921.05 24409 841.408 690.427 24277.4 60.7685 2446.36 2152.88 293.48 1574.25 281.378 232.861 209.679 123.135 22029.1 86.5434 23.1821 24216.6 17439.5 1345.73 137.747 1207.98 63.3681 6777.07 3161.46 834.779 2326.68 69.2173 2257.46 819.157 239.937 145.121 3615.61 575.413 116.132 70.7419 459.281 441.006 69.9256 1144.62 492.091 154.912
internal_count=120166 113607 6559 4394 471 109213 61521 2352 59169 2226 1707 59035 198 6343 5488 855 4380 799 604 493 348 47692 145 111 58837 42586 2827 408 2419 221 16251 7919 1789 6130 248 5882 1717 719 386 8332 1231 385 132 846 788 192 2198 1075 229
is_linear=0
shrinkage=0.03


Tree=123
num_leaves=50
num_cat=0
split_feature=3 2 3 6 19 19 19 9 4 6 6 19 19 16 6 3 2 2 6 10 13 6 6 9 1 2 18 6 19 9 2 6 1 2 6 2 9 6 12 2 6 9 9 10 13 13 2 2 9
split_gain=50.1511 57.5739 45.4242 56.6051 54.8176 71.9787 52.3609 48.5978 63.6231 46.2896 55.6766 65.1007 54.3486 52.4647 51.792 45.7539 45.2386 56.9968 57.9567 52.6425 56.9091 50.5678 90.673 69.0636 59.4032 70.494 69.6847 57.0418 52.6949 66.1584 94.1462 58.1428 51.8584 71.9972 49.3613 47.3867 44.5663 44.5373 40.6655 39.4386 39.2649 40.6866 39.217 39.833 38.8832 51.4788 38.7885 44.539 38.6149
threshold=6305.6833496093759 72639.535156250015 4899.5668945312509 30000.500000000004 64.500000000000014 60.500000000000007 57.500000000000007 18002.799804687504 8001.1931152343759 50599.000000000007 39999.900390625007 12.500000000000002 53.500000000000007 8.5000000000000018 53883.000000000007 5200.6091308593759 116126.73828125001 41078.884765625007 58019.400390625007 199597.21093750003 4.5000000000000009 104001.00000000001 124823.00000000001 9419.3999023437518 2.5000000000000004 92693.667968750015 3.5000000000000004 102445.10156250001 25.500000000000004 2114.900024414063 52494.400390625007 67999.000000000015 4.5000000000000009 67982.000000000015 71733.699218750015 44927.859375000007 2872.900024414063 74002.000000000015 25.500000000000004 85396.699218750015 14354.300292968752 4954.6000976562509 2960.3000488281255 133517.00000000003 14.500000000000002 26.500000000000004 35162.625000000007 24957.187500000004 1079.2000122070315
decision_type=2 2 2 2 2 2 2 2 2 2 2 2 2 2 2 2 2 2 2 2 2 2 2 2 2 2 2 2 2 2 2 2 2 2 2 2 2 2 2 2 2 2 2 2 2 2 2 2 2
left_child=1 2 7 40 5 6 9 -1 -9 10 12 -12 -5 36 -11 -8 17 18 46 20 -19 27 -23 24 -24 26 32 28 35 31 -31 -30 -26 -34 -32 -22 -13 -3 -16 -28 -4 -42 43 -27 -39 -46 47 -2 -18
right_child=16 37 3 4 -6 -7 15 8 -10 14 11 13 -14 -15 38 -17 48 19 -20 -21 21 22 23 -25 25 42 39 -29 29 30 34 -33 33 -35 -36 -37 -38 44 -40 -41 41 -43 -44 -45 45 -47 -48 -49 -50
leaf_value=0.0015166423568624176 -0.017805787691211772 -0.055781201251825917 0.022574041411331167 -0.02861405453048144 -0.0440515395298458 0.01735541644272718 -0.063855913210545484 0.024977569840989158 -0.040464196168939821 -0.046854839787857497 0.037002751205679252 0.014668772143649688 0.046548600060969211 0.018491521234704936 -0.0041335654261523041 -0.012462092415725559 0.036949816469555266 0.0094127145376700604 0.029057672418343422 0.013275321799930637 0.019290686777247962 -0.044299630386263562 0.0063517413880455212 0.0031966551254210057 -0.039286784162890755 -0.040813766896286248 -0.0506353349424759 0.036876829905385655 -0.023930584148425325 -0.047467241912556614 0.017560690762714552 0.03196700200648446 -0.049495882299114786 0.012945513522215501 -0.0087470412954692052 -0.026228972266728694 -0.036150545833172044 0.0066378568020913371 0.021553350061144991 -0.006027679161255059 -0.04458895278022313 -0.0076295686451590822 -0.060366958488108309 0.026807923786475236 -0.057287100415606626 0.026312332226920903 -0.025850297280799909 0.014934646662902508 0.0026320757206732843
leaf_weight=44977.126135267317 52.92759145796299 10.469819046556948 15.271288178861139 52.667912360280752 27.182047627866268 173.37062323093414 21.838957697153091 18.032758519053459 51.714474327862263 24.838179603219032 82.692323587834835 25.371421635150909 10.361523579806088 94.753610111773014 1516.3314844369888 54.485495202243328 31.174581840634346 141.04064996540546 78.464105684310198 104.56924998760223 23.668516889214516 90.421491764485836 70.320619575679302 184.74737621843815 30.623247839510441 27.699166402220726 60.118137452751398 28.373265139758587 21.192821472883224 45.688613794744015 88.930917374789715 79.84489443898201 19.413553200662136 115.46554872393608 230.72030188143253 157.86876436322927 40.041487865149975 2433.9375511743128 57.574395149946213 25.36380435153842 62.65195469558239 46.854103855788708 60.483395509421825 10.934981122612951 19.040997199714187 10.170009076595305 44.846654005348682 127.42466190457344 552.44136923551559
leaf_count=103024 220 48 41 237 143 260 93 24 196 122 125 63 10 178 3797 138 31 205 166 171 65 413 149 362 124 101 284 37 83 222 197 133 94 194 677 691 168 4247 95 62 335 164 260 12 88 11 187 334 1085
internal_value=0.00129245 0.00150067 0.0012676 -0.00283885 -0.00171481 -0.00118063 -0.00280287 0.00147784 -0.0235446 -0.00182651 0.00886565 0.015386 -0.0162579 0.0042255 -0.00387224 -0.0271676 -0.00284971 -0.00507187 0.00685401 -0.0073108 -0.00873366 -0.0105993 -0.0162785 -0.0120917 -0.0188099 -0.0238638 -0.0154042 -0.00475794 -0.00658119 -0.00124341 -0.00718549 0.0202424 -0.00404356 0.00395814 -0.00142791 -0.0202942 -0.0164395 0.00596248 -0.00319392 -0.0373996 -0.0224907 -0.0287752 -0.0452852 -0.0216742 0.00622493 -0.0281814 -0.000882218 0.00532638 0.0044652
internal_weight=52331.5 49826.8 47353.2 2306.29 2181.51 2154.33 1980.96 45046.9 69.7472 1904.63 305.888 242.859 63.0294 160.167 1598.74 76.3245 2504.77 1921.15 303.663 1617.49 1512.92 1371.88 695.591 605.17 420.422 350.102 250.984 676.288 647.915 466.378 365.34 101.038 165.502 134.879 319.651 181.537 65.4129 2473.62 1573.91 85.4819 124.777 109.506 99.1175 38.6341 2463.15 29.211 225.199 180.352 583.616
internal_count=120166 113607 109213 5969 5429 5286 5026 103244 220 4795 781 534 247 409 4014 231 6559 5443 907 4536 4365 4160 2055 1642 1280 1131 758 2105 2068 1312 1096 216 412 288 874 756 231 4394 3892 346 540 499 373 113 4346 99 741 554 1116
is_linear=0
shrinkage=0.03


Tree=124
num_leaves=50
num_cat=0
split_feature=3 2 7 7 4 3 4 7 5 13 3 19 12 9 3 2 2 7 7 9 7 2 10 4 9 7 6 8 0 2 7 4 19 10 8 2 7 4 19 3 6 19 9 19 19 8 3 8 4
split_gain=47.2537 54.2752 49.9654 47.9336 50.1699 44.8085 75.2131 68.924 57.4098 51.7144 51.2612 57.6481 45.4689 45.0062 81.4378 44.0326 60.2985 70.1852 78.6504 67.3946 64.2344 57.0367 63.5246 71.9709 56.3354 54.1631 51.9774 61.0225 47.5607 66.1035 61.2709 65.8769 55.7202 93.274 68.2328 90.1483 75.2045 51.9088 51.7286 48.7545 47.5792 56.6413 47.2268 57.4592 76.5556 70.9529 67.4966 54.0734 44.9469
threshold=6305.6833496093759 72639.535156250015 6534.7001953125009 4398.1000976562509 611.90701293945324 3002.6901855468755 180.20000457763675 13177.700195312502 0.13809524476528171 2.5000000000000004 4305.7966308593759 7.5000000000000009 46.500000000000007 18002.799804687504 5153.7292480468759 31111.534179687504 57039.750000000007 7448.5000000000009 8105.3000488281259 5716.7001953125009 10973.899902343752 30679.820312500004 1.0000000180025095e-35 0.13700000196695331 3777.099975585938 6243.7001953125009 124823.00000000001 42699.900390625007 1.5000000000000002 7105.8332519531259 1466.9000244140627 29421.600585937504 4.5000000000000009 21420.396484375004 7800.6000976562509 15300.639648437502 8180.1000976562509 25092.700195312504 62.500000000000007 816.86666870117199 114004.30078125001 46.500000000000007 3390.700073242188 40.500000000000007 58.500000000000007 10572.200195312502 2611.185668945313 11507.000000000002 27360.266601562504
decision_type=2 2 2 2 2 2 2 2 2 2 2 2 2 2 2 2 2 2 2 2 2 2 2 2 2 2 2 2 2 2 2 2 2 2 2 2 2 2 2 2 2 2 2 2 2 2 2 2 2
left_child=1 5 -2 4 -3 9 7 10 13 -1 11 -7 15 -8 -15 21 17 25 19 -19 -20 28 24 -24 -23 26 -17 -28 30 -30 31 38 33 -31 35 -34 37 -37 -11 -32 -36 -42 43 45 -45 -27 -47 -46 -18
right_child=2 3 -4 -5 -6 6 8 -9 -10 12 -12 -13 -14 14 -16 16 48 18 20 -21 -22 22 23 -25 -26 42 27 -29 29 32 39 -33 34 -35 40 36 -38 -39 -40 -41 41 -43 -44 44 47 46 -48 -49 -50
leaf_value=0.0098197987095335008 -0.029956937728366155 0.039236701014096952 -0.0021093998245138757 0.0068700550105816995 -0.016271719990695516 -0.048232673767550943 0.00064412364694588296 0.018643604152199122 0.020522563172960327 0.0045306386787064799 -0.026436061721348839 -0.0052873640051650612 -0.050306442649536355 -0.054645458583447229 0.016142187213254718 0.0052177470647938352 -0.0042873815631990003 -0.056087984892884121 0.0046579801561363711 0.002264008447450869 -0.064893963540463465 0.010103122241860543 0.027018632838754577 -0.061119717543021666 -0.060937307317813647 0.03221208456427907 -0.0022352710129432424 -0.06954707940782956 -0.024768765115084676 -0.0026087820319559054 -0.047833033091629729 0.049983433346483204 0.009373670184173297 -0.051683709687415362 0.0047149095306126135 -0.056944194634420429 0.039138773266422705 0.038652630216909137 -0.035448918401888185 -0.0013512671255228373 -0.06291929690496903 -1.8100685766182605e-05 0.022961203304818188 0.024758321764860543 0.024515737388468021 -0.00082345134886013436 -0.061739025990893585 -0.066253348943493329 -0.039331516387259451
leaf_weight=777.23212724924088 59.399464763700962 16.392967835068703 2440.401756092906 2316.0917483791709 138.17574026435614 29.382610596716404 24214.636131443083 79.530339114367962 130.61197137832642 1860.2342027053237 150.5555769354105 660.79172821342945 14.980214878916739 35.297109797596931 24.977475747466087 4147.8375214897096 269.67635022848845 49.677141137421131 191.99059551954269 27.772884905338287 12.743902340531347 63.852424159646034 10.364544257521628 42.647558465600014 11.92229689657688 22.081877619028091 37.398662887513638 17.933899275958538 75.428110584616661 262.40856283158064 20.370756275951862 28.342548280954361 66.609221488237381 40.195812255144119 6532.8874074295163 63.156513258814812 9.9244767576456052 5.5622991174459449 29.590432718396187 6716.2435394525528 20.413388043642044 34.93215200304985 296.78390294313431 136.13252088427544 9.4576127082109469 34.227749869227409 31.378848776221275 15.732575729489325 37.522144548594952
leaf_count=1102 216 8 6343 3923 463 137 58837 126 134 4104 519 1570 66 157 41 8456 590 200 361 54 55 123 11 188 51 25 81 78 215 604 102 67 113 173 12013 251 8 6 112 17258 85 68 366 157 10 77 133 68 261
internal_value=0.0012538 0.00145575 -0.0027711 0.00579057 -0.0103847 0.00122957 0.000368939 -0.00805035 0.000686405 0.00221915 -0.0105755 -0.00711566 0.00194114 0.000579676 -0.0253114 0.001978 0.00433536 0.00512322 -0.00941273 -0.0351635 0.00032865 0.00118628 -0.0186974 -0.0438875 -0.00107429 0.00598694 0.00483243 -0.0240518 0.0013487 0.00316642 -0.0001449 0.0045855 0.00346589 -0.00912755 0.00403184 -0.0163067 -0.0380575 -0.0492063 0.00390465 -0.00149182 0.00448025 -0.0232183 0.0148779 0.00524376 0.0158684 -0.0143027 -0.0299586 -0.0321743 -0.00856778
internal_weight=52321.9 49822.1 2499.8 2470.66 154.569 47351.4 25325.8 920.26 24405.5 22025.6 840.73 690.174 21248.4 24274.9 60.2746 21233.4 5338.35 5031.15 282.185 77.45 204.734 15895.1 128.787 53.0121 75.7747 4748.97 4203.17 55.3326 15766.3 7111.52 8654.78 1918.17 7036.09 302.604 6733.49 145.253 78.6433 68.7188 1889.82 6736.61 6588.23 55.3455 545.795 249.011 161.323 87.6885 65.6066 25.1902 307.198
internal_count=120166 113607 6559 4394 471 109213 61521 2352 59169 47692 2226 1707 46590 59035 198 46524 10972 10121 670 254 416 35552 373 199 174 9451 8615 159 35179 13536 21643 4283 13321 777 12544 378 265 257 4216 17360 12166 153 836 470 235 235 210 78 851
is_linear=0
shrinkage=0.03


Tree=125
num_leaves=50
num_cat=0
split_feature=15 13 18 4 13 10 9 12 6 4 16 18 7 19 7 10 13 4 6 18 10 10 19 19 19 7 9 7 19 10 6 9 0 19 1 7 18 6 19 1 9 6 9 4 7 7 9 12 7
split_gain=65.9334 57.4298 58.1338 54.0248 53.2969 49.7262 59.7499 60.068 57.801 45.6249 44.378 61.8077 53.4453 43.413 41.9874 81.1176 88.6979 78.1739 73.1147 101.634 61.7204 57.5076 92.0391 54.7799 54.2256 54.3222 61.5356 63.3312 87.7463 107.991 49.5019 46.9605 44.4348 44.8658 43.3723 44.1793 42.8048 72.9254 51.0287 55.7622 53.7905 54.6893 44.5465 53.4376 44.1448 61.3733 51.4625 43.8713 42.9178
threshold=2.5000000000000004 2.5000000000000004 5.5000000000000009 47985.736328125007 1.5000000000000002 173919.31250000003 829.70001220703136 16.500000000000004 136831.60156250003 76869.148437500015 9.5000000000000018 2.5000000000000004 10837.100097656252 22.500000000000004 2702.099975585938 13223.200195312502 13.500000000000002 3807.145385742188 23387.000000000004 3.5000000000000004 1454.9000244140627 48280.341796875007 15.500000000000002 13.500000000000002 62.500000000000007 1125.5000000000002 2567.099975585938 1598.5000000000002 42.500000000000007 6335.2409667968759 9103.0000000000018 1736.100036621094 1.5000000000000002 32.500000000000007 1.5000000000000002 2671.900024414063 1.0000000180025095e-35 50000.099609375007 63.500000000000007 3.5000000000000004 6657.9001464843759 54000.701171875007 10485.500000000002 2.0160000324249272 5080.1000976562509 4834.7001953125009 5915.3000488281259 30.500000000000004 11435.300292968752
decision_type=2 2 2 2 2 2 2 2 2 2 2 2 2 2 2 2 2 2 2 2 2 2 2 2 2 2 2 2 2 2 2 2 2 2 2 2 2 2 2 2 2 2 2 2 2 2 2 2 2
left_child=1 2 -1 5 -4 6 7 13 -7 -5 12 -12 -11 -3 15 16 20 -17 31 21 -8 22 -20 -22 25 -25 27 -27 29 -29 -16 -19 33 -31 35 -21 37 44 40 -40 -39 -42 48 -44 45 -32 -47 -41 -38
right_child=-2 3 4 9 -6 8 14 -9 -10 10 11 -13 -14 -15 30 17 -18 18 19 34 23 -23 -24 24 -26 26 -28 28 -30 32 36 -33 -34 -35 -36 -37 42 38 39 47 41 -43 43 -45 -46 46 -48 -49 -50
leaf_value=0.0099668025168766512 0.0027521701733930438 0.021862841961902392 -0.00024838047370139796 -0.021032921783044996 -0.050339106077703866 0.014987571578253426 0.002491788414688033 -0.032125578495992631 0.00063107888040319791 -0.029558397974392036 -0.041894323597030436 0.034515597220191381 0.026494121574281038 0.0052332439203599933 -0.035014284163534554 0.028311635518222335 -0.04345772652539398 -0.0029901583681624512 -0.049767773252679483 -0.050615945034115047 -0.028756168740303081 0.029649742740353164 0.0084440885616554554 -0.029305556489973419 -0.05361065128970912 0.010496117133142966 0.010306820224192825 -0.056434794547073862 -0.055130489848776609 -0.048624482000592287 -0.010251371289272183 0.025282025679604983 0.028081735304640032 0.022795735983275438 -0.0088193180965190545 0.035946422516445316 7.9993776892899667e-05 0.0022678601729172122 0.016097058580413378 -0.050943898018644809 0.030190540214903229 -0.012154549650622321 -0.032731151001285055 0.0074792045348451262 -0.024746185331753719 0.027627482682293387 -0.051404068820376972 0.038246938546861516 -0.0061927862307542591
leaf_weight=903.73375909030437 20086.287113897502 224.4942913800478 64.415469624102116 194.82302416861057 27.185695700347424 451.96894858777523 4031.1205309852958 29.951554358005524 571.59312835335732 54.838829535990953 11.724682897329329 50.845106676220894 21.23885115608573 381.18653155863285 37.370070591568947 173.64024777710438 40.621705636382103 69.539728462696075 27.23079115152359 45.503911554813385 91.779697872698307 95.269922345876694 238.95657646656036 60.161162801086903 19.127780385315418 86.672561585903168 283.71267315745354 29.164810016751289 48.310954362154007 17.871165722608566 736.27167133241892 220.65270931273699 50.958168685436249 14.211089432239531 157.89339860528708 6.0069318562746039 18146.638491500169 1855.669239282608 21.015085376799107 47.562544219195843 29.394426450133324 414.91603331267834 30.688924498856068 967.04925335943699 163.33734411001205 64.713860973715782 8.3750398308038694 5.5417580455541602 1037.7983223386109
leaf_count=1323 42330 340 127 1193 103 699 9331 119 1178 350 66 131 61 759 165 204 214 158 124 219 350 109 471 214 83 164 532 126 197 80 2011 283 58 29 470 8 44478 4066 41 225 38 1087 104 1881 631 123 38 6 3015
internal_value=0.00140203 0.000564055 0.00765856 0.000338936 -0.0151145 0.000467995 0.000246218 0.00934615 0.0069704 -0.0116718 0.00148224 0.0201975 -0.01391 0.011397 4.93072e-05 0.00233391 0.000683364 0.00994896 0.00624594 1.3095e-05 0.0010622 0.00964784 0.00248905 -0.0071473 -0.00389707 -0.00228826 0.000773315 -0.0101688 -0.0213271 -0.00677277 -0.000513781 0.0185071 0.0106691 -0.0169883 -0.0166177 -0.0405215 -0.000458985 -0.0036012 -0.000766636 -0.0252671 2.29195e-05 -0.00935311 6.2086e-05 0.00624239 -0.0105196 -0.00764854 0.0185715 -0.0416363 -0.000259338
internal_weight=52449 32362.7 995.335 31367.4 91.6012 31033.9 30010.4 635.632 1023.56 333.47 138.647 62.5698 76.0777 605.681 29374.7 5808.41 4773.71 1034.69 861.054 570.862 4733.09 361.457 266.187 701.97 610.19 591.063 530.901 247.189 160.516 112.205 23566.3 290.192 83.0404 32.0823 209.404 51.5108 23529 3346.8 2374.1 74.1194 2299.98 444.31 20182.2 997.738 972.698 809.361 73.0889 53.1043 19184.4
internal_count=120112 77782 1553 76229 230 74428 72551 1218 1877 1801 608 197 411 1099 71333 13424 11378 2046 1842 1401 11164 704 595 1833 1483 1400 1186 654 490 293 57909 441 167 109 697 227 57744 8266 5463 272 5191 1125 49478 1985 2803 2172 161 231 47493
is_linear=0
shrinkage=0.03


Tree=126
num_leaves=50
num_cat=0
split_feature=15 13 18 4 13 5 10 8 16 7 8 16 19 7 10 19 8 8 6 6 8 14 8 10 6 18 8 15 8 4 19 18 19 19 1 4 10 19 16 7 16 8 18 19 19 8 1 1 6
split_gain=62.0321 54.1895 54.7874 51.2503 49.9361 48.8684 45.5592 55.7759 80.5794 52.7947 64.1234 60.7034 50.2702 46.118 56.7626 57.0524 57.1257 65.2417 56.9157 53.8311 50.6908 48.5999 49.2086 73.9441 61.4751 53.3899 63.716 52.7823 50.7267 50.6612 63.7857 53.9616 49.1666 45.5258 44.3861 43.5605 43.01 44.9097 41.8324 67.3021 41.782 67.5261 58.0768 40.7313 63.4945 40.0883 44.8315 50.834 44.6719
threshold=2.5000000000000004 2.5000000000000004 5.5000000000000009 47985.736328125007 1.5000000000000002 2.803571462631226 165109.42187500003 49999.000000000007 11.500000000000002 4666.7001953125009 30000.500000000004 2.5000000000000004 36.500000000000007 3908.099975585938 57546.919921875007 3.5000000000000004 36533.000000000007 33994.500000000007 38701.800781250007 9559.0000000000018 102204.19921875001 5.5000000000000009 77751.500000000015 43767.201171875007 5079.0000000000009 3.5000000000000004 72003.000000000015 1.5000000000000002 60000.500000000007 10150.044433593752 30.500000000000004 5.5000000000000009 70.500000000000014 35.500000000000007 8.5000000000000018 76869.148437500015 193849.46093750003 57.500000000000007 11.500000000000002 3288.900024414063 9.5000000000000018 146495.50000000003 2.5000000000000004 22.500000000000004 11.500000000000002 60000.500000000007 5.5000000000000009 3.5000000000000004 27994.900390625004
decision_type=2 2 2 2 2 2 2 2 2 2 2 2 2 2 2 2 2 2 2 2 2 2 2 2 2 2 2 2 2 2 2 2 2 2 2 2 2 2 2 2 2 2 2 2 2 2 2 2 2
left_child=1 2 -1 5 -4 6 13 8 9 -8 11 36 -9 14 15 16 17 19 -16 -3 -18 -17 25 24 -24 26 28 -26 32 45 31 -31 -23 43 -34 -5 -11 -38 -32 -40 41 -37 -42 44 -29 -27 47 48 -47
right_child=-2 3 4 35 -6 -7 7 12 -10 10 -12 -13 -14 -15 18 21 20 -19 -20 -21 -22 22 23 -25 27 29 -28 33 -30 30 38 -33 34 -35 -36 40 37 -39 39 -41 42 -43 -44 -45 -46 46 -48 -49 -50
leaf_value=0.0096949726643303334 0.0026698420033590912 0.020703428026792346 -0.00024091965919524193 -0.020636379277213721 -0.048672628745618222 0.028756365363200566 0.035112767642291556 -0.00018730220392069555 -0.045869366956653071 -0.06005652256069792 -0.019315327148975589 0.011443894464179906 0.019965480821257271 -0.00073811211163126984 0.041499234272877147 0.028103280431049794 -0.036764419084208237 0.034713568213768746 0.0082799990371452345 -0.013363904653230974 0.0067685449049800627 0.0026520215402351765 -0.054200447480405187 -0.045525694228106331 0.010997884734365452 -0.0002840678952674087 -0.0352482358116427 0.018540768129913222 0.015566009072445689 0.014272716920684934 -0.039621123162707779 -0.038508993974834073 -0.049145753695994089 -0.018542811807731138 0.022469471872229696 -0.029350396420804916 0.0044279087772335661 -0.063537246765122596 -0.03906718460372275 0.063304324277776824 -0.041448700256416039 0.037688436979312706 0.033139419451383656 0.021193850450272136 -0.059321858991700546 -0.035073658738427563 -0.061570887798902713 0.015805317039013861 -0.0016562268355739043
leaf_weight=901.23904644697905 20084.531514119357 50.767828971147537 64.417907454073429 192.64301229640841 27.271595612168312 54.809570670127869 42.108696505427361 162.87983702123165 32.374052241444588 16.842539861798286 117.8420924693346 333.99370025098324 352.45838961005211 18574.034248773009 52.785673752427101 62.464265197515488 97.405922994017601 37.631739191710949 384.85337345302105 234.86718989163637 31.975918412208557 4633.0978863164783 14.284355804324148 23.890694260597229 1132.7185400351882 3505.7069737389684 39.294987544417381 20.721112504601479 277.50421477109194 74.865885108709335 95.137630648910999 22.723782278597355 29.985704310238361 111.35505455732346 10.522110894322394 57.672285884618759 55.318862691521645 10.394117355346678 13.420605883002283 10.151867702603338 11.498635962605475 17.664483115077019 51.359772585332394 75.564895614981651 17.291674494743347 74.334617272019386 16.267717480659485 51.620307356119156 69.816488161683083
leaf_count=1323 42330 101 127 1193 103 36 41 347 119 71 330 604 418 46256 35 81 435 62 694 762 65 10013 60 85 1984 8527 135 36 489 302 625 158 137 314 12 384 111 43 89 22 66 27 131 111 72 306 69 91 180
internal_value=0.00136028 0.00054723 0.00744725 0.000328739 -0.0146462 0.00045398 0.000403893 0.00633255 0.000184988 0.00277123 0.000222794 0.00575014 0.0135959 0.000180586 0.00169428 0.00126645 -0.00915939 -0.00241702 0.0122867 -0.00730889 -0.0260055 0.00172098 0.0015613 0.00679937 0.00771055 0.000742043 0.00280225 0.00836194 0.00310425 -0.00187137 -0.0159854 0.00198248 0.00236431 -0.0049122 -0.0305433 -0.0114164 -0.017285 -0.00632245 -0.0307565 0.00502076 0.00143617 -0.0136316 0.0194951 0.00845168 -0.0168782 -0.00105021 -0.0137171 -0.00974066 -0.0188886
internal_weight=52434.4 32349.9 992.929 31356.9 91.6895 31026.1 30971.3 1124.21 608.874 576.5 534.391 416.549 515.338 29847.1 11273 10835.4 452.649 323.267 437.639 285.635 129.382 10382.7 10320.3 1395.83 1371.94 8924.45 4990.4 1357.65 4951.11 3934.05 216.3 97.5897 4673.61 224.933 40.5078 330.838 82.5555 65.713 118.71 23.5725 138.195 75.3368 62.8584 113.578 38.0128 3717.75 212.039 195.771 144.151
internal_count=120112 77782 1553 76229 230 74428 74392 2084 1319 1200 1159 829 765 72308 26052 25323 1425 925 729 863 500 23898 23817 2662 2577 21155 10786 2517 10651 10369 1196 460 10162 533 149 1801 225 154 736 111 608 411 197 219 108 9173 646 577 486
is_linear=0
shrinkage=0.03


Tree=127
num_leaves=50
num_cat=0
split_feature=3 19 4 2 19 10 9 9 9 9 6 9 4 2 3 2 11 14 2 7 7 7 3 2 9 18 2 12 9 9 3 9 4 10 2 7 9 1 6 9 9 4 18 6 7 12 19 7 9
split_gain=51.7498 98.1641 52.1813 56.8489 53.1883 103.06 50.6171 90.2255 52.6471 49.8385 64.0146 51.198 69.7107 55.2552 54.5117 113.098 62.1008 60.8578 56.639 49.3649 47.9136 47.3939 65.1767 44.9324 43.8273 43.6627 103.9 64.3082 61.1614 59.4387 48.1068 42.6821 42.629 55.9437 41.2258 89.7431 93.4992 63.8135 61.5469 56.7491 45.7464 43.3629 49.3952 41.1165 77.5208 68.152 51.2295 54.394 61.7533
threshold=3002.6901855468755 63.500000000000007 45058.099609375007 31111.534179687504 4.5000000000000009 24290.500976562504 4144.1000976562509 7462.1000976562509 1648.3000488281252 916.10000610351574 48636.400390625007 1125.100036621094 180.20000457763675 26663.666992187504 2048.413452148438 11704.166503906252 1.5000000000000002 5.5000000000000009 10681.049804687502 4472.7001953125009 8585.7001953125018 7917.6000976562509 1852.1072387695315 30906.325195312504 15429.500488281252 1.0000000180025095e-35 16020.287597656252 16.500000000000004 5170.7001953125009 6308.1000976562509 2961.8200683593755 1153.100036621094 30598.100585937504 14949.600585937502 7557.5000000000009 2057.700073242188 4120.7001953125009 3.5000000000000004 7600.6999511718759 3748.3000488281255 9245.8002929687518 11800.339355468752 5.5000000000000009 180158.00000000003 7538.9001464843759 28.500000000000004 34.500000000000007 8383.3002929687518 5716.7001953125009
decision_type=2 2 2 2 2 2 2 2 2 2 2 2 2 2 2 2 2 2 2 2 2 2 2 2 2 2 2 2 2 2 2 2 2 2 2 2 2 2 2 2 2 2 2 2 2 2 2 2 2
left_child=2 -2 3 4 5 -1 8 -8 20 10 -6 12 -11 -14 24 16 -16 -18 -19 -10 -3 22 -12 -21 34 26 28 30 -17 -30 -28 -27 -33 -34 35 36 39 -38 -36 -13 -37 -40 -43 44 -5 46 -46 48 -48
right_child=1 6 -4 43 9 -7 7 -9 19 11 21 14 13 -15 15 25 17 18 -20 23 -22 -23 -24 -25 -26 31 27 -29 29 -31 -32 32 33 -35 38 40 37 -39 41 -41 -42 42 -44 -45 45 -47 47 -49 -50
leaf_value=-0.0025888400870207481 0.00076732445423219461 -0.049852472727571866 -0.010542670560141949 0.0054231649635437989 0.01355884786430416 -0.041629543193161297 -0.038049920575340464 -0.0036511201651659351 0.028115734411605905 -0.060509038143864165 0.0035088238984988273 0.001956115528099313 -0.0027266324155483029 -0.045951360202878599 0.040391961953631324 -0.051098608708251704 0.04593398453545619 -0.012701891391091709 -0.038826601082517634 -0.045028580879904773 0.0046460843785373386 0.045410237410406784 -0.061296251899691775 -0.00054777602670387613 -0.060744706828020786 -0.05705490908861828 0.0016348531840220122 -0.034457701013142293 0.027816301733777134 -0.063975151234733352 -0.057303184149001068 0.0019766161615464863 0.040511099173719048 -0.04483694960894815 0.044889619970033108 -0.046606200648685342 -0.029004681354854369 0.034844082117901673 0.005181202053634636 0.030234050012070413 0.047521308300122855 -0.00059389527758881347 -0.030428845274689347 0.018839121896677666 -0.048116903908517139 0.038337815053070039 -0.065270938868394551 0.005360819847347327 0.0086535361192700833
leaf_weight=761.47017110139132 29522.836489766836 38.544548258185387 276.09657682850957 5084.1179846897721 568.82101204246283 66.141056925058365 136.57249506562948 137.93614047393203 50.562408819794655 21.664711102843285 28.526866942644119 620.93219742923975 426.01599162071943 28.390292927622795 17.690836817026138 64.786665506660938 13.390111118555067 306.34412706643343 98.769302740693092 22.225792348384857 23.292605549097061 9.1563433408737165 27.366941794753075 254.22080983221531 9.4578767865896207 10.945739261806009 751.0948101580143 50.012876138091087 21.331946715712551 9.0394395589828473 12.674327105283735 5443.639025144279 48.098193239420652 8.0720500126481038 34.071302771568298 52.771177351474762 126.03245574980974 15.860976248979567 6219.2133201137185 71.194747090339661 5.0956403762102118 494.0354116782546 55.559898689389229 192.89037375152111 45.112532585859299 19.53989015519619 26.725875779986382 72.888560697436333 16.417575344443321
leaf_count=2018 69928 181 1512 9728 960 284 631 372 85 94 54 1376 1011 109 9 261 7 942 384 113 49 5 117 716 40 49 1478 190 28 39 55 11653 103 42 23 219 419 16 12024 91 4 1645 345 247 171 17 114 129 25
internal_value=0.00131982 0.000510883 0.00241822 0.0025812 0.00170318 -0.0057089 -0.0109021 -0.0207651 -0.00393928 0.00209465 0.0103348 0.00174727 -0.00793384 -0.00542722 0.00206382 0.000117936 -0.0146641 -0.0169914 -0.0190713 0.000860977 -0.0293241 -0.017857 -0.0282213 -0.00412395 0.00379543 0.00112232 -0.00496965 -0.00150124 -0.0346311 0.0004964 0.000656809 0.00212712 0.00224491 0.028246 0.00387476 -0.00218981 0.000316839 -0.0218676 0.00466985 0.00486489 -0.0383175 0.0044674 -0.00360998 0.00523531 0.0047369 -0.0145733 -0.0209891 -0.010442 -0.0371401
internal_weight=52417.6 30186.2 22231.5 21955.4 16497.7 827.611 663.355 274.509 388.846 15670.1 633.871 15036.2 476.071 454.406 14560.1 6855.89 436.194 418.504 405.113 327.009 61.8372 65.0502 55.8938 276.447 7704.23 6419.7 908.94 813.782 95.1581 30.3714 763.769 5510.76 5499.81 56.1702 7694.77 891.887 834.02 141.893 6802.88 692.127 57.8668 6768.81 549.595 5457.69 5264.8 180.684 161.145 116.032 43.1435
internal_count=120112 72075 48037 46525 36094 2302 2147 1003 1144 33792 1136 32656 1214 1120 31442 15240 1342 1333 1326 914 230 176 171 829 16202 13898 2051 1723 328 67 1533 11847 11798 145 16162 2125 1902 435 14037 1467 223 14014 1990 10431 10184 456 439 268 139
is_linear=0
shrinkage=0.03


Tree=128
num_leaves=50
num_cat=0
split_feature=15 13 18 13 9 12 10 12 6 7 6 1 18 19 7 10 10 9 0 2 1 7 2 2 10 1 0 6 2 12 6 6 7 2 16 7 0 19 18 2 9 9 9 9 9 16 7 7 7
split_gain=58.3907 50.8405 51.5092 46.8213 44.4419 58.1214 51.7906 64.0156 47.6323 45.6269 51.1349 77.1122 51.0316 50.4779 61.9396 58.3559 47.5423 51.3458 45.4576 43.5391 50.1354 47.3631 43.3913 69.0964 97.6527 72.2722 69.7505 56.2914 50.0176 48.2473 45.6015 74.6778 84.7448 69.5725 53.9943 62.9666 52.726 51.2432 45.5628 45.4411 45.7049 48.4234 44.905 75.5062 74.094 44.1241 45.7139 43.9687 44.1678
threshold=2.5000000000000004 2.5000000000000004 5.5000000000000009 1.5000000000000002 829.70001220703136 16.500000000000004 165109.42187500003 29.500000000000004 136831.60156250003 13716.300292968752 86000.101562500015 4.5000000000000009 2.5000000000000004 59.500000000000007 18251.200195312504 133517.00000000003 136197.50781250003 1576.9000244140627 3.5000000000000004 60000.099609375007 7.5000000000000009 18251.200195312504 32106.424804687504 42793.666015625007 178088.06250000003 1.5000000000000002 5.5000000000000009 51006.000000000007 31111.534179687504 13.500000000000002 69999.000000000015 80000.500000000015 7501.0002441406259 40283.121093750007 2.5000000000000004 6190.9001464843759 1.5000000000000002 1.0000000180025095e-35 1.0000000180025095e-35 40806.990234375007 2314.3000488281255 4750.1000976562509 3995.700073242188 4359.9001464843759 1559.9000244140627 1.5000000000000002 6693.5000000000009 6927.1000976562509 10663.100097656252
decision_type=2 2 2 2 2 2 2 2 2 2 2 2 2 2 2 2 2 2 2 2 2 2 2 2 2 2 2 2 2 2 2 2 2 2 2 2 2 2 2 2 2 2 2 2 2 2 2 2 2
left_child=1 2 -1 -4 5 -3 9 8 -8 16 19 -12 18 14 15 -14 -6 -18 -13 20 21 -11 28 24 29 42 27 -27 -2 30 37 34 36 -34 35 -32 -33 -24 -38 -39 -41 -42 44 -44 -25 -31 -47 -46 -49
right_child=22 4 3 -5 6 -7 7 -9 -10 10 11 12 13 -15 -16 -17 17 -19 -20 -21 -22 -23 23 25 -26 26 -28 -29 -30 45 31 32 33 -35 -36 -37 38 39 -40 40 41 -43 43 -45 47 46 -48 48 -50
leaf_value=0.0093724903319809746 0.0040996228210931612 0.010110785236446264 -0.0002692994127437293 -0.04714319687523931 0.00018692346150833274 -0.031988923429936811 0.013910235111019931 -0.058037943921172966 0.0014554610054662925 -0.043272688321948201 -0.03174119526708357 0.0090543067374068229 -0.053647830329810443 0.010627391684130965 -0.0085033579454927132 0.026961672466475031 -0.054551382898515688 -0.0081309760589349366 -0.036198633519000309 0.049977862233015369 0.029879218286768511 0.019915319223002055 -0.02096322929249882 -0.024087747857480316 -0.051808410528133293 0.030520909242641465 -0.067617492489586706 0.0057823375765896469 0.016912138588900637 -0.051771611068291472 -0.053311419490641603 -0.03972906822957329 -0.045756331043577042 0.0033666011718085859 0.026572583293440071 0.022386936570065095 -0.02995969715983782 0.00058850701301148766 0.014643482930776448 -0.061877604116049006 0.0050055790073440208 -0.048925413743430617 -0.060816421848200242 -0.0072610117395429333 0.011482043756350114 -0.0024006653750899111 -0.031591627861402863 -0.040066051558364985 0.011187754723639668
leaf_weight=898.07110022008419 5526.3455176055431 612.51574224233627 64.387482464313507 27.315230809152126 28553.362174592912 31.007548332214355 515.10319203138351 13.692150324583052 596.25589849054813 27.570196405053139 127.09888929128647 207.95333260297775 65.08934074267745 53.851288333535194 115.09607267007232 9.2286582738161069 23.15537229180336 290.35727585852146 22.101457692682743 21.540564347058535 33.002970479428768 17.422830171883106 102.94441689550877 78.314807385206223 32.522321403026581 84.461028948426247 11.528573527932165 4163.7735027223825 288.53536427021027 22.227695971727371 17.815494909882545 19.458060815930367 56.270625740289688 48.154016129672527 220.79986247420311 22.229576021432877 22.302981734275818 7837.3473850563169 271.86503018438816 19.052336990833282 54.397713750600815 20.68004010617733 25.232782900333405 388.24095460772514 372.38689429685473 250.91683857887983 59.787693239748478 32.281098186969757 28.484071269631386
leaf_count=1323 10388 1136 127 103 69927 126 809 59 1210 165 553 436 304 92 345 9 98 705 85 33 66 71 338 247 124 89 48 7094 409 103 63 65 193 89 232 27 62 19353 369 79 96 75 106 928 669 697 213 119 55
internal_value=0.00128051 0.000491273 0.00718558 -0.0142315 0.000279824 0.00808225 0.000116229 0.00643381 0.00722812 -0.000124162 -0.00769238 -0.0109939 -0.00542266 -0.0150021 -0.0222887 -0.0436379 5.935e-05 -0.0115595 0.00470684 0.0122226 0.00179558 -0.0188041 0.00255114 0.00166068 8.27566e-05 0.00442372 0.0060742 0.00627418 0.00473538 0.000269311 0.000697573 0.00816369 0.00030424 -0.023104 0.0207599 -0.0112902 0.00809821 6.66988e-05 0.0112618 0.000339651 -0.0203803 -0.00984962 -0.00317746 -0.0105293 0.00276583 -0.0109389 -0.00801777 0.00762102 -0.0160405
internal_weight=52403.5 32325.2 989.774 91.7027 31335.4 643.523 30691.9 1125.05 1111.36 29566.8 699.956 600.419 473.32 243.265 189.414 74.318 28866.9 313.513 230.055 99.5366 77.996 44.993 20078.4 14263.5 9078.77 5184.7 4259.76 4248.23 5814.88 9046.25 8713.32 678.896 418.051 104.425 260.845 40.0451 313.626 8034.42 294.168 7931.48 94.1301 75.0778 924.941 413.474 511.467 332.932 310.705 433.152 60.7652
internal_count=120112 77782 1553 230 76229 1262 74967 2078 2019 72889 2159 1824 1271 750 658 313 70730 803 521 335 302 236 42330 31533 22178 9355 7231 7183 10797 22054 21041 1100 778 282 322 90 496 19941 431 19603 250 171 2124 1034 1090 1013 910 843 174
is_linear=0
shrinkage=0.03


Tree=129
num_leaves=50
num_cat=0
split_feature=15 3 13 2 19 3 4 8 8 2 9 2 4 19 3 18 15 18 2 12 15 2 19 7 8 9 8 19 9 7 3 3 9 18 2 12 2 3 19 2 7 9 2 13 4 19 7 3 4
split_gain=54.9896 52.6952 74.4129 68.8329 77.8128 69.1668 65.094 82.0476 75.5245 71.9345 61.499 61.0789 56.0629 56.0515 70.0526 56.9602 77.7042 54.0161 85.9027 68.4497 53.1428 67.1406 71.8139 58.4591 54.5806 53.1266 77.8478 60.974 53.1139 76.6362 68.0009 51.4261 48.1789 71.2413 63.7533 53.228 47.3927 46.9339 51.4025 48.1287 46.2203 46.1003 45.4592 43.809 46.4086 58.1892 53.8611 43.4931 64.813
threshold=2.5000000000000004 3358.7224121093755 3.5000000000000004 32178.869140625004 3.5000000000000004 2048.413452148438 45058.099609375007 48999.000000000007 47998.201171875007 85396.699218750015 2723.900024414063 40001.000000000007 2.0160000324249272 8.5000000000000018 3036.3444824218755 3.5000000000000004 1.5000000000000002 1.0000000180025095e-35 17218.169921875004 16.500000000000004 1.5000000000000002 38081.197265625007 1.5000000000000002 3820.099975585938 45000.900390625007 7965.3000488281259 47702.000000000007 36.500000000000007 5170.7001953125009 2671.900024414063 3006.7373046875005 3309.616821289063 1648.3000488281252 1.5000000000000002 11184.216308593752 23.500000000000004 19621.833007812504 7642.9501953125009 27.500000000000004 25942.414062500004 3389.3000488281255 1852.5000000000002 37859.419921875007 2.5000000000000004 10801.000000000002 54.500000000000007 7993.6000976562509 3407.109985351563 42400.099609375007
decision_type=2 2 2 2 2 2 2 2 2 2 2 2 2 2 2 2 2 2 2 2 2 2 2 2 2 2 2 2 2 2 2 2 2 2 2 2 2 2 2 2 2 2 2 2 2 2 2 2 2
left_child=1 3 -3 4 32 43 10 8 9 -8 -5 12 -4 14 15 -7 -17 18 28 36 42 22 -22 24 -23 26 27 -24 30 -30 -15 -21 34 35 -1 -34 -20 -14 -39 -40 -36 -16 -12 -6 -45 -46 -47 48 -13
right_child=-2 2 11 6 5 13 7 -9 -10 -11 20 47 37 17 41 16 -18 -19 19 31 21 23 25 -25 -26 -27 -28 -29 29 -31 -32 -33 33 -35 40 -37 -38 38 39 -41 -42 -43 -44 44 45 46 -48 -49 -50
leaf_value=0.031910992778277178 0.0024759212050022373 0.010110495458949039 -0.029835945909605192 0.00095771860520363675 0.014670247220073108 0.012186109396004481 -0.014699124540193006 -0.039157108649339155 0.090322236425970467 0.055084784713486094 0.013949309037412996 -0.025586605219454484 -0.0052683901688058542 -0.049131705142300988 -0.049529524123639326 -0.027623336455865944 0.013066837769243753 -0.00051824005746350867 0.014878732245323203 -0.049929497482305595 0.060487710995241833 0.0081314374934543243 -0.057227388380216147 0.01294804630622556 -0.039645830165636164 0.013543946730044438 -0.061466485092651499 0.010360878050050556 0.041201687610915347 -0.037448011109711028 0.0080530216043866367 0.050401139124501705 -0.043078966064961685 -0.0089515988137631106 -0.031321578325994803 0.058161688451062211 -0.0050084868455737581 -0.037296589796108948 -0.043293086546134951 0.040038101551565529 0.0046422011468302011 0.039769521569450468 0.0058425054808678972 0.0035194072317796575 -0.0019660844767176852 -0.038649381610308807 0.070632456376063246 -2.7892373857931212e-05 0.062838922602805991
leaf_weight=50.219414204359055 20068.330086361617 500.93611544370651 81.837414395064116 2036.9899770990014 287.19278006255627 281.0913120508194 90.279496725648642 68.656814634799957 8.1554110273718816 15.590193323791025 1124.9638370573521 101.36332518607378 2849.6129781901836 96.323976628482342 5.5758731663227072 96.173579350113869 75.316806614398956 7275.5861826874316 124.09597114473581 42.7868837043643 9.6180204302072507 43.322237007319927 17.19560369104147 258.0666961222887 42.760554268956184 26.573119983077049 49.351534835994244 39.85637903213501 21.450589627027512 23.220282725989819 23.228490203619003 5.1514761000871649 91.634705200791359 366.64786902815104 48.175173915922642 4.9250325560569754 823.61737032234669 12.122193098068236 7.0573491156101218 53.715194292366505 96.759233489632607 77.801604263484478 1393.8960741087794 5447.4013309553266 488.93775304034352 63.341382518410683 4.3369464874267569 7558.654145155102 8.0528646260499936
leaf_count=82 42330 729 355 4425 363 594 583 474 12 24 1856 299 8822 410 26 359 179 18527 214 196 7 83 73 407 155 43 209 67 24 87 52 5 395 1190 191 4 2040 85 37 102 234 104 2608 11392 1891 316 1 17441 10
internal_value=0.00124247 0.000476573 -0.0011899 0.00135711 0.000376556 0.000812147 0.00434478 -0.0132473 0.00235359 -0.00442286 0.0049821 -0.00172031 -0.00534611 -0.00087904 0.00852843 0.00387317 -0.00975263 -0.00147676 -0.00748928 -0.00417352 0.00770955 -0.00136508 -0.0186746 0.00580694 -0.0156013 -0.0244003 -0.0338765 -0.0100104 -0.027592 0.000318935 -0.038021 -0.0391479 -0.00972165 -0.0149893 0.00278142 -0.0379152 -0.0024044 -0.00466034 0.0191098 0.0303611 -0.00731191 0.0337976 0.00946314 0.00322382 0.0026763 -0.00557488 -0.0316464 -0.000299728 -0.0190786
internal_weight=52387.9 32319.6 11173.4 21146.3 15921 15262.6 5225.28 182.682 114.025 105.87 5042.59 10672.4 3004.35 8971.42 535.959 452.582 171.49 8435.46 1159.88 995.652 3005.6 486.744 142.595 344.149 86.0828 132.977 106.404 57.052 164.223 44.6709 119.552 47.9384 658.361 463.208 195.154 96.5597 947.713 2922.51 72.8947 60.7725 144.934 83.3775 2518.86 6291.21 6004.02 556.616 67.6783 7668.07 109.416
internal_count=120112 77782 27880 49902 38876 36780 11026 1093 619 607 9933 27151 9401 22817 1262 1132 538 21555 3028 2455 5508 1044 399 645 238 392 349 140 573 111 462 201 2096 1589 507 399 2254 9046 224 139 425 130 4464 13963 13600 2208 317 17750 309
is_linear=0
shrinkage=0.03


Tree=130
num_leaves=50
num_cat=0
split_feature=1 19 12 18 12 7 2 12 8 10 3 10 12 18 3 13 2 2 13 3 8 19 6 12 3 3 12 19 10 1 1 18 3 2 4 19 8 8 19 8 10 3 7 10 3 1 8 19 19
split_gain=41.321 72.0407 57.8405 55.3682 54.099 47.4416 67.2977 54.6324 41.4525 48.5759 78.4517 86.3807 82.0532 49.1452 84.2273 46.7016 45.1093 44.5472 42.9735 41.7208 50.4102 84.3578 54.9738 36.786 58.7668 66.1284 54.7325 47.2531 39.627 39.0512 62.3331 35.3795 63.3692 62.1464 59.1523 51.5145 52.4587 63.9019 51.4373 111.194 66.2562 52.7872 65.1585 51.2826 51.2482 50.8117 49.5868 51.1719 49.9098
threshold=11.500000000000002 3.5000000000000004 18.500000000000004 5.5000000000000009 15.500000000000002 2887.900024414063 19060.314453125004 16.500000000000004 140024.00000000003 15972.700195312502 3309.616821289063 228592.40625000003 13.500000000000002 1.0000000180025095e-35 8220.1499023437518 14.500000000000002 34971.583984375007 6603.0000000000009 4.5000000000000009 2990.095092773438 150010.00000000003 12.500000000000002 35592.099609375007 20.500000000000004 3587.070434570313 3640.930053710938 13.500000000000002 44.500000000000007 31031.156250000004 6.5000000000000009 1.5000000000000002 3.5000000000000004 1.0000000180025095e-35 14927.100097656252 3161.223999023438 10.500000000000002 15999.899902343752 10572.200195312502 15.500000000000002 12694.899902343752 146200.20312500003 2366.5163574218755 3601.3000488281255 18262.900390625004 2394.2934570312505 8.5000000000000018 9998.1000976562518 18.500000000000004 17.500000000000004
decision_type=2 2 2 2 2 2 2 2 2 2 2 2 2 2 2 2 2 2 2 2 2 2 2 2 2 2 2 2 2 2 2 2 2 2 2 2 2 2 2 2 2 2 2 2 2 2 2 2 2
left_child=8 2 3 -2 -3 -6 7 -7 31 15 12 13 19 14 -12 17 -15 -10 -18 20 21 -11 -23 24 -20 -26 27 29 -29 30 -27 -1 33 -33 -35 36 37 44 39 -37 41 42 43 -41 -34 -38 48 -48 -40
right_child=1 4 -4 -5 5 6 -8 -9 9 10 11 -13 -14 16 -16 -17 18 -19 23 -21 -22 22 -24 -25 25 26 -28 28 -30 -31 -32 32 35 34 -36 38 45 -39 46 40 -42 -43 -44 -45 -46 -47 47 -49 -50
leaf_value=0.001540536392680636 -0.036202240467106968 0.0066239496108274508 0.027641758513527872 0.020167291344736552 0.036840343253811927 0.021380118967811564 0.00034345178221612796 -0.049916040082739907 -0.059533841935012835 0.027738903056294742 -0.05081301680617558 0.022766042578874331 -0.041183885047210184 0.024846996927347424 0.03183541462506996 -0.029986772621463452 0.021903503915640433 0.0079724134064466101 -0.063695296461987211 0.028803465247926686 0.015572842225696618 0.0063909510649915882 -0.070974367400249899 0.021179644703458358 0.040859239259103411 0.010103115387058166 -0.060319588520894522 -0.075252274197737862 0.0052257754883562818 -0.0037105889563732231 -0.047669073308386913 -0.046387791291662858 -0.032006913140160492 0.036911303288771215 -0.01403859197710397 -0.0409320107257551 -0.00013410118598086628 0.01624587141378624 -0.054458972494042635 0.00029764133133683608 0.031762088597552966 -0.010869491361217171 0.02743306246260252 -0.053584206378613775 0.004815325294666487 0.01785905196472273 0.008368987644024108 -0.00091069518184582713 0.0080920654211593165
leaf_weight=25023.836584400386 92.206935182213783 3346.2998890504241 21.030784800648689 18.896341167390347 30.63923854380846 12.55617208778858 1485.9218440540135 42.125336691737175 8.837386801838873 23.365420266985893 59.086067140102386 71.458113998174667 26.093868479132652 33.423087671399117 13.663859903812407 30.092403911054134 31.921555057168007 1964.8166873753071 22.617501720786095 113.13661018759012 148.90430763363838 12.435345292091368 24.655656903982162 24.367948815226555 18.844612181186676 21.397427901625633 24.2130953297019 5.7956578433513632 110.38544310629368 54.552664533257484 78.370640084147453 46.998969711363316 45.433831565082073 23.285349637269974 171.95278080180287 80.597878336906433 1721.6253468580544 524.18459078669548 11.652751579880713 180.4096435457468 43.915104791522026 618.0097749568522 81.432061731815338 17.433670204132795 135.37798438966274 153.87580021470785 555.96622791141272 14061.466600406915 776.51199723780155
leaf_count=55353 321 5757 45 29 27 20 3307 193 37 28 219 68 97 43 13 97 28 3275 95 109 189 20 105 35 12 40 106 25 174 113 295 222 166 29 834 309 4740 972 51 449 51 1898 117 80 294 270 1233 36332 1550
internal_value=0.00130112 0.00388042 -0.0179793 -0.026615 0.00446779 -0.000124217 -0.000859361 -0.0335448 0.00102515 0.00448569 -0.00122642 -0.00808164 0.00998484 -0.0125023 -0.03529 0.00710461 -0.00860974 0.00767014 -0.011459 0.014125 0.00619289 -0.0169099 -0.0450364 -0.0144128 -0.0169927 -0.013624 -0.0171077 -0.0132398 0.00121115 -0.0241192 -0.0352786 0.000796725 -0.000170179 -0.0154174 -0.00796198 2.41318e-05 0.00396464 0.0109412 -0.000594862 -0.00711314 -0.00421712 -0.00597803 0.00484632 -0.00445035 -0.00443725 0.00134215 -0.000162528 -0.000557747 0.00716727
internal_weight=52246.1 5049.68 132.134 111.103 4917.54 1571.24 1540.6 54.6815 47196.4 2922.44 918.689 570.098 348.591 498.64 72.7499 2003.75 425.89 1973.65 392.467 322.497 209.361 60.4564 37.091 360.545 336.177 313.56 294.715 270.502 116.181 154.321 99.7681 44274 19250.1 242.237 195.238 19007.9 2580.5 704.996 16427.4 1021.8 941.2 897.285 279.275 197.843 180.812 1875.5 15405.6 14617.4 788.165
internal_count=119872 9699 395 350 9304 3547 3520 213 110173 5223 1814 1266 548 1198 232 3409 966 3312 923 451 342 153 125 895 860 765 753 647 199 448 335 104950 49597 1085 863 48512 6442 1432 42070 2904 2595 2544 646 529 460 5010 39166 37565 1601
is_linear=0
shrinkage=0.03


Tree=131
num_leaves=50
num_cat=0
split_feature=1 13 8 10 3 10 12 2 13 13 2 10 15 2 0 3 3 2 1 1 6 13 4 10 1 1 3 8 16 12 6 10 6 8 8 10 12 3 13 2 16 10 10 8 12 7 0 1 12
split_gain=38.9332 50.7631 39.129 45.7356 74.0546 81.6607 77.4298 44.2142 47.73 43.9609 42.0536 39.823 38.625 45.5939 43.9143 43.3175 64.2005 42.2737 41.7382 63.0756 50.0255 53.5035 71.2815 41.9756 44.5817 37.5524 34.7896 42.6085 74.499 34.2215 49.0174 63.1717 73.26 63.2971 63.3314 53.6356 48.5602 45.3288 61.1511 59.3381 47.5238 54.4327 48.3368 47.7306 47.5124 62.3228 45.1297 43.8928 41.694
threshold=11.500000000000002 18.500000000000004 140024.00000000003 15972.700195312502 3309.616821289063 228592.40625000003 13.500000000000002 34971.583984375007 4.5000000000000009 14.500000000000002 6603.0000000000009 21139.700195312504 1.5000000000000002 40283.121093750007 2.5000000000000004 3569.496459960938 3640.930053710938 56000.265625000007 1.5000000000000002 4.5000000000000009 150089.00000000003 11.500000000000002 0.13700000196695331 111812.50390625001 2.5000000000000004 1.5000000000000002 2990.095092773438 150010.00000000003 3.5000000000000004 11.500000000000002 100002.00000000001 91208.531250000015 70967.000000000015 30000.500000000004 94249.902343750015 77401.996093750015 33.500000000000007 4539.2500000000009 6.5000000000000009 54669.119140625007 2.5000000000000004 34365.900390625007 139576.89843750003 29998.200195312504 25.500000000000004 11435.300292968752 1.5000000000000002 2.5000000000000004 30.500000000000004
decision_type=2 2 2 2 2 2 2 2 2 2 2 2 2 2 2 2 2 2 2 2 2 2 2 2 2 2 2 2 2 2 2 2 2 2 2 2 2 2 2 2 2 2 2 2 2 2 2 2 2
left_child=2 -2 29 9 6 7 11 -6 -9 10 -4 25 15 -14 17 -10 -17 -15 -18 23 21 22 -21 -20 -25 -5 27 28 -13 -1 31 35 -33 -34 -35 36 48 -32 39 -39 42 43 -41 -42 45 -43 -45 -38 -31
right_child=1 -3 3 4 5 -7 -8 8 12 -11 -12 26 13 14 -16 16 18 -19 19 20 -22 -23 -24 24 -26 -27 -28 -29 -30 30 37 32 33 34 -36 -37 47 38 -40 40 41 44 -44 46 -46 -47 -48 -49 -50
leaf_value=0.0010963846212143514 0.003932824263416226 -0.05092470021753822 -0.057966029556049167 0.013463673216084496 0.020391813066016288 0.0222801536643242 -0.040025334177931228 0.018378948639088885 -0.059991029319057955 -0.029078936464847573 0.0077453391032109306 0.018340869326421771 0.011930506129604997 -0.06413047468404684 -0.075525842933336737 0.038624739613678682 0.019745288032950503 -0.018086383896968424 -0.058641270168095359 0.033173250797956591 0.012055964042495962 0.028605065467355327 -0.050928694578132233 0.023366046265496241 -0.061130805649594923 -0.071664974746060928 0.029782304937510121 0.017850242535523662 -0.050485220514453873 -0.0034697463234089169 0.0083992295655241044 0.036175255685202128 -0.029406315448986774 0.022290676806469178 -0.032567124412573506 -0.038551914339363322 0.0091889365160376085 -0.047565373123214343 0.012383485665282296 -0.047922299032842224 -0.02500549137312898 -0.055465690884600925 0.0073749073100945767 -0.04465188023131543 0.022751162587307618 -0.0058712282532711662 0.017905323600390783 -0.049461652031755704 0.020344626901460813
leaf_weight=38480.577929552644 5030.0650560557842 15.227595530450342 8.804590240120886 9.3978745639324206 34.947480991482735 70.835508584976196 26.044410586357117 36.386138245463371 15.352662101387976 30.100766390562057 1961.7942236289382 31.008136734366417 20.001662656664848 23.264669016003609 21.806640014052391 24.014899060130119 30.977707609534264 78.496149525046349 44.222201220691204 11.092963412404059 69.346990689635277 14.462270393967627 49.73539787530899 14.589469462633135 9.1407153457403165 9.2578835487365705 110.60540864616632 134.90619057416916 26.041275411844254 4013.0767807550728 769.76565574109554 76.726023286581039 45.532346963882446 100.55236853659153 23.335766732692719 39.556846886873245 16.497179947793484 32.687978014349937 173.94191911816597 42.108900859951973 33.275164820253849 39.459077432751656 21.486494809389114 11.053614784032105 21.399039998650551 54.030580528080463 170.0304066836834 37.790400274097919 67.275613397359848
leaf_count=88273 9629 70 37 12 50 68 97 36 64 97 3275 44 34 99 94 17 46 196 188 13 98 13 194 17 39 39 101 161 94 12626 1540 84 163 171 82 164 41 159 335 176 114 169 41 63 28 149 272 178 122
internal_value=0.00126241 0.00376725 0.000994593 0.00436029 -0.00119192 -0.00785786 0.0097242 -0.0121461 -0.0146026 0.00690213 0.00745174 0.0137579 -0.0174164 -0.0300902 -0.036892 -0.0109854 -0.00817364 -0.028613 -0.0127878 -0.0175284 -0.00632775 -0.0232602 -0.0355914 -0.0413691 -0.0091816 -0.0287813 0.0163809 0.0086589 -0.0130761 0.000772852 -0.00137751 -0.00291384 0.0118549 0.000840884 0.0119576 -0.00378474 -0.00345211 0.00358225 -0.00260308 -0.00872905 -0.00549753 -0.000911699 -0.0292395 0.00801842 -0.0175735 -0.0268035 0.0140867 -0.0316386 -0.0030771
internal_weight=52232.1 5045.29 47186.8 2916.63 915.935 568.674 347.261 497.838 462.891 2000.7 1970.6 321.217 426.504 143.569 123.567 282.935 267.583 101.761 243.568 212.59 144.638 75.2906 60.8284 67.9524 23.7302 18.6558 302.561 191.956 57.0494 44270.2 5789.58 4420.34 246.147 169.42 123.888 4174.2 4134.64 1369.24 599.473 425.531 392.843 329.248 63.5954 214.359 114.889 93.4897 181.084 54.2876 4080.35
internal_count=119872 9699 110173 5223 1814 1266 548 1198 1148 3409 3312 451 1112 423 389 689 625 295 608 562 318 220 207 244 56 51 400 299 138 104950 16677 13631 500 416 253 13131 12967 3046 1506 1171 1012 795 217 449 346 318 335 219 12748
is_linear=0
shrinkage=0.03


Tree=132
num_leaves=50
num_cat=0
split_feature=11 1 19 12 12 18 7 2 12 18 9 10 7 10 10 4 4 12 10 8 7 2 8 2 7 19 12 15 9 4 10 7 4 9 19 8 8 9 2 12 9 10 10 1 2 8 4 10 2
split_gain=55.5376 35.8827 65.7888 53.9314 52.4886 51.7459 46.9666 61.9584 51.9605 36.0857 65.5823 48.2779 49.829 47.646 127.651 91.0108 79.7038 75.6003 84.6571 108.97 74.3415 73.5901 72.6052 70.7094 60.1945 57.7041 76.3278 56.9308 55.5921 58.6425 55.1444 54.0351 58.9134 50.6675 64.7792 61.7606 64.6485 103.07 80.9633 61.0887 64.7831 54.3428 51.1135 79.0306 63.6744 79.976 57.058 52.0458 49.1647
threshold=3.5000000000000004 11.500000000000002 3.5000000000000004 18.500000000000004 15.500000000000002 5.5000000000000009 2887.900024414063 19060.314453125004 16.500000000000004 5.5000000000000009 956.70001220703136 60682.101562500007 13716.300292968752 2873.3000488281255 13223.200195312502 400.21200561523443 8001.1931152343759 9.5000000000000018 199597.21093750003 29476.799804687504 5155.6999511718759 17218.169921875004 159995.00000000003 109868.94921875001 5768.7001953125009 23.500000000000004 22.500000000000004 2.5000000000000004 829.70001220703136 62.189002990722663 165109.42187500003 5659.1000976562509 22513.563476562504 1379.7000122070315 46.500000000000007 19978.100585937504 55998.201171875007 5030.1000976562509 99525.468750000015 16.500000000000004 992.10000610351574 25822.979492187504 47005.601562500007 6.5000000000000009 40529.666015625007 36001.000000000007 60904.927734375007 118006.20312500001 15300.639648437502
decision_type=2 2 2 2 2 2 2 2 2 2 2 2 2 2 2 2 2 2 2 2 2 2 2 2 2 2 2 2 2 2 2 2 2 2 2 2 2 2 2 2 2 2 2 2 2 2 2 2 2
left_child=1 9 3 5 -4 -3 -6 8 -8 13 -11 -12 -13 15 -15 28 -16 18 30 -20 22 27 25 33 31 48 -27 -22 -1 -30 -18 32 -23 39 35 -35 38 41 42 -19 -41 -38 46 44 -44 -46 -37 -45 -17
right_child=-2 2 4 -5 6 -7 7 -9 -10 10 11 12 -14 14 16 20 17 23 19 -21 21 24 -24 -25 -26 26 -28 -29 29 -31 -32 -33 -34 34 -36 36 37 -39 -40 40 -42 -43 43 47 45 -47 -48 -49 -50
leaf_value=0.030052884225403684 0.014466823214554265 -0.035085793728597096 0.0062779552958721306 0.026479936583943948 0.036566576419334126 0.019466304053469382 0.020631106366144108 -5.9757294323414528e-06 -0.049095226126302426 0.012710655914001775 -0.0030127020277197379 0.0092142241715249644 -0.05023419028478588 -0.006467483797599179 0.0073054787110049335 0.0084517174506504103 0.0030757699438057049 -0.018193855728700831 -0.066121883600090997 -0.0059651212684206202 -0.0076752448951530571 0.0091119126377002847 0.012376927433839377 -0.034126727423040674 0.0039713637611871891 3.3658490112689706e-05 -0.028262195265842165 -0.057052578197555569 -0.0072559689278155932 -0.036051786048906034 0.020013592866243931 0.023595390188412235 -0.04395209168669563 0.009565252729352533 -0.0096906222053803875 -0.014929822636454985 0.029869476187540919 -0.0023959473724182749 0.044729305482417041 0.03906538805005226 -0.023880972937510635 0.0076557857069186712 0.021621098428009071 -0.0057938958370032847 0.0089234581866900527 -0.027888804557698963 0.05234482856171669 -0.039202515269554802 0.0019666162987680416
leaf_weight=32.554714158177376 283.50402829796076 91.563428476452827 3301.4603374972939 21.198194220662117 30.270571425557137 18.875344567000866 12.549960032105444 1453.8025553375483 41.183910384774208 281.88839489966631 4794.2916685566306 421.84213132411242 13.083029117435215 2462.5556562393904 1594.3911074921489 1320.8168120309711 3718.2923335433006 312.75511597841978 33.471947684884071 142.3774601072073 137.42152987793088 921.82587175071239 513.38622467964888 63.571755051612854 5942.7484345436096 13725.827400799841 86.338129844516516 24.809223815798759 666.17454075068235 70.373563431203365 181.43421532213688 255.06118123233318 19.222927428781986 558.0323933288455 681.71632137522101 607.461316421628 143.67867504805326 1069.1148115620017 27.123182870447636 37.627329096198082 24.165653876960278 319.56822158768773 151.28907587379217 120.60322135686874 160.94372998178005 79.278734914958477 11.562314748764036 64.364961251616478 5171.6978293508291
leaf_count=36 388 319 5704 45 26 29 20 3262 191 520 13676 801 68 6265 2871 2829 7067 977 139 278 511 1830 757 228 12852 32698 340 106 1749 243 212 386 105 1167 1801 1905 190 2550 32 49 101 619 247 306 341 272 40 236 12488
internal_value=0.00122484 0.00115256 0.00357637 -0.0173493 0.00414559 -0.0257622 -0.000432311 -0.00117523 -0.0328101 0.000896013 -0.00138467 -0.0021445 0.00742595 0.00119922 -0.000342926 0.00187 0.00114993 -3.55536e-06 0.00294565 -0.0174156 0.00214848 0.00475321 0.00123498 -0.00271506 0.00520725 0.000953268 -0.000143215 -0.0152263 -0.0083116 -0.0100073 0.0038638 0.0113476 0.00802797 -0.00225803 -0.00126882 0.000464126 -0.00137934 0.0027256 -0.00652421 -0.0128085 0.0144487 0.0145455 -0.00768703 -0.00125904 0.00637586 -0.0032254 -0.0136732 -0.0174194 0.00328592
internal_weight=52219.2 51935.6 4970.9 131.637 4839.27 110.439 1537.81 1507.54 53.7339 46964.7 5511.11 5229.22 434.925 41453.6 12565.4 28888.3 10102.8 8508.43 4075.58 175.849 28119.2 7301.09 20818.1 4432.86 7138.86 20304.7 13812.2 162.231 769.103 736.548 3899.73 1196.11 941.049 4369.29 3994.74 3313.02 2754.99 1532.36 1222.63 374.548 61.793 463.247 1195.5 576.48 391.512 240.222 619.024 184.968 6492.51
internal_count=119872 119484 9596 393 9203 348 3499 3473 211 109888 15065 14545 869 94823 27893 66930 21628 18757 7696 417 64902 15790 49112 11061 15173 48355 33038 617 2028 1992 7279 2321 1935 10833 9706 7905 6738 3359 3379 1127 150 809 3347 1402 860 613 1945 542 15317
is_linear=0
shrinkage=0.03


Tree=133
num_leaves=50
num_cat=0
split_feature=0 10 4 15 19 1 15 7 9 2 10 19 10 7 1 3 9 6 9 10 3 7 6 10 2 3 18 1 7 7 2 9 19 19 4 19 6 2 3 7 12 19 4 4 6 2 12 3 12
split_gain=36.8356 77.2334 61.6452 77.7631 58.7413 68.7645 98.6137 71.3301 68.4063 96.2825 88.1677 68.0771 65.6664 66.1465 67.5674 64.1601 53.1366 53.0193 83.0317 55.7117 79.7194 53.0097 53.0083 52.6638 51.7424 80.1304 53.6579 56.5914 117.932 66.7616 101.369 92.0311 66.5085 55.9574 53.5007 58.7681 60.3641 70.5355 56.0875 52.6174 51.6377 51.622 51.0477 102.655 50.6213 55.5551 60.062 91.7443 61.5505
threshold=1.5000000000000002 2645.900024414063 17.456000328063968 3.5000000000000004 17.500000000000004 3.5000000000000004 1.5000000000000002 2205.500122070313 5328.7001953125009 19621.833007812504 30659.400390625004 27.500000000000004 9664.8139648437518 972.50000000000011 10.500000000000002 5153.7292480468759 2762.700073242188 40803.900390625007 3152.500122070313 77401.996093750015 1373.233337402344 2828.500122070313 29357.000000000004 42671.099609375007 24751.799804687504 2063.174926757813 2.5000000000000004 1.5000000000000002 2238.099975585938 6398.9001464843759 87520.367187500015 1852.5000000000002 61.500000000000007 22.500000000000004 20748.859375000004 33.500000000000007 36001.000000000007 16020.287597656252 3962.437866210938 2968.900024414063 25.500000000000004 1.0000000180025095e-35 95427.296875000015 15474.000000000002 17804.000000000004 19250.200195312504 10.500000000000002 2584.494750976563 9.5000000000000018
decision_type=2 2 2 2 2 2 2 2 2 2 2 2 2 2 2 2 2 2 2 2 2 2 2 2 2 2 2 2 2 2 2 2 2 2 2 2 2 2 2 2 2 2 2 2 2 2 2 2 2
left_child=1 2 3 -1 12 6 16 -7 9 -8 22 -10 13 -3 -15 21 -6 -12 -19 20 -20 23 -11 -9 25 -4 41 32 -29 31 -31 33 -28 -30 35 -27 37 -37 39 -38 -17 -26 43 -33 -39 -46 48 -48 -47
right_child=-2 4 24 -5 5 7 8 15 11 10 17 -13 -14 14 -16 40 -18 18 19 -21 -22 -23 -24 -25 26 34 27 28 29 30 -32 42 -34 -35 -36 36 38 44 -40 -41 -42 -43 -44 -45 45 46 47 -49 -50
leaf_value=-0.019378718763114793 0.0017768966247297224 0.021363763253732189 0.0027718764182439832 0.022570194392686007 -0.00046160847561751734 0.020641616830993956 0.0028076403951231735 -0.046306862135461944 -0.03362798251689627 -0.021728119078947821 0.0097170097472634841 0.0099756874906559625 -0.0061974149591484257 -0.043704796407228089 0.032969895811835237 -0.044595301158622508 0.009658836216797341 -0.038211442134015824 0.039134317027957458 0.019048198209642136 -0.058510347739506002 -0.005170349466827086 -0.0547370318949882 0.008641082852925969 -0.049722690018862412 -2.6601309741833194e-05 -0.0020014051276212451 -0.051358437414160886 0.010603090688263987 -0.010994251603499035 0.021781424860095211 0.014209752702597783 -0.041120324970710283 -0.020096759565125695 0.033352492903428087 -0.015043910050615311 0.02229327859640055 0.022089661075644036 0.025235740993588149 -0.044990471662299733 0.051481468685326923 0.0071638466670294011 0.061251834303911665 -0.038327480426874651 -0.017991576271877249 -7.8084502251209162e-05 -0.047891312274491227 0.043536141886342951 -0.057096911467071236
leaf_weight=238.08846259862185 33781.842448592186 20.831199951469898 3658.1423235312104 47.747838050127029 801.39354783669114 83.048946753144264 281.78764583915472 55.368518125265837 36.091334119439125 101.63158351927996 91.808626517653465 300.8404527977109 965.86668384075165 110.04437374696136 11.416822500526903 61.186662849038839 1118.6974170468748 93.295964375138283 10.880799911916254 60.430969104170799 24.399453066289425 1331.6372370049357 76.92613036185503 21.910388588905334 14.433975495398043 1367.1736614592373 1513.2473591342568 32.988909389823675 88.614256396889687 374.44276307150722 109.83873772621155 975.92219967395067 40.153105668723583 134.60036348178983 34.128002408891916 544.94352593272924 11.82219949364662 77.884404763579369 14.796788804233072 90.815816387534142 5.4861033260822287 2685.8243776708841 19.631433770060539 34.661186128854752 174.24879667162895 386.53796035796404 11.947726324200628 57.021499261260033 17.824439063668251
leaf_count=900 72917 39 8332 66 2059 143 586 242 124 303 164 536 2936 525 17 284 2369 340 14 85 105 3750 347 43 67 3960 4068 187 198 1324 163 1871 168 459 111 1732 16 132 39 415 9 5710 29 261 597 882 57 113 78
internal_value=0.00118841 0.000109293 0.00140369 -0.0123713 -0.00280567 -0.00129919 0.00135796 -0.00641046 -0.00590299 -0.0109981 -0.0194668 0.00530497 -0.00900042 -0.028027 -0.0364977 -0.007933 0.00543484 -0.00898658 -0.0180717 0.00155983 -0.0283957 -0.00657217 -0.035949 -0.0307278 0.0017194 -0.000148486 0.00371841 0.0011666 0.0048329 0.00589965 -0.00356048 0.00955471 -0.00301257 -0.00790919 -0.00397873 -0.00444117 -0.00878999 -0.00688775 -0.0293685 -0.0372405 -0.0366897 0.00685977 0.0133386 0.0124078 -0.000761125 -0.00350939 0.00182198 0.0276979 -0.00259149
internal_weight=52204.3 18422.5 12757.5 285.836 5664.98 4556.82 2998.18 1558.64 1078.09 741.161 459.374 336.932 1108.16 142.292 121.461 1475.59 1920.09 280.816 189.007 95.7112 35.2803 1408.92 178.558 77.2789 12471.6 6447.29 6024.36 3324.1 1770.7 1737.71 484.282 1253.43 1553.4 223.215 2789.14 2755.02 1387.84 1270.41 117.435 102.638 66.6728 2700.26 1030.21 1010.58 725.465 647.58 473.332 68.9692 404.362
internal_count=119872 46955 31935 966 15020 11503 7032 4471 2604 1944 1358 660 3517 581 542 4328 4428 708 544 204 119 4035 650 285 30969 16464 14505 8728 4492 4305 1487 2818 4236 657 8132 8021 4061 3591 470 431 293 5777 2161 2132 1859 1727 1130 170 960
is_linear=0
shrinkage=0.03


Tree=134
num_leaves=50
num_cat=0
split_feature=11 1 19 12 12 18 7 2 8 6 3 6 2 7 7 8 10 10 10 6 18 10 2 7 10 6 3 9 6 2 12 6 9 8 3 16 9 2 7 8 6 6 8 19 10 8 6 8 8
split_gain=52.4544 33.4429 62.0028 50.7656 49.466 48.8247 44.4091 59.1819 56.1809 37.2556 47.5542 95.9107 69.7095 69.9997 68.3419 67.2073 64.4506 73.7622 108.521 88.3492 65.954 60.7159 130.258 60.4907 93.8542 78.004 69.9013 60.3757 60.2744 60.2656 75.1686 57.9958 66.6511 75.9719 81.9296 64.6177 59.21 54.6861 52.6792 55.0805 69.7396 61.7879 56.558 51.6564 51.9989 49.7895 65.8962 101.26 49.7313
threshold=3.5000000000000004 11.500000000000002 3.5000000000000004 18.500000000000004 15.500000000000002 5.5000000000000009 2887.900024414063 20196.299804687504 12000.100097656252 156387.00000000003 4148.6916503906259 12000.300292968752 19621.833007812504 5038.5000000000009 4727.6000976562509 159995.00000000003 2456.8000488281255 92638.800781250015 62437.800781250007 99996.902343750015 2.5000000000000004 8125.6999511718759 30243.308593750004 4943.3000488281259 47701.701171875007 71733.699218750015 4122.8400878906259 3748.3000488281255 52001.000000000007 52012.554687500007 14.500000000000002 61831.201171875007 2332.3000488281255 43116.201171875007 4781.2250976562509 5.5000000000000009 2274.700073242188 55061.320312500007 4641.7001953125009 31188.600585937504 51006.000000000007 25000.299804687504 33196.201171875007 42.500000000000007 165109.42187500003 30692.400390625004 120002.40234375001 27998.100585937504 94249.902343750015
decision_type=2 2 2 2 2 2 2 2 2 2 2 2 2 2 2 2 2 2 2 2 2 2 2 2 2 2 2 2 2 2 2 2 2 2 2 2 2 2 2 2 2 2 2 2 2 2 2 2 2
left_child=1 9 3 5 -4 -3 -6 8 -8 10 15 -12 13 14 -13 23 20 18 21 48 29 22 27 24 25 26 -1 -18 -26 30 31 36 -33 -34 35 -35 -14 43 -22 40 41 -40 -41 -21 -45 46 47 -42 -19
right_child=-2 2 4 -5 6 -7 7 -9 -10 -11 11 12 16 -15 -16 -17 17 19 -20 37 38 -23 -24 -25 28 -27 -28 -29 -30 -31 -32 32 33 34 -36 -37 -38 -39 39 42 45 -43 -44 44 -46 -47 -48 -49 -50
leaf_value=8.9700011399748982e-05 0.014050464216580291 -0.034172744126362752 0.0060492446261586046 0.025449118990159988 0.035593948108383337 0.018855273092579745 0.014457262450875287 0.00020101712485407383 -0.042391654051343042 0.0042556495490767583 0.043569882275508939 -0.031324358210251535 0.022585465687002742 -0.038202173363081855 0.029297817773688534 0.008923164386865013 -0.046509418509876166 0.029026313544218901 -0.026990790780628451 -0.051754087109667071 -0.022693409065529215 -0.0038796340942493118 -0.050973948516761541 0.0032994690122174122 0.016264640259597053 -0.008342932073426082 0.037726054547070745 0.050154324125283034 0.0033448412639651014 0.0090316351699792109 -0.036924342250730886 -0.056646279548925323 0.011349552620922054 0.017774983777301145 -0.054645533344814388 -0.062807186343861537 0.00021474146604853051 0.00040602480048602491 -0.045409315953755157 -0.049158197500158721 0.004524118506093442 0.022539174971889425 -0.0045340402892694665 -0.038376716965786498 0.022831218223777847 0.044076494665020144 -0.032635301625436985 -0.052695550931293821 -0.028540273880318393
leaf_weight=26671.698954094201 282.26279520243406 91.341068550944328 3296.8311434164643 21.343559935688972 30.132096916437149 18.852107927203178 21.650040619075298 1428.8396143913269 56.410492435097694 2700.9218742027879 41.92431378364563 30.581275515258312 144.66792741417885 93.778976980596781 36.969109833240509 950.52088599652052 7.9461942836642292 129.63368730992079 259.48764285445213 37.097623825073242 113.71231677383184 1199.7107965163887 68.961100745946169 7228.8567032776773 486.42474520951509 1009.5075248554349 44.487353444099426 21.68652605265379 979.19755530357361 1185.0430728122592 50.640211746096611 26.39340964704752 108.00453955680132 41.3332339823246 45.426752336323261 11.433422848582266 403.41279601305723 637.70527695119381 12.767169229686258 26.068322516977787 433.84746174514294 212.76544991135597 1316.3157930634916 22.977206587791443 27.373420760035515 21.062893226742744 59.692287661135197 29.743062257766724 15.076970621943472
leaf_count=64886 388 319 5704 45 26 29 42 3190 241 4885 45 137 268 515 78 1531 40 177 893 163 384 3129 321 15585 748 2656 66 33 1957 2210 235 116 202 62 207 48 1074 1341 66 129 1023 424 3722 81 34 23 212 135 47
internal_value=0.00115289 0.00108276 0.0034241 -0.0168982 0.0039771 -0.0251006 -0.000467519 -0.00118861 -0.0266246 0.000835116 0.000626306 -0.00166706 -0.00194469 -0.0214306 0.00185307 0.0010481 -0.00147337 -0.00537172 -0.00927937 0.00162627 0.000757444 -0.00573945 -0.0283701 0.000842574 0.000234156 -0.000156947 0.000152371 0.0242334 0.00763279 0.00468766 -0.00150472 0.00079286 -0.0117591 -0.00601349 -0.0251114 0.000314525 0.00611958 -0.00264475 -0.00280266 -0.00173186 0.0046651 0.0186927 -0.00540062 -0.0248921 -0.00510066 -0.00114678 -0.00296709 0.000853016 0.0230286
internal_weight=52192.5 51910.3 4965.4 131.537 4833.86 110.193 1537.03 1506.9 78.0605 46944.9 44243.9 6873.24 6831.32 161.329 67.5504 37370.7 6669.99 2427.66 1557.79 869.864 4242.33 1298.3 98.5938 36420.2 29191.3 27725.7 26716.2 29.6327 1465.62 2016.36 831.312 780.672 232.591 206.198 98.1934 52.7667 548.081 725.154 2225.97 2112.26 769.878 225.533 1342.38 87.4483 50.3506 544.346 523.283 463.591 144.711
internal_count=119872 119484 9596 393 9203 348 3499 3473 283 109888 105003 17574 17529 730 215 87429 16799 6259 4416 1843 10540 3523 394 85898 70313 67608 64952 73 2705 4422 2212 1977 635 519 317 110 1342 1619 6118 5734 1883 490 3851 278 115 1393 1370 1158 224
is_linear=0
shrinkage=0.03


Tree=135
num_leaves=50
num_cat=0
split_feature=12 5 10 9 12 2 4 12 3 2 9 19 8 3 1 3 3 9 3 19 3 6 9 8 9 18 6 2 1 2 9 9 6 10 12 4 1 10 15 6 18 4 19 8 3 12 9 9 11
split_gain=43.7049 43.3789 38.2679 48.0565 47.1887 65.0216 49.6535 48.7893 65.7738 77.0891 65.4469 45.5724 44.9918 73.1663 53.7241 47.2902 80.1393 59.4264 56.1197 52.6621 82.5621 50.9401 49.9238 49.7958 48.0985 48.6824 59.8591 53.9648 44.2086 43.2152 55.8559 51.688 47.385 42.7892 41.2737 40.9052 38.4409 60.5358 82.6527 40.6393 39.7772 39.5858 37.1694 56.3327 37.0885 36.1558 36.1292 36.3574 35.3892
threshold=54.500000000000007 0.34313726425170904 219815.40625000003 10485.500000000002 28.500000000000004 18499.250000000004 32789.000000000007 16.500000000000004 7036.2397460937509 62501.166015625007 1717.7000122070315 26.500000000000004 35201.000000000007 4198.9501953125009 14.500000000000002 2162.538940429688 2748.8200683593755 1611.100036621094 2394.2934570312505 36.500000000000007 3108.1525878906255 59999.900390625007 5432.3000488281259 14594.500000000002 3706.099975585938 5.5000000000000009 148001.02343750003 11957.100097656252 4.5000000000000009 40529.666015625007 1827.100036621094 2625.700073242188 98605.000000000015 211655.10156250003 21.500000000000004 45058.099609375007 17.500000000000004 86820.890625000015 2.5000000000000004 198806.50000000003 4.5000000000000009 -1.0000000180025095e-35 42.500000000000007 199999.89843750003 3793.8666992187505 6.0000000000000009 9648.1000976562518 1202.100036621094 1.5000000000000002
decision_type=2 2 2 2 2 2 2 2 2 2 2 2 2 2 2 2 2 2 2 2 2 2 2 2 2 2 2 2 2 2 2 2 2 2 2 2 2 2 2 2 2 2 2 2 2 2 2 2 2
left_child=1 2 4 -4 7 -6 -7 33 9 12 -11 -12 15 35 -15 22 18 19 21 23 -21 -17 -9 28 25 27 -27 -19 -18 -29 -31 -32 -33 36 -26 -14 41 40 39 44 46 -1 43 -13 -39 -43 47 -38 -47
right_child=-2 -3 3 -5 5 6 -8 8 -10 10 11 42 13 14 -16 16 17 24 -20 20 -22 -23 -24 -25 34 26 -28 29 -30 30 31 32 -34 -35 -36 -37 37 38 -40 -41 -42 45 -44 -45 -46 48 -48 -49 -50
leaf_value=0.031139667720086656 -0.034209412439685963 0.015225429702368022 0.0048590414237914617 0.02783800082689241 -0.03211484636679978 0.012934007262844781 -0.042806345342078375 -0.0016335824707037064 -0.033597516024299244 -0.05233663500740747 0.027746696978257691 -0.041951367421406101 0.0025426621072706704 -0.011226203962055085 -0.054664135990773237 -0.047603197937666056 0.028793686546250506 0.079625648399259633 -0.049461468472814955 0.015888549216608316 -0.047783688337274345 0.0016676791118594933 0.070146021975534226 0.038144979026561165 0.018328339201341626 -0.023446300499219815 0.04687288946776047 -0.040001101583553321 -0.045655150263638665 0.023846925565248672 -0.050736694873054412 0.035844375000426323 -0.03100663056960478 -0.028759713533041919 -0.04622644126354155 -0.039731358484400861 -0.036367624983974146 -0.001222152369443936 -0.053574010163614669 0.029872720536333941 0.019703446851785263 0.030371929794124737 0.010642243385032507 0.023068555496306074 -0.057289152708563593 0.0096652320321798258 -0.035746454927783541 0.0081078059677109435 0.00088174850900789054
leaf_weight=39.211947724223137 31.482647977769375 196.26636661589146 878.60765816271305 90.330698296427727 32.431619562208652 569.52564599364996 14.755768742412327 301.65241530165076 61.576609574258327 14.738683655858038 117.2037924900651 32.066781640052795 1191.5392080023885 153.26292026415467 30.770335227251053 28.261437118053436 13.839166998863222 4.2803686112165442 81.871964752674103 42.654180906713009 32.137819521129131 56.922941520810127 8.980252802371977 60.367708295583725 55.852677501738071 23.95160910487175 19.986069105565548 122.3839034512639 14.915068723261355 26.549354568123817 39.371608950197697 16.87552560120821 21.960792042315006 43.122657120227814 10.606446593999861 20.962759058922529 16.996066138148308 61.638459950685501 32.434081956744194 31.269013836979866 254.27667915821075 37.647793978452682 228.3018190190196 19.156927168369293 12.828620404005049 416.57180696725845 18.377329662442207 619.55008050054312 46053.269275147468
leaf_count=35 108 221 1611 78 140 1031 82 893 271 65 140 121 2877 525 137 141 29 3 391 96 152 143 6 99 113 103 16 554 71 44 178 20 79 132 51 142 54 127 121 26 306 41 364 20 55 643 56 1009 106450
internal_value=0.0011268 0.00114809 0.00109503 0.00700129 0.000983054 0.00923131 0.0115263 0.000882306 -0.00292837 -0.00225184 0.00973822 0.0120443 -0.00432478 -0.000863417 -0.018489 -0.00924019 -0.0137103 -0.00775953 -0.0317253 0.00709095 -0.0114712 -0.0146788 0.000441534 0.0226684 -0.0148809 -0.0204095 0.00854001 -0.0259058 -0.00982356 -0.0278945 -0.0137509 -0.0265142 -0.0019579 0.00111053 0.00802581 0.00181179 0.00113759 0.00682135 -0.0116798 0.00117101 0.00963296 0.0010097 0.0054604 -0.0176349 -0.0108809 0.000984295 0.00572305 0.00692029 0.000960487
internal_weight=52303.6 52272.1 52075.8 968.938 51106.9 616.713 584.281 50490.2 2853 2791.42 411.468 396.729 2379.96 1396.54 184.033 983.421 672.789 505.732 167.056 163.914 74.792 85.1844 310.633 89.1219 341.818 275.359 43.9377 231.422 28.7542 227.141 104.757 78.2079 38.8363 47637.2 66.4591 1212.5 47594.1 1047.37 138.17 105.736 909.2 46546.7 279.526 51.2237 74.4671 46507.5 654.923 636.546 46469.8
internal_count=120170 120062 119841 1689 118152 1253 1113 116899 7844 7573 710 645 6863 3681 662 3182 2283 1608 675 447 248 284 899 199 1161 997 119 878 100 875 321 277 99 109055 164 3019 108923 1754 329 208 1425 107169 505 141 182 107134 1119 1063 107093
is_linear=0
shrinkage=0.03


Tree=136
num_leaves=50
num_cat=0
split_feature=13 10 1 5 12 12 2 4 10 9 10 4 10 6 6 10 9 9 4 8 9 8 6 1 7 9 10 7 4 1 9 12 7 16 10 4 2 2 8 9 12 7 7 7 6 2 2 18 9
split_gain=60.696 47.1396 44.7695 41.5183 40.6588 39.0623 59.1479 49.0348 44.8953 50.1118 42.509 76.6835 74.1891 100.095 93.5228 101.9 77.9649 73.9537 72.3364 69.5186 66.4932 90.399 101.846 63.1678 79.3784 63.0433 60.5344 57.2639 57.4252 56.761 68.5938 66.7915 60.9996 56.4093 58.2244 55.6543 107.839 120.759 116.652 83.9889 55.6074 55.7192 55.2567 99.3031 82.7184 70.3767 58.9811 57.5792 56.2454
threshold=17.500000000000004 12558.600097656252 10.500000000000002 0.34313726425170904 54.500000000000007 28.500000000000004 18499.250000000004 32789.000000000007 219815.40625000003 10485.500000000002 3086.200073242188 8001.1931152343759 4548.1000976562509 22798.100585937504 25000.299804687504 13223.200195312502 1576.9000244140627 916.10000610351574 19588.746093750004 119036.90234375001 6122.4001464843759 49595.500000000007 29357.000000000004 4.5000000000000009 10663.100097656252 8109.6999511718759 9055.0000000000018 1.0000000180025095e-35 8558.4790039062518 9.5000000000000018 4551.3000488281259 23.500000000000004 972.50000000000011 8.5000000000000018 55955.300781250007 9974.9858398437518 35650.339843750007 44269.000000000007 27998.100585937504 4021.200073242188 9.5000000000000018 4472.7001953125009 2858.3000488281255 1598.5000000000002 17998.100585937504 6603.0000000000009 17411.500000000004 3.5000000000000004 4750.1000976562509
decision_type=2 2 2 2 2 2 2 2 2 2 2 2 2 2 2 2 2 2 2 2 2 2 2 2 2 2 2 2 2 2 2 2 2 2 2 2 2 2 2 2 2 2 2 2 2 2 2 2 2
left_child=3 -2 -3 4 5 8 -7 -8 10 -10 11 -1 13 17 15 18 -15 -12 42 25 21 29 26 24 -22 27 -23 28 -13 32 31 -31 -16 -26 -35 -34 -37 38 -38 -39 -27 -42 43 44 -14 -45 -47 48 -44
right_child=1 2 -4 -5 -6 6 7 -9 9 -11 12 19 14 16 20 -17 -18 -19 -20 -21 23 22 -24 -25 33 40 -28 -29 -30 30 -32 -33 35 34 -36 36 37 39 -40 -41 41 -43 47 45 -46 46 -48 -49 -50
leaf_value=-0.006126420342121879 -0.024927640283158879 0.010724806288191488 -0.052242979497323851 0.014990889365608709 -0.033091569927687942 -0.031344364437736964 0.012038635869915489 -0.043033348645212535 0.0053062785740518132 0.029103760816270686 0.025269664335445759 0.063306099648912359 0.011212645770836091 0.022931934001403021 0.020784310421125777 0.013891786351301755 -0.013598628676985034 -0.05455061174706094 0.05406730863414002 0.0063681269745077297 0.0025757603998503853 0.017825494321007711 0.0049599030081952352 -0.0087942331876957585 -0.053569208308212629 0.00070024987850335731 -0.059826937041439904 0.0017393885863294571 -0.012947660919196783 0.0047192569821562511 -0.026191839219568379 -0.027946173450402428 -0.0026679663454034345 0.018598106072884788 -0.059242438965708376 -0.029756473146173027 0.033174167773874608 -0.033326207500563011 -0.044668783723575793 0.034314611471165518 0.0029317014929143136 -0.020906987111270366 -0.023776937741176739 0.034860580590301796 -0.052707376395137333 -0.032814474359084252 -0.0028597075264417534 0.02291176368350871 0.020652733339792582
leaf_weight=1144.823395550251 142.63600626587868 79.58774758130312 11.649700775742529 194.65367722511292 31.264253184199333 31.761348642408848 584.01514173299074 14.922558873891829 857.38578674197197 87.792560741305351 12.272252008318899 9.141859441995619 231.01242310553789 67.829540394246578 94.195654649287462 854.97088573127985 233.89368279278278 70.224439918994904 20.93239825963974 2718.0242979601026 1066.6766691878438 12.22221454977989 3267.3030244112015 1632.8000001944602 39.965350214391947 472.30012714117765 34.649107225239277 29363.000586792827 320.55613923445344 1900.5481331944466 71.364850729703903 58.057038702070713 5078.5553723871708 30.019552696496248 12.148196384310721 204.55048886314034 104.67746724933386 98.378523033112288 20.762366995215416 19.855931930243969 123.03781983628869 312.04199589043856 66.47064371407032 19.982404425740242 19.781154632568359 189.18859568983316 86.07498437911272 131.44435648620129 41.751158684492111
leaf_count=2903 655 177 53 220 107 138 1062 83 1553 71 17 4 443 93 258 1425 655 310 28 4800 2235 20 6390 3928 202 1132 154 69150 1255 3652 214 211 11680 42 53 1016 208 460 117 50 320 1156 212 17 92 643 198 243 65
internal_value=0.00109321 -0.0141557 0.00268473 0.00116171 0.00110981 0.00113044 0.00855089 0.0106665 0.00103903 0.0075167 0.000917204 0.00150784 -0.000371699 -0.013393 -4.70027e-05 0.0066756 -0.0053863 -0.0426765 -0.000972977 0.00177016 -0.000859584 0.000191293 0.00433001 -0.00500214 0.00038754 0.00136175 -0.0395782 0.00159979 -0.0108333 -0.00160148 0.00269833 0.00375099 -0.00315433 -0.0280313 -0.00382714 -0.00356233 -0.0136958 -0.000213713 0.0202899 -0.0219668 -0.00642776 -0.0141656 -0.00243933 -0.00771011 0.006171 -0.0195013 -0.0234476 0.00956927 -0.0066363
internal_weight=52291.2 233.873 91.2374 52057.3 51862.6 51831.4 630.699 598.938 51200.7 945.178 50255.5 34462.9 15792.6 384.22 15408.3 1661.61 301.723 82.4967 806.638 33318.1 13746.7 10965.1 3314.17 2781.61 1148.81 30600.1 46.8713 29692.7 329.698 7650.95 2029.97 1958.61 5620.98 82.1331 42.1677 5526.78 448.225 243.674 125.44 118.234 907.38 435.08 785.706 546.04 250.794 295.246 275.264 239.666 108.222
internal_count=120170 885 230 119285 119065 118958 1283 1145 117675 1624 116051 80720 35331 1075 34256 3366 748 327 1941 77817 30890 24430 6564 6460 2532 73017 174 70409 1259 17866 4077 3863 13789 297 95 13531 1851 835 325 510 2608 1476 1913 1393 535 858 841 520 277
is_linear=0
shrinkage=0.03


Tree=137
num_leaves=50
num_cat=0
split_feature=13 19 10 1 5 10 4 10 10 6 0 6 8 19 15 6 3 4 0 4 8 8 8 1 8 6 8 8 8 15 6 19 6 2 2 3 3 3 1 6 2 8 18 8 19 4 4 19 19
split_gain=57.4018 55.9681 41.0819 46.1702 39.394 34.7412 35.5702 36.0599 75.3916 156.712 74.0822 69.1469 68.8142 87.589 74.2216 115.481 66.8727 63.5071 70.1772 70.9069 69.0009 67.1787 68.5992 57.0378 57.0203 56.5752 56.5323 78.9608 101.617 70.0538 55.007 82.8728 73.2062 78.1445 54.7081 53.7396 53.0403 52.2837 83.852 72.8356 66.753 57.51 52.0871 57.3626 53.5274 50.5044 50.0723 78.8906 77.0044
threshold=17.500000000000004 43.500000000000007 12558.600097656252 10.500000000000002 0.34313726425170904 219815.40625000003 -1.0000000180025095e-35 3086.200073242188 13223.200195312502 25000.299804687504 5.5000000000000009 27994.900390625004 10798.100097656252 11.500000000000002 1.5000000000000002 39999.900390625007 1099.850036621094 8001.1931152343759 4.5000000000000009 62.189002990722663 119036.90234375001 89799.300781250015 15993.000000000002 18.500000000000004 15654.800292968752 63368.000000000007 38000.599609375007 10798.100097656252 9998.1000976562518 3.5000000000000004 58896.099609375007 1.5000000000000002 144036.89843750003 47193.765625000007 7998.5000000000009 3168.116821289063 1487.7833251953127 5538.5002441406259 7.5000000000000009 59980.599609375007 51662.939453125007 18592.299804687504 4.5000000000000009 120015.50000000001 9.5000000000000018 19998.100585937504 34819.000000000007 30.500000000000004 62.500000000000007
decision_type=2 2 2 2 2 2 2 2 2 2 2 2 2 2 2 2 2 2 2 2 2 2 2 2 2 2 2 2 2 2 2 2 2 2 2 2 2 2 2 2 2 2 2 2 2 2 2 2 2
left_child=4 -2 -3 -4 5 6 -1 17 12 -10 11 23 -9 14 -14 -16 -15 18 19 -8 26 22 24 -11 -21 -12 27 28 -19 -30 31 -28 -32 -34 -22 -35 -23 -13 39 -39 -40 -42 -36 -44 -45 -18 -33 -48 -49
right_child=1 2 3 -5 -6 -7 7 8 9 10 25 37 13 16 15 -17 45 20 -20 21 34 36 -24 -25 -26 -27 30 -29 29 -31 32 46 33 35 42 -37 -38 38 40 -41 41 -43 43 44 -46 -47 47 48 -50
leaf_value=0.02954358709690752 -0.04447179996325909 -0.018757608036769534 0.017990075344338642 -0.051742299618351049 0.014645495634772812 0.0067188578033292486 -0.0034668724641476263 0.009081529959798218 0.013236690380933896 -0.022994698445006727 0.013724400239773442 0.00095849504195028208 -0.034016255540544126 -0.02469865092940432 -0.052041611821551308 0.016961107304895962 -0.0021569507714958368 0.00042592172723452694 0.028792187032699056 -0.018853332259665231 -0.037766629101435432 0.044990862348842302 -0.04669500004403123 0.044050763835431113 0.067547198497403385 -0.060651707056842689 -0.023526430047920752 0.0030104649139840157 -0.0099098168802357039 -0.039499923925082482 0.0042774429851637086 -0.0016456656340548953 -0.041268628829030381 0.02554945157796636 0.0087494581420917775 -0.0054600003175696099 -0.018580882245817325 0.015972236525451867 -0.048244180196791706 -0.015010363958353248 -0.060497930373723502 0.012331517939470583 0.026725217571145814 -0.053137446118747607 -0.0028743058937840127 -0.026010713483900452 0.047728231108783423 -0.039975470129798713 0.056779987614148188
leaf_weight=39.179458379745483 43.547062918543816 108.78768098726869 70.510352537035942 9.7239393889904004 193.28793942928314 963.92589890956879 934.06541188061237 308.81171952933073 850.55190713703632 167.34026766568422 13.036666363477705 10784.357408042997 171.84285792335868 134.39304784312844 30.291322603821754 78.130333699285984 2363.6735016517341 1538.476779051125 51.825017482042313 34.646518185734749 25.155668273568153 19.806165352463722 103.71973419189453 12.256440311670302 8.5761225372552854 31.313213720917702 155.32435898855329 16916.803086034954 375.82390099018812 89.074860394001007 3519.2541766799986 7329.4288493804634 52.013762801885605 54.121126107871532 2189.2421614676714 711.9767322987318 29.264643132686615 76.338329389691353 18.834298968315125 647.63371001929045 10.089605391025541 297.12492322176695 57.648224748671055 19.872452832758427 471.42337048053741 82.677952472120523 46.368255008012056 25.23876878246665 10.475704215466974
leaf_count=36 242 468 131 44 220 1680 2320 597 1428 524 20 23209 732 477 135 144 5418 3440 55 96 89 14 405 4 4 132 626 38808 997 301 7406 19870 190 64 3576 1561 73 175 91 1931 44 479 75 89 1042 398 120 171 19
internal_value=0.00106061 -0.0138104 -0.00674657 0.00953891 0.00112707 0.00107667 0.000969798 0.000947782 -0.000227033 0.000790926 -8.69547e-05 5.59142e-05 -0.0043726 -0.00582482 -0.0217533 -0.00231718 -0.00409501 0.00149106 -0.00534384 -0.0069093 0.00173157 -0.0233136 -0.0334628 -0.0184192 -0.00170997 -0.0387888 0.00132444 0.00234353 -0.00328821 -0.0155793 -0.000295259 -0.00183922 0.00239829 -0.00568524 0.00627295 -0.00326933 0.00707821 0.00033629 -0.00605414 -0.0117434 0.00657863 0.00993964 0.00667754 -0.00158545 -0.0049074 -0.00296312 -0.00138472 0.0219163 -0.0115953
internal_weight=52277.3 232.569 189.022 80.2343 52044.7 51851.4 50887.5 50848.3 16078.7 12908.9 12058.3 12014 3169.82 2861.01 280.265 108.422 2580.74 34769.6 1181.9 1130.08 33587.7 196.013 146.942 179.597 43.2226 44.3499 30824.4 18920.2 2003.38 464.899 11904.2 7566.84 4337.37 818.112 2763.34 766.098 49.0708 11834.4 1050.02 723.972 326.049 307.215 2738.19 548.944 491.296 2446.35 7411.51 82.0827 35.7145
internal_count=120170 885 643 175 119285 119065 117385 117349 35938 28037 26609 26457 7901 7304 1011 279 6293 81411 2967 2912 78444 592 505 528 100 152 73573 43546 4738 1298 30027 20806 9221 1815 4871 1625 87 25929 2720 2106 614 523 4782 1206 1131 5816 20180 310 190
is_linear=0
shrinkage=0.03


Tree=138
num_leaves=50
num_cat=0
split_feature=13 10 16 16 18 13 7 10 9 11 4 13 7 8 10 2 1 7 2 16 18 6 9 15 2 3 3 6 9 3 16 18 18 9 9 8 8 9 13 16 6 2 7 10 8 9 8 10 3
split_gain=54.346 42.9195 44.9165 43.5247 41.3479 38.2034 35.508 34.9968 42.3318 31.8638 29.3528 28.1934 53.8277 69.9823 44.0147 46.1273 41.171 37.5318 43.2035 36.7322 32.1852 46.889 50.0827 30.1086 34.4134 29.5534 69.7075 49.0748 46.2179 67.8158 62.8961 46.4605 100.948 45.4888 37.7413 37.3083 38.1537 46.4715 43.1572 30.3958 27.8758 65.8261 70.2355 68.2486 63.3158 70.7989 60.0123 61.6242 68.1145
threshold=17.500000000000004 3313.700073242188 2.5000000000000004 10.500000000000002 3.5000000000000004 23.500000000000004 5288.9001464843759 219815.40625000003 10485.500000000002 1.5000000000000002 -1.0000000180025095e-35 2.5000000000000004 4300.3000488281259 10572.200195312502 33149.099609375007 46167.083984375007 3.5000000000000004 5394.1000976562509 95663.000000000015 10.500000000000002 5.5000000000000009 13371.600097656252 2744.099975585938 1.5000000000000002 20196.299804687504 5871.7199707031259 4476.2353515625009 199999.89843750003 2786.3000488281255 3065.849975585938 1.5000000000000002 1.5000000000000002 5.5000000000000009 1250.100036621094 2135.099975585938 62499.000000000007 74000.300781250015 5660.7001953125009 1.5000000000000002 10.500000000000002 178904.50000000003 64700.519531250007 3421.700073242188 88234.199218750015 98789.199218750015 6428.1000976562509 13176.800292968752 14949.600585937502 5607.1000976562509
decision_type=2 2 2 2 2 2 2 2 2 2 2 2 2 2 2 2 2 2 2 2 2 2 2 2 2 2 2 2 2 2 2 2 2 2 2 2 2 2 2 2 2 2 2 2 2 2 2 2 2
left_child=7 2 4 5 -2 -3 -5 9 -9 -1 -11 12 20 -14 23 16 -16 -17 19 -19 -12 -22 -23 -15 -25 26 28 -27 31 35 -31 34 33 -33 -26 -30 -37 -38 -39 -34 41 -13 43 -43 45 -42 -44 -48 -49
right_child=1 3 -4 6 -6 -7 -8 8 -10 10 11 40 13 14 15 17 -18 18 -20 -21 21 22 -24 24 25 27 -28 -29 29 30 -32 32 39 -35 -36 36 37 38 -40 -41 44 42 46 -45 -46 -47 47 48 -50
leaf_value=0.0091955926375130899 0.022228257823891765 -0.038096112548137641 -0.037393754452168318 0.039941570939548969 -0.042989771201536735 0.015241594996555778 -0.010616605804719136 0.0047529243365999107 0.026524570666141438 0.026761330629729123 0.012715500695818486 0.0008868576410407499 -0.052756474909501451 0.010972078496718763 0.0070223076869181797 0.033089459863928444 -0.084351319246657855 -0.090648172214249617 0.022240119452215643 -0.011752065912222781 0.022751421106242033 -0.069793737194649041 -0.0023500289991395446 -0.070753189453238385 0.016562675903093998 -0.07131092555703962 0.028282142983081439 0.013650480434002904 0.016595050661276489 0.023313976690000508 -0.087616937513290777 -0.0044478503302741489 -0.022103285630513971 -0.061898848404444845 -0.038547694026445846 -0.061307887784567534 0.027496031442434322 4.658053770501548e-05 -0.077152106075643809 0.032393515747840197 0.0014878832079209634 -0.035520267904531715 -0.023838501470883365 0.032341698639841134 0.0093277460127337754 -0.025699438501800721 0.001577396615186613 -0.0020953150021020034 -0.018804099750469896
leaf_weight=422.00140219926834 26.973333023488522 33.170394405722618 86.525256425142288 31.772308766841888 12.949269156903027 19.01351111382246 20.613445818424225 882.33072221279144 88.431707844138145 39.522848948836327 675.78874095529318 43414.962807338685 22.176942393183708 287.41057925671339 6.233664438128474 15.535247221589087 15.407156348228453 10.060641273856163 11.96264238655567 11.249839499592781 25.801864355802536 16.272646807134151 25.341152787208557 6.2995214611291876 51.89030034840107 13.329736024141313 73.844047009944916 11.310474246740339 172.75209471583366 7.135991737246516 12.944125473499296 16.102524355053902 14.928930476307867 53.998920157551765 14.256588086485861 10.819610774517058 28.225641578435898 18.831369802355766 9.9668992459774035 24.050026997923851 1470.3219065517187 101.38832874968648 117.24178846925497 15.358148708939551 1085.1273535937071 91.574860975146294 1674.1692060008645 627.77833965420723 337.69680473580956
leaf_count=653 55 142 476 37 74 34 67 1606 78 39 882 102526 78 407 10 10 69 47 11 23 28 72 51 27 69 56 65 13 246 6 59 33 44 220 44 45 33 34 43 30 2892 472 359 15 1600 282 3635 1310 1063
internal_value=0.00102902 -0.0134894 -0.0252485 0.000729889 0.00107418 -0.0186622 0.0200473 0.00109348 0.00673621 0.000986203 0.00091779 0.000897603 0.00473792 -0.000109901 0.00118946 -0.0215747 -0.058031 -0.00541063 -0.0233864 -0.0489988 0.0107437 -0.00902242 -0.0287232 0.0031261 -0.00104456 -0.000222812 0.00132829 -0.0323115 -0.00323782 0.00477125 -0.0481948 -0.0151524 -0.0271818 -0.0487022 0.00468478 0.00919179 -0.00965935 0.000140345 -0.0266714 0.0115213 0.000767024 0.0005958 -0.00380151 -0.0265929 0.00376122 -0.000106124 -0.00283636 -0.00190353 -0.00793959
internal_weight=52262.9 231.018 126.448 104.57 39.9226 52.1839 52.3858 52031.8 970.762 51061.1 50639.1 50599.5 1663.93 920.724 898.547 70.4492 21.6408 48.8084 33.2731 21.3105 743.204 67.4157 41.6138 828.097 540.687 534.387 509.747 24.6402 435.903 260.676 20.0801 175.227 109.08 70.1014 66.1469 240.596 67.8435 57.0239 28.7983 38.979 48935.6 46288.6 2873.63 116.746 2647.02 1561.9 2756.89 2639.64 965.475
internal_count=120170 885 605 280 129 176 104 119285 1684 117601 116948 116909 2755 1722 1644 170 79 91 81 70 1033 151 123 1474 1067 1040 971 69 906 466 65 440 327 253 113 401 155 110 77 74 114154 109380 6854 487 4774 3174 6367 6008 2373
is_linear=0
shrinkage=0.03


Tree=139
num_leaves=50
num_cat=0
split_feature=5 6 2 2 3 18 8 6 19 19 3 9 18 8 8 6 10 8 3 9 16 3 9 9 3 2 3 6 19 3 19 2 19 16 9 6 3 3 2 6 10 18 1 16 9 2 9 1 16
split_gain=37.1881 29.8255 54.5872 59.2888 72.8495 52.5527 63.6922 57.3955 55.7745 54.7901 54.3768 49.9573 49.9518 61.6962 138.304 50.5359 78.245 48.4468 47.1492 43.8628 66.9447 43.3368 84.8151 42.5036 41.2553 40.1342 43.1507 39.583 50.4306 43.1597 51.5338 38.8734 69.5505 46.0809 66.632 36.8887 36.3057 108.711 49.4619 35.7725 51.1606 36.4511 40.2507 35.4024 34.9292 34.6365 47.3539 35.8519 44.0899
threshold=0.34313726425170904 178904.50000000003 64700.519531250007 66119.742187500015 5153.7292480468759 2.5000000000000004 13176.800292968752 99996.902343750015 53.500000000000007 11.500000000000002 6215.6494140625009 4093.700073242188 4.5000000000000009 115797.00000000001 89799.300781250015 102445.10156250001 183183.26562500003 102204.19921875001 1852.1072387695315 6428.1000976562509 3.5000000000000004 8579.4501953125018 2379.3000488281255 6174.7001953125009 4476.2353515625009 77474.000000000015 4098.9001464843759 220070.00000000003 23.500000000000004 9653.9995117187518 40.500000000000007 76003.285156250015 24.500000000000004 9.5000000000000018 9648.1000976562518 73013.601562500015 4899.5668945312509 5014.5300292968759 85396.699218750015 100002.00000000001 2645.900024414063 1.0000000180025095e-35 1.5000000000000002 8.5000000000000018 1611.100036621094 66974.398437500015 1508.3000488281252 3.5000000000000004 10.500000000000002
decision_type=2 2 2 2 2 2 2 2 2 2 2 2 2 2 2 2 2 2 2 2 2 2 2 2 2 2 2 2 2 2 2 2 2 2 2 2 2 2 2 2 2 2 2 2 2 2 2 2 2
left_child=1 2 -1 4 39 9 35 8 31 11 12 -5 13 14 15 16 -9 18 -3 -20 25 24 -23 -13 45 26 -21 29 -29 -19 -31 32 -8 -34 -35 -7 -26 -38 -39 40 41 -4 -43 -22 -40 -11 -47 48 -48
right_child=-2 17 3 5 -6 6 7 10 -10 21 -12 23 -14 -15 -16 -17 -18 27 19 20 43 22 -24 -25 36 -27 -28 28 -30 30 -32 -33 33 34 -36 -37 37 38 44 -41 -42 42 -44 -45 -46 46 47 -49 -50
leaf_value=0.0010308320378589 0.014174174234571154 0.041023166293188737 0.03203493318565017 -0.043239871464303359 -0.05218460969966901 0.034888306820876666 -0.038356488137511337 -0.04434386364852657 -0.056382035384229978 -0.061386797561812451 -0.011424789079691066 0.015090032979578784 0.010343288980331624 0.012970207593612844 -0.06588764066534529 0.0029088889090155765 0.033487413927287275 0.014128582173716039 0.0021498808950497984 0.0094923107314898794 -0.055294220942669538 0.029268791638790741 -0.032040075692376151 -0.028560101472502989 0.01959194974388774 0.015678629399470168 -0.061428639109465125 -0.059265908135914501 0.0012618292713914704 -0.058955929620742073 0.005265202869711356 -0.0262133551150775 0.024775223229449715 -0.039897400145389297 0.038710853602641426 -0.042268630368184748 -0.063294441747547114 -0.00075916718490180528 0.038727848098804071 0.004590323886531281 -0.060448191850037108 0.010672091536322398 -0.060128337371288677 -0.017045061273273446 0.011479627441894236 -0.06023880609284285 -0.0053907302669812477 0.010717246520311597 -0.06344608918797133
leaf_weight=45758.485833644867 192.08620391786098 26.512162178754807 15.059348359704016 42.427896685898304 45.792271938174963 6.1629383116960517 36.518937613815069 52.083217490464449 28.652996964752674 9.3710203245282155 360.24797374755144 47.96514618396759 391.06402882188559 131.07418575882912 37.148735262453556 212.0233797878027 14.965145230293272 741.08366179466248 1932.4882990047336 15.884944543242456 34.39992805570364 28.207117676734924 72.519330188632011 34.530432760715485 210.24524874985218 74.553787894546986 15.023629412055014 13.30918478220701 179.14075443148613 15.92447356879711 38.2729781717062 104.97998430207372 68.184076894074678 30.041522059589624 14.336092852056025 58.638787880539894 20.145727276802063 339.29219380766153 49.267323523759842 80.710024110972881 23.758943673223257 14.136682614684107 14.784919388592241 59.358863219618797 301.14309655874968 12.253780812025068 99.897594973444939 133.45957623422146 13.346169799566267
leaf_count=106927 221 14 14 164 215 9 157 192 133 41 1091 88 711 183 160 397 12 940 3709 23 150 38 283 115 260 105 64 55 297 70 60 408 126 122 12 220 84 723 39 147 103 25 66 156 488 53 238 203 59
internal_value=0.000998421 0.000949806 0.000767696 -0.00304937 -0.0191053 -0.00199581 -0.00581853 -0.004545 -0.0167041 0.00218388 -0.00167705 -0.0167861 0.00251161 -0.00433553 -0.0115088 -0.00427014 -0.026972 0.00378122 0.00126268 0.000768178 -0.0126346 0.00402214 -0.0148713 -0.00318074 0.00562349 0.00376253 -0.02498 0.00928431 -0.00292406 0.0122386 -0.0136045 -0.0122292 -0.00238179 0.00928966 -0.0145032 -0.0349307 0.008642 0.00539881 0.00740529 -0.00890131 -0.0249762 -0.00581387 -0.0255216 -0.0310786 0.0153107 -0.00472695 -0.00267657 0.000182551 -0.0122328
internal_weight=52251 52058.9 48912.9 3154.44 194.242 2960.19 1546.12 1481.32 282.714 1414.07 1198.61 124.923 838.359 447.295 316.22 279.072 67.0484 3145.95 2158.22 2131.71 199.221 1289.15 100.726 82.4956 1188.42 105.462 30.9086 987.731 192.45 795.281 54.1975 254.061 149.081 112.562 44.3776 64.8017 920.094 709.848 689.703 148.45 67.7399 43.981 28.9216 93.7588 350.41 268.328 258.957 246.703 113.244
internal_count=120170 119949 114306 7379 570 6809 3933 3704 958 2876 2746 367 1655 944 761 601 204 5643 4221 4207 498 2509 321 203 2188 192 87 1422 352 1070 130 825 417 260 134 229 1594 1334 1250 355 208 105 91 306 527 594 553 500 297
is_linear=0
shrinkage=0.03


Tree=140
num_leaves=50
num_cat=0
split_feature=4 18 2 4 15 8 9 16 1 10 4 10 8 2 7 9 19 10 2 2 7 8 9 7 8 19 7 1 19 4 4 10 8 9 8 19 2 8 9 2 8 2 19 2 7 10 3 9 16
split_gain=50.8199 52.9127 45.1463 42.4263 41.8793 42.7473 69.1337 48.9391 51.5301 69.1807 50.7961 49.5402 47.7158 42.2326 74.3505 65.3124 55.3588 82.3697 46.8122 42.118 178.329 57.3211 60.0079 77.2414 56.1659 54.3257 47.628 89.7583 121.606 89.9559 85.5695 68.7817 107.729 50.5394 105.861 65.9902 61.0582 58.1614 82.5091 62.2345 58.2485 61.3727 62.2838 61.5431 59.0289 52.2321 50.0797 73.7669 50.0183
threshold=47985.736328125007 4.5000000000000009 73747.703125000015 81192.609375000015 3.5000000000000004 140024.00000000003 7569.6000976562509 4.5000000000000009 7.5000000000000009 74815.761718750015 166.90100097656253 68373.964843750015 43601.099609375007 60000.099609375007 3570.099975585938 6997.4001464843759 12.500000000000002 188081.76562500003 7557.5000000000009 11184.216308593752 1654.5000000000002 79978.101562500015 1876.100036621094 2750.099975585938 104400.80078125001 13.500000000000002 3877.099975585938 3.5000000000000004 1.5000000000000002 33630.833984375007 19.818000793457035 1454.9000244140627 7800.6000976562509 2362.900024414063 37893.500000000007 21.500000000000004 71607.507812500015 23764.500000000004 3623.700073242188 41665.287109375007 25648.700195312504 12300.600097656252 69.500000000000014 14927.100097656252 3849.3000488281255 13223.200195312502 1930.4400634765627 5776.1999511718759 7.5000000000000009
decision_type=2 2 2 2 2 2 2 2 2 2 2 2 2 2 2 2 2 2 2 2 2 2 2 2 2 2 2 2 2 2 2 2 2 2 2 2 2 2 2 2 2 2 2 2 2 2 2 2 2
left_child=4 -2 -3 -4 5 6 19 8 12 -10 -9 -12 -8 14 18 -16 17 -15 -7 20 -1 22 -22 25 -23 -24 27 28 -21 31 -30 -29 -33 34 35 -32 37 38 39 -35 -39 -42 43 -43 46 -40 47 -45 -34
right_child=1 2 3 -5 -6 13 7 10 9 -11 11 -13 -14 16 15 -17 -18 -19 -20 26 21 24 23 -25 -26 -27 -28 29 30 -31 33 32 48 36 -36 -37 -38 40 45 -41 41 42 -44 44 -46 -47 -48 -49 -50
leaf_value=0.0047874952834166106 -0.0028590567545289007 -0.037732292003387 -0.042107109190277436 0.03366212388486145 0.0030875396214210763 -0.055691642866466648 -0.047806902754117447 -0.037233424679967965 -0.029900405713612202 0.010265027104761008 -0.0056897600540344855 -0.03101595031160502 0.004631943700179165 -0.036962829628574598 -0.036756054839224665 -0.00068017593125907201 0.01152693057445188 0.046706390775242787 0.013677366914409763 -0.029050909972464116 -0.004514361549049206 0.01909466750476287 -0.039542305995067986 -0.035391025797440544 -0.053385686192824112 -0.0088650398681666739 0.00035834107045931257 0.010248925872797434 -0.033802939860522192 -0.041661783697403747 0.0073203579352890237 -0.061562472054184844 0.0069286054302844426 0.0018320467573930991 -0.024423157012087783 -0.0028381749796395272 -0.036907414277730685 0.021005926401599446 -0.047270171320729679 -0.059303823397598376 -0.016393009530145948 0.016658565939052294 -0.048506276286521613 -0.0067508604787095442 -0.057397958418877931 0.0061010687745506834 0.007113156417400142 0.015434464552695093 -0.0039590460906322811
leaf_weight=1298.3608485609293 309.44158494099975 85.197720613330603 10.514768708497288 18.100466277450323 8379.5412655100226 8.9360354393720609 15.932920590043066 53.08347774296999 102.86505292356014 61.76985589414835 1130.3815355226398 74.066783338785172 787.72067579627037 46.997058548033237 46.891747862100601 1226.6788702532649 872.56684137880802 13.669676125049589 432.87786842882633 121.33814469724894 438.54097107052803 85.661968015134335 59.07250390201807 183.25822910293937 10.839814804494379 431.10252027958632 24874.01913208887 2222.7330371662974 62.174838967621326 34.809667091816664 797.25370301306248 23.499170929193497 1085.9493965357542 478.3064795807004 169.33970649912953 2069.2989435568452 32.961996138095856 207.00872211530805 59.640473797917366 15.470570728182791 120.76949606835842 403.75151273608208 19.164010435342789 617.94120770320296 13.979165054857729 22.816669285297394 1849.7509418204427 172.55381155759096 583.9660060107708
leaf_count=2751 1382 689 68 40 16081 38 79 207 331 103 3109 248 1790 167 155 2509 1237 7 596 469 1162 135 251 807 47 1165 60358 3970 224 202 1764 104 2086 1047 592 4879 132 331 236 66 345 721 87 1702 62 50 3729 332 1286
internal_value=0.00106116 -0.00929196 -0.0267821 0.00582045 0.00114572 0.000771143 0.000531338 -0.00460953 0.000459921 -0.0148306 -0.00851297 -0.00724718 0.00359231 0.00446436 0.00167021 -0.00200846 0.00960031 -0.0181101 0.0122743 0.000828046 -0.00293204 -0.0112257 -0.0131505 -0.0187744 0.0109531 -0.0125621 0.00108945 0.00271543 0.000729208 0.00635185 0.00123728 0.00677863 0.00222361 0.0015463 -0.00137444 -1.28552e-05 0.00375527 0.00409194 -0.00472237 -8.34064e-05 0.00558363 0.00458531 0.00540865 0.00574653 0.00408663 -0.0325018 0.00441217 -0.00190812 0.00312122
internal_weight=52242.6 423.255 113.813 28.6152 51819.3 43439.8 40791.2 2225.82 968.289 164.635 1257.53 1204.45 803.654 2648.62 1715.38 1273.57 933.234 60.6667 441.814 38565.3 2506.84 1208.48 1111.97 673.433 96.5018 490.175 36058.5 11184.5 7233.52 3950.96 7112.18 3916.15 1693.41 7050.01 3035.89 2866.55 4014.12 3981.15 576.234 493.777 3404.92 3197.91 3077.14 3057.98 2654.23 82.4571 2640.25 790.495 1669.92
internal_count=119928 2179 797 108 117749 101668 96959 5867 2303 434 3564 3357 1869 4709 3298 2664 1411 174 634 91092 6318 3567 3385 2223 182 1416 84774 24416 16768 7648 16299 7446 3476 16075 7235 6643 8840 8708 1399 1113 7309 6978 6633 6546 5825 286 5763 2034 3372
is_linear=0
shrinkage=0.03


Tree=141
num_leaves=50
num_cat=0
split_feature=4 18 2 4 15 6 7 7 2 8 8 2 7 9 6 2 9 6 9 8 12 2 2 8 18 1 8 6 9 9 6 1 2 8 9 2 1 8 4 2 7 9 4 15 17 7 8 7 12
split_gain=48.0684 51.2225 43.9304 40.2009 39.4205 43.2344 48.1468 77.9605 50.2073 57.9558 53.3439 47.9803 46.7708 46.7504 45.9174 66.0963 45.331 42.946 50.3407 56.1284 51.2904 44.9035 42.9905 82.3685 69.505 67.8387 51.8506 61.486 47.5442 63.6922 50.7854 60.0732 43.1945 41.6571 40.2925 61.8159 43.9945 44.4682 79.3848 63.5017 51.4782 49.2135 45.9646 42.3236 44.2969 44.0597 41.3675 63.1691 39.114
threshold=47985.736328125007 4.5000000000000009 73747.703125000015 81192.609375000015 3.5000000000000004 178904.50000000003 7156.9001464843759 7725.7001953125009 38360.058593750007 13176.800292968752 11507.000000000002 38903.533203125007 21883.100585937504 600.10000610351574 190049.00000000003 123947.86328125001 1016.1000061035157 114004.30078125001 2960.3000488281255 50001.000000000007 21.500000000000004 89999.667968750015 52933.976562500007 130002.10156250001 1.0000000180025095e-35 6.5000000000000009 15999.899902343752 127426.00000000001 2379.3000488281255 3105.099975585938 133740.30468750003 5.5000000000000009 83500.097656250015 102204.19921875001 6428.1000976562509 66119.742187500015 9.5000000000000018 16415.200195312504 4.1540000438690194 65398.800781250007 8929.8002929687518 4921.3000488281259 30.026000022888187 1.5000000000000002 2019.5000000000002 15704.500488281252 23996.100585937504 10837.100097656252 28.500000000000004
decision_type=2 2 2 2 2 2 2 2 2 2 2 2 2 2 2 2 2 2 2 2 2 2 2 2 2 2 2 2 2 2 2 2 2 2 2 2 2 2 2 2 2 2 2 2 2 2 2 2 2
left_child=4 -2 -3 -4 5 12 -7 -8 9 -9 13 -12 -1 -10 -15 -16 -13 18 19 20 21 -6 23 24 -19 -26 27 -24 -28 32 31 -31 -30 34 36 -36 37 -18 -39 40 41 -40 -42 44 -37 -45 47 -41 -14
right_child=1 2 3 -5 17 6 7 8 10 -11 11 16 48 14 15 -17 33 22 -20 -21 -22 -23 26 -25 25 -27 28 -29 29 30 -32 -33 -34 -35 35 43 -38 38 39 46 42 -43 -44 45 -46 -47 -48 -49 -50
leaf_value=0.00055327825329204124 -0.0027764558955037438 -0.037491229522763951 -0.041680988908060455 0.032469246554612669 0.0022100133099322416 0.027539409134874022 -0.07127725497240367 0.023344900612608778 0.026631114453957997 -0.058933079401688473 0.052652903695379234 0.032993818851428963 -0.03505468865536996 0.027142726269963842 -0.058975583891365514 0.021971733440251308 0.014544350104236332 -0.065693451629862815 0.0060649291699897516 -0.02578651901773054 -0.038146728761001329 -0.05745403562502098 0.014040656641020818 -0.077203754642504188 -0.065537960926194821 0.0018659273256859293 0.018843566478909123 -0.068571677157835978 -0.068875894463109752 -0.071273726929887815 0.0032077401156937867 -0.0039440073722294029 -0.0075672000834403549 0.010646517258108284 -0.058865142949437968 -0.054957619117137702 0.0096605503364536362 -0.063214423508198073 -0.031284100994401688 -0.066037068981708177 0.033625341333546672 0.044335982228768764 -0.041167443555298291 -0.012113975587754374 0.0022499718993769999 0.043047055071762659 0.0050401909347991027 -0.0021409341928762455 0.051890538756845912
leaf_weight=40905.976875089109 309.09356250241399 83.203316442668438 10.306745860725643 18.200911778956652 3038.8328275978565 79.728902637958527 12.370256185531614 11.542163103818892 16.024313554167747 23.176502451300621 19.352814212441444 51.640633761882782 50.341615468263626 10.389706566929815 42.57338872551918 11.539169356226919 133.69909007847309 17.717463836073875 4064.2172534540296 68.806769572198391 28.930569879710674 11.39522349834442 13.390913680195807 17.271557614207268 14.596039317548273 169.44875413179398 126.55978168547153 20.553628727793694 20.004247069358826 18.295854836702347 691.12821070849895 34.257859736680984 21.413863390684128 691.31183898448944 23.126091629266739 22.917388074100018 563.20829358696938 20.036929979920387 13.989849835634233 19.21128723025322 8.1533875316381437 17.353335648775101 79.51910176128149 27.232300043106079 26.004203483462334 24.992677435278893 465.6922679618001 50.607047915458679 5.1314318403601638
leaf_count=96979 1382 689 68 40 6127 68 53 15 17 98 13 47 265 11 179 14 196 75 7387 215 107 49 21 75 61 314 154 86 83 77 1139 67 44 972 100 101 912 86 42 80 5 7 288 65 48 22 867 113 5
internal_value=0.00102961 -0.00906883 -0.0264792 0.00566074 0.00111164 0.000748174 0.00460652 0.00384011 0.00423164 -0.0315799 0.0047633 0.00561894 0.000515947 -0.0192297 -0.030623 -0.0417141 0.00521235 0.0029959 0.00385909 0.00101121 0.00161003 0.00198712 -0.00234951 -0.0143255 -0.00894289 -0.00347967 0.00042453 -0.0359816 0.00178007 -0.000970603 0.00104592 -0.0273839 -0.0371783 0.00455637 0.00174159 -0.0146157 0.00322377 -0.00126147 -0.0043942 -0.00259355 -0.0224149 0.0105834 -0.0342118 -0.00449849 -0.024549 0.0142838 0.00181168 -0.0197227 -0.027012
internal_weight=52224.5 420.805 111.711 28.5077 51803.7 43426.8 2465.39 2385.66 2373.29 34.7187 2338.58 2258.05 40961.4 80.5266 64.5023 54.1126 2238.7 8376.82 7212.18 3147.97 3079.16 3050.23 1164.64 219.034 201.762 184.045 945.604 33.9445 911.66 785.1 743.682 52.5537 41.4181 2187.06 1495.74 124.273 1371.47 808.262 674.563 654.526 119.016 31.3432 87.6725 101.147 48.9216 52.225 535.511 69.8183 55.473
internal_count=119928 2179 797 108 117749 101668 4419 4351 4298 113 4185 3964 97249 221 204 193 3951 16081 13885 6498 6283 6176 2196 525 450 375 1671 107 1564 1410 1283 144 127 3904 2932 336 2596 1684 1488 1402 342 49 293 236 149 87 1060 193 270
is_linear=0
shrinkage=0.03


Tree=142
num_leaves=50
num_cat=0
split_feature=4 18 2 14 8 4 4 14 15 6 3 6 6 7 19 2 2 8 8 8 15 4 6 19 6 2 3 3 7 3 7 3 3 3 8 6 10 7 10 19 8 10 10 7 8 8 1 16 19
split_gain=45.4643 49.5912 42.7541 39.1589 38.4524 38.2409 38.1165 36.9449 36.2543 43.5807 46.0929 45.0795 44.6965 80.2122 68.4148 90.6407 61.499 56.1392 46.7467 42.1007 57.5271 41.1315 39.3575 55.4492 44.1071 46.1984 125.999 96.0707 56.3171 77.9616 58.8443 43.9649 40.5043 72.9722 43.1729 38.8781 38.2303 37.7412 72.4536 100.771 84.569 87.0512 84.1856 58.094 80.8067 109.72 95.5058 56.5362 60.653
threshold=47985.736328125007 4.5000000000000009 73747.703125000015 7.5000000000000009 161409.89843750003 50273.000000000007 81192.609375000015 8.5000000000000018 3.5000000000000004 156387.00000000003 5607.1000976562509 33423.701171875007 50599.000000000007 6358.5000000000009 41.500000000000007 35162.625000000007 42793.666015625007 10000.200195312502 12694.899902343752 26996.100585937504 1.5000000000000002 39735.445312500007 114004.30078125001 39.500000000000007 220070.00000000003 72639.535156250015 4359.2800292968759 4277.8449707031259 9423.5004882812518 4051.8332519531255 7218.9001464843759 6616.7602539062509 4006.314331054688 3793.8666992187505 90001.000000000015 55996.900390625007 14100.865722656252 5038.5000000000009 9880.3002929687518 22.500000000000004 35994.400390625007 16820.800781250004 39024.685546875007 4472.7001953125009 19998.200195312504 16998.100585937504 8.5000000000000018 9.5000000000000018 5.5000000000000009
decision_type=2 2 2 2 2 2 2 2 2 2 2 2 2 2 2 2 2 2 2 2 2 2 2 2 2 2 2 2 2 2 2 2 2 2 2 2 2 2 2 2 2 2 2 2 2 2 2 2 2
left_child=3 4 -3 8 5 -2 -4 -5 9 10 -1 19 13 -13 16 -16 -15 -14 -19 20 -12 22 37 24 25 26 27 32 29 -27 31 -31 33 34 -24 -20 -18 38 43 -40 41 -41 -43 -10 45 47 -46 48 -45
right_child=1 2 6 7 -6 -7 -8 -9 21 -11 11 12 17 14 15 -17 36 18 35 -21 -22 -23 23 -25 -26 28 -28 -29 -30 30 -32 -33 -34 -35 -36 -37 -38 -39 39 40 -42 42 -44 44 46 -47 -48 -49 -50
leaf_value=0.00075727883674528993 -0.039734952972340636 -0.037258812552734236 -0.0412726020165037 -0.047636616527158337 -0.047732837157555053 0.0027685013616445663 0.031336559369411793 -0.0075717854282015993 0.007595274143023311 0.0043332944192100266 0.017442795848842743 0.03632321652458393 0.026711481320628283 -0.042525676470443502 0.038145311718269154 -0.029409599047896001 -0.01302764785225325 -0.049753336758295387 -0.033506711233304058 -0.036966517276476221 -0.048637301041824239 0.031775640321814465 -0.016199384586583723 0.0031066594694765834 -0.066740343746942779 0.028892348727147129 -0.063322929787366172 0.042255872289253038 0.009554119387092129 -0.039114654345700287 -0.07079782234616136 0.04354473064589362 -0.0663157942183909 0.021420624063741022 -0.066996136302891196 -0.0039427142891056222 0.065738782363642639 0.0078031713435952315 -0.030716026992677028 -0.071565754438008056 0.0085658136210650607 0.004345121131539567 -0.047841044556004762 0.01271948895745224 0.0044017519705582785 -0.033455896075046898 -0.072569879598872358 0.010794611573123707 -0.013995669662867182
leaf_weight=38271.988724961877 20.485504522919655 81.240337889641523 10.099603097885849 25.037347540259361 16.168639250099659 272.1011344268918 18.291609771549702 119.96828146278858 2015.3902360126376 2887.7024906352162 40.08535335958004 70.871629871428013 51.077273473143578 49.125894173979759 55.938675593584776 26.269743211567402 14.902878731489183 20.939836807549 41.021192859858274 68.917225748300552 16.837333269417286 44.25578111410141 67.796911880373955 680.2605332955718 12.133763462305067 19.659168228507042 45.370854943990707 29.409008949995041 170.97824244201183 14.947517618536951 28.045585721731186 9.4538717269897443 13.726015403866766 40.096611052751541 19.358168259263039 1662.2779966965318 8.832840368151663 1518.3583388775587 130.33963222801685 23.476212613284588 302.58801028132439 106.6107981801033 37.644357942044735 97.205840826034546 2238.8528362810612 121.82220567762852 14.6027425378561 201.06379091739655 358.81819227337837
leaf_count=89722 134 689 68 125 79 1169 40 391 3376 5230 118 107 81 277 77 109 58 97 193 368 79 58 170 1106 50 17 186 20 267 46 117 5 57 49 80 4666 3 2513 392 101 468 182 130 173 4671 420 62 358 974
internal_value=0.000998953 -0.00885069 -0.0261837 0.00107852 -0.00269616 -0.000207385 0.00550731 -0.0144896 0.00112223 0.000772881 0.000518385 -0.00377994 -0.00268479 0.00988264 -0.00220149 0.0165581 -0.0233676 -0.00428422 -0.00520241 -0.0211964 -0.00210324 0.00293059 0.00277712 -0.00237167 -0.0102844 -0.00879144 -0.0188956 -0.00706537 0.000176807 -0.0220587 -0.0411571 -0.00708979 -0.0173541 -0.0120729 -0.0274819 -0.00465472 0.0162839 0.00360419 0.00247546 -0.00737424 -0.000905531 -0.0179919 -0.00927321 0.00364753 0.00102375 -0.00730605 0.00390296 -0.00245795 -0.00830108
internal_weight=52212.4 418.387 109.632 51794.1 308.755 292.587 28.3912 145.006 51649.1 43286.8 40399.1 2127.1 2001.26 225.942 155.07 82.2084 72.8616 1775.32 1724.24 125.84 56.9227 8362.27 8318.01 1151.24 470.976 458.842 215.758 170.387 243.084 72.1061 52.447 24.4014 140.978 127.252 87.1551 1703.3 23.7357 7166.77 5648.41 600.659 470.319 167.731 144.255 5047.76 3032.37 778.91 2253.46 657.088 456.024
internal_count=119928 2179 797 117749 1382 1303 108 516 117233 101185 95955 6233 5668 631 524 186 338 5037 4956 565 197 16048 15990 2170 1064 1014 562 376 452 185 168 51 356 299 250 4859 61 13820 11307 1273 881 413 312 10034 6658 1925 4733 1505 1147
is_linear=0
shrinkage=0.03


Tree=143
num_leaves=50
num_cat=0
split_feature=4 18 2 14 8 4 4 8 9 12 9 8 10 13 6 19 4 3 2 6 6 19 8 8 9 0 19 9 6 12 3 9 2 10 9 4 13 8 3 6 0 2 2 8 16 3 16 6 12
split_gain=43.0137 48.0054 41.6159 36.9725 36.7743 36.7399 36.1618 35.7119 69.7021 59.2829 59.0321 68.2343 61.7696 69.3627 52.1129 49.6166 59.5622 70.2658 58.7119 44.736 88.2514 47.1577 42.707 68.9157 100.203 93.3806 100.105 83.4618 113.812 90.1415 52.0783 51.8695 82.6523 58.3013 59.0671 76.5725 68.9403 53.8465 65.8524 78.8564 81.0283 54.3738 68.2233 59.78 51.8966 51.6503 89.6229 51.5031 49.4488
threshold=47985.736328125007 4.5000000000000009 73747.703125000015 7.5000000000000009 161409.89843750003 50273.000000000007 81192.609375000015 135545.80468750003 7663.5000000000009 13.500000000000002 7965.3000488281259 161409.89843750003 28540.992187500004 11.500000000000002 156387.00000000003 56.500000000000007 0.068500000983476653 4781.2250976562509 30243.308593750004 102445.10156250001 81257.101562500015 18.500000000000004 75496.500000000015 99999.902343750015 5170.7001953125009 3.5000000000000004 45.500000000000007 3777.099975585938 88568.902343750015 22.500000000000004 3080.0300292968755 5381.9001464843759 50413.140625000007 44401.001953125007 6078.3000488281259 14215.666503906252 3.5000000000000004 30000.500000000004 1420.779968261719 33000.400390625007 1.5000000000000002 22202.100585937504 28000.120117187504 70003.000000000015 7.5000000000000009 2748.8200683593755 3.5000000000000004 6699.5000000000009 10.500000000000002
decision_type=2 2 2 2 2 2 2 2 2 2 2 2 2 2 2 2 2 2 2 2 2 2 2 2 2 2 2 2 2 2 2 2 2 2 2 2 2 2 2 2 2 2 2 2 2 2 2 2 2
left_child=3 4 -3 7 5 -2 -4 8 22 -10 11 12 19 15 -11 16 -14 18 -18 20 21 -9 31 27 45 -26 -27 28 29 -24 -28 -1 33 34 35 48 -36 44 -39 -40 -41 -42 -43 -44 -38 -25 -47 -29 -33
right_child=1 2 6 -5 -6 -7 -8 10 9 14 -12 -13 13 -15 -16 -17 17 -19 -20 -21 -22 -23 23 24 25 26 30 47 -30 -31 -32 32 -34 -35 36 -37 37 38 39 40 41 42 43 -45 -46 46 -48 -49 -50
leaf_value=0.0010572487557877755 -0.039397991022536084 -0.037034646339975288 -0.040881004454126298 -0.014108913170424607 -0.047011252047830125 0.0026825116266584281 0.030259161210349553 -0.037662934289729055 -0.0024744989103951706 -0.025474426021319902 0.0055947766872710518 -0.037238524357834188 0.02481146605237336 0.043080861154698093 0.0047461087207551463 -0.079873398811463256 0.0046457403388943594 0.0083539667951749701 -0.0529785727253025 0.018793580889359469 -0.06932395166825879 0.0082976661914176686 -0.043254344995412121 0.0013355139793339724 0.0035759503220398284 -0.061996893029037881 -0.0762252007360638 -0.054932383868382201 0.012622094537753443 0.050376989301803454 0.008902624484028919 -0.0056306113280173882 -0.016097910500025035 0.015045808528822998 -0.044008023871006878 0.025106663917663464 0.0031257695686675488 -0.037161117421290676 0.017298957894708946 -0.025619598855310687 -0.058055346688701381 0.02976327181394323 0.0028800667941304404 -0.037888843019807543 0.051446967425588686 -0.0015874482988920515 -0.039637955761749576 0.0087692616882079997 -0.021739888264361316
leaf_weight=37625.247331932187 20.04751693084836 79.309305354952812 9.8935743905603903 144.47087291628122 15.927951283752916 272.39428180828691 18.373324520885944 22.852953374385834 2067.9985105954111 195.59396702051163 3088.1897591277957 53.065820947289467 25.741233170032501 16.477557569742203 69.63973705470562 12.12655235826969 20.649767830967903 39.216197267174721 69.375605434179306 142.33729653060436 16.637110382318497 166.30603648722172 91.460617795586586 117.38853349536657 2467.4327777996659 40.960667848587036 7.3545917570590964 11.475222706794737 89.334744676947594 10.295598104596136 53.640530049800873 504.42095351964235 391.91742922365665 184.30884782969952 28.156241282820702 56.428320769220591 40.180823117494583 37.983740918338299 251.45145613327622 112.87814254313707 12.933501504361628 78.765169307589531 353.61790592595935 35.631464406847954 39.834656082093716 98.192806459963322 128.77049136161804 2502.90628843382 259.83013254404068
leaf_count=86636 134 689 68 516 79 1169 40 79 5093 753 5294 170 29 8 137 53 38 64 264 176 71 288 439 230 4988 171 32 49 149 10 83 1306 1143 317 92 131 89 161 545 463 56 102 856 145 31 207 471 4909 905
internal_value=0.000969181 -0.00863962 -0.025895 0.00104636 -0.00261998 -0.000202198 0.0053597 0.00108876 0.000870449 -0.00418706 0.00393976 -0.0048002 -0.00156285 -0.0156434 -0.0175397 -0.0214338 -0.0168612 -0.0251612 -0.0397609 0.00586247 -0.00308124 0.00274501 0.00112904 0.0035781 0.000376704 0.00241338 -0.0257219 0.00702593 -0.0120875 -0.0337808 -0.00136181 0.000785115 -0.003502 -0.0010293 -0.00266429 -0.00861743 0.00226355 0.00361606 0.00148121 0.00321766 -0.00274497 0.00262369 0.00430054 -0.000851875 0.0271818 -0.01482 -0.0231759 0.00847854 -0.0111074
internal_weight=52199.4 415.946 107.576 51783.5 308.37 292.442 28.2669 51639 47966 2333.23 3672.98 584.786 531.72 183.587 265.234 167.109 154.983 129.242 90.0254 348.133 205.796 189.159 45632.8 5619.21 2913.74 2569.39 101.956 2705.47 191.091 101.756 60.9951 40013.6 2388.34 1996.42 1812.11 820.679 991.433 963.277 883.261 845.278 593.826 480.948 468.015 389.249 80.0155 344.352 226.963 2514.38 764.251
internal_count=119928 2179 797 117749 1382 1303 108 117233 110699 5983 6534 1240 1070 456 890 448 395 366 302 614 438 367 104716 11738 6182 5274 286 5556 598 449 115 92978 6342 5199 4882 2342 2540 2448 2328 2167 1622 1159 1103 1001 120 908 678 4958 2211
is_linear=0
shrinkage=0.03


Tree=144
num_leaves=50
num_cat=0
split_feature=4 18 2 8 4 2 0 16 18 1 0 3 14 14 3 2 3 2 3 5 7 7 8 8 8 6 12 2 12 19 13 13 7 4 8 19 7 8 8 7 8 3 19 3 3 13 16 8 10
split_gain=40.6956 46.4717 40.5146 35.1915 35.3084 35.5422 36.1581 47.7541 83.396 45.7148 49.8112 36.1343 34.8742 35.8143 34.783 63.1078 54.0459 80.4703 53.3811 53.2263 47.9083 80.3092 47.06 92.3641 56.2351 85.5866 67.9709 63.5469 69.9272 77.3861 60.0681 81.3517 53.6404 51.0756 74.0483 52.3659 83.2916 106.681 82.762 76.706 55.2146 54.1854 68.1711 50.5778 54.1522 55.6464 52.7792 50.459 50.0047
threshold=47985.736328125007 4.5000000000000009 73747.703125000015 161409.89843750003 50273.000000000007 28800.066406250004 1.5000000000000002 2.5000000000000004 1.0000000180025095e-35 9.5000000000000018 4.5000000000000009 5106.8801269531259 7.5000000000000009 8.5000000000000018 2597.814331054688 40529.666015625007 3168.116821289063 63245.455078125007 7411.0715332031259 0.13809524476528171 2671.900024414063 2624.099975585938 41494.300781250007 42699.900390625007 35201.000000000007 120002.40234375001 11.500000000000002 19991.316406250004 12.500000000000002 61.500000000000007 13.500000000000002 17.500000000000004 9565.1000976562518 17199.000000000004 23400.900390625004 8.5000000000000018 4834.7001953125009 30000.500000000004 6599.0000000000009 4990.3000488281259 29998.200195312504 5014.5300292968759 9.5000000000000018 2720.8200683593755 2791.033325195313 9.5000000000000018 3.5000000000000004 20400.299804687504 65483.900390625007
decision_type=2 2 2 2 2 2 2 2 2 2 2 2 2 2 2 2 2 2 2 2 2 2 2 2 2 2 2 2 2 2 2 2 2 2 2 2 2 2 2 2 2 2 2 2 2 2 2 2 2
left_child=12 3 -3 4 -2 -6 7 8 -7 11 -11 -8 14 -14 -1 18 17 -17 19 20 21 -16 24 -24 26 27 30 -26 29 32 33 -32 -29 35 -35 39 37 38 -37 -22 -40 42 -38 -39 -45 46 -46 -41 -44
right_child=1 2 -4 -5 5 6 9 -9 -10 10 -12 -13 13 -15 15 16 -18 -19 -20 -21 22 -23 23 -25 25 -27 -28 28 -30 -31 31 -33 -34 34 -36 36 41 43 40 47 -42 -43 48 44 45 -47 -48 -49 -50
leaf_value=0.0021784586930954013 -0.039074771851463942 -0.036818359550266404 0.005217505529475623 -0.04632809123409222 -0.038357921027093581 0.074201496369263695 0.023987683954738846 -0.027217871384279509 -0.037571767496453135 -0.043260221446665921 0.037838524598553129 -0.040072225834453946 -0.04673928306038419 -0.0069476790840777188 0.0063528978306556013 0.0091195016950845857 0.0014081863559714334 -0.019425787547245797 0.017516921315561044 0.021362386986381456 0.0080510461932317857 -0.048352345044128664 -0.026296292186329187 -0.0021191317798339156 -0.015514891834713895 -0.058817462155730728 -0.0075445580748232516 0.0066354424800087013 0.02256319135683171 -0.038514401284616737 0.033507822498589322 -0.04125398923401695 -0.051322273328398837 0.031508016860905909 -0.027633145498297356 -0.03097568588818643 -0.054076657016244679 -0.063582613025707072 -0.0015151313695930661 -0.0014852346984045518 0.014181589687212226 -0.011545414472209522 0.0080054747386441912 0.024191639564866699 -0.0018844999651329488 0.020058087121209683 -0.023290679519730156 -0.035135038401661711 -0.011382921462331299
leaf_weight=16779.566775519401 19.613511081784964 77.410646561533213 28.135635867714882 15.681668668985365 17.822544276714325 13.23629602044821 135.61429572850466 53.997567351907492 11.000882457941769 22.881688833236694 9.7081238627433759 8.4166645370423776 24.53562056273222 119.53409589082003 46.852221012115479 1443.5601614788175 12711.709870416671 94.712627843022346 146.20756760984659 98.166170835494995 1197.8270425349474 49.847826898097992 145.0736401155591 7208.6355493403971 116.45317731797695 18.564266994595528 1080.2843227982521 1416.4189044088125 235.58543125540018 35.954931497573853 91.280801072716713 15.294139392673967 14.51914472132921 95.189256705343723 23.8219835460186 83.782640695571899 16.834920018911362 18.298735104501247 5522.238301590085 116.45163115859032 209.3328495323658 173.81133153289557 1629.3574489280581 33.365273252129555 140.97895845770836 37.769964009523392 391.64734207093716 61.176058724522591 129.21530011296272
leaf_count=35900 134 689 108 79 120 10 370 396 85 125 8 55 125 391 97 2416 26437 245 385 96 2557 198 552 19190 404 78 3455 3199 454 150 196 88 72 145 103 276 72 77 13645 291 379 586 3124 39 342 91 1342 240 312
internal_value=0.000940268 -0.00843361 -0.0256128 -0.00254609 -0.00019715 0.00259929 0.0054635 -0.0115149 0.0234693 0.0129842 -0.0191019 0.0202442 0.00101514 -0.0137243 0.00105627 0.000515958 0.00205089 0.00736195 -0.000545814 -0.000674928 -0.000781203 -0.0218471 -0.000680653 -0.0025961 0.000410795 0.00527105 -0.000396101 0.00592514 0.00739169 0.00495512 0.000377088 0.0227791 0.00604737 0.000135466 0.01967 -0.000102682 -0.000992505 -0.00263764 -0.00137455 0.00532288 -0.000941844 0.00444067 0.00600569 -0.0144458 -0.0129565 -0.0151295 -0.0176248 -0.0130744 0.00658087
internal_weight=52187.4 413.52 105.546 307.973 292.292 272.678 254.856 78.2347 24.2372 176.621 32.5898 144.031 51773.9 144.07 51629.8 34850.2 14250 1538.27 20600.2 20454 20355.9 96.7 20259.2 7353.71 12905.5 1837.5 11068 1818.93 1702.48 1466.89 9987.67 106.575 1430.94 9881.1 119.011 9762.09 8386.63 6437.41 5815.35 1375.45 5731.57 1949.22 1775.41 622.06 603.762 570.396 532.626 177.628 1758.57
internal_count=119928 2179 797 1382 1303 1169 1049 491 95 558 133 425 117749 516 117233 81333 29098 2661 52235 51850 51754 295 51459 19742 31717 4357 27360 4279 3875 3421 23905 284 3271 23621 248 23373 20285 16191 14300 3088 14024 4094 3508 1891 1814 1775 1684 531 3436
is_linear=0
shrinkage=0.03


Tree=145
num_leaves=50
num_cat=0
split_feature=6 12 2 2 2 9 16 8 18 3 1 6 6 12 19 6 12 8 16 13 2 19 10 8 19 3 3 10 6 1 10 15 3 9 9 8 8 3 1 8 3 6 9 6 2 8 16 9 16
split_gain=55.3495 43.4052 44.4797 78.5239 88.842 54.4864 50.8093 92.957 74.2919 56.3765 48.9413 41.9449 42.6949 58.2838 69.4478 71.5438 51.6017 58.4185 66.2057 65.3191 48.8004 47.1806 66.9461 46.1644 45.1493 59.3698 41.9038 41.4702 81.0682 51.8376 59.0911 48.4621 45.8766 51.3249 79.1163 62.7228 57.5302 56.414 53.9052 50.0445 87.519 111.461 54.2647 80.1019 72.6665 53.9989 53.1201 50.9719 51.477
threshold=156387.00000000003 16.500000000000004 24000.132812500004 28414.303710937504 29219.346679687504 11159.899902343752 10.500000000000002 87727.300781250015 2.5000000000000004 2478.775024414063 8.5000000000000018 30000.500000000004 100002.00000000001 18.500000000000004 42.500000000000007 98605.000000000015 28.500000000000004 17818.100585937504 4.5000000000000009 5.5000000000000009 34026.169921875007 23.500000000000004 64478.800781250007 15654.800292968752 15.500000000000002 2820.0700683593755 2611.185668945313 94139.843750000015 99996.902343750015 18.500000000000004 160724.62500000003 2.5000000000000004 2961.8200683593755 1202.100036621094 829.70001220703136 7800.6000976562509 11507.000000000002 2847.662475585938 3.5000000000000004 17979.000000000004 2033.631286621094 14998.800292968752 1782.5000000000002 52737.000000000007 42793.666015625007 9900.8999023437518 8.5000000000000018 1852.5000000000002 8.5000000000000018
decision_type=2 2 2 2 2 2 2 2 2 2 2 2 2 2 2 2 2 2 2 2 2 2 2 2 2 2 2 2 2 2 2 2 2 2 2 2 2 2 2 2 2 2 2 2 2 2 2 2 2
left_child=1 27 -3 6 -5 11 7 8 10 -10 -4 -6 13 -13 15 21 17 -14 19 -19 -20 24 -23 -16 25 -15 -26 32 -29 -30 -31 -32 33 34 -1 37 38 -35 -36 40 42 47 46 45 -45 -44 -37 -42 -49
right_child=-2 2 3 4 5 -7 -8 -9 9 -11 -12 12 16 14 23 -17 -18 18 20 -21 -22 22 -24 -25 26 -27 -28 28 29 30 31 -33 -34 35 36 39 -38 -39 -40 -41 41 -43 43 44 -46 -47 -48 48 -50
leaf_value=0.0060439319738034777 0.0043971139308286843 -0.0093820714100537363 0.037068701847453783 -0.050689541154826358 0.059243296267491891 -0.027821981383112575 0.027939734917325678 -0.056416985842919772 0.009201065918081763 -0.033427987853811056 0.00055854896606664331 0.004300888870501284 0.020802820112553251 0.020263667284679775 -0.036000112014990968 -0.038841961096793033 0.018967232859778478 0.01977044844454761 0.036287267857194966 -0.034125660544455871 -0.0022935533307867273 -0.04009540095073235 0.021189852296576543 0.00094174394713271046 -0.051318142296185872 -0.045804939791831881 0.027320663853175445 0.012849513843377049 0.0021900274257703892 -0.058822528455311121 0.012530491380189626 -0.063165645158741762 -0.00026559301006748065 -0.027805277360230887 -0.011265154880680878 0.008456286766248702 -0.014794897777901005 0.032430510685854022 0.0090124064602583598 0.0014650319386094496 -0.054962537355010679 0.0025601173466585575 -0.039004633568249757 -0.062400379539350841 0.01081214019660709 0.0073552383902616624 0.021312746505368605 -0.00301669189544482 -0.058684508164404757
leaf_weight=519.47075755894184 3753.9266103617847 720.83682993799448 90.639147438108921 35.083238810300827 10.194842331111429 73.357196092605591 116.72573970258236 20.945369035005569 66.588165730237961 48.082070164382458 52.001897543668747 378.68529615178704 91.189770698547363 20.866656437516212 33.084132373332977 120.69002946838737 164.00089914351702 25.228284314274788 34.583393394947052 102.31346334144473 201.01297441869974 69.802961055189371 20.828693270683289 381.61639703437686 6.8000081032514563 29.612762086093426 59.113763529807329 748.55787079036236 1833.1419675499201 26.980708137154579 37.01915717124939 9.582320496439932 23568.824766371399 102.33806893229485 224.2811377197504 716.86045172065496 561.8557487167418 16.20977458357811 248.96220667660236 13500.628091394901 38.786394104361534 1634.0966968387365 23.247958183288574 30.130133509635925 20.504779510200024 826.86248064413667 484.88067356497049 75.225941121578217 18.658335819840431
leaf_count=980 6708 2392 134 162 13 261 193 93 146 196 123 973 159 40 133 495 247 30 44 367 509 329 40 938 31 148 109 1185 3659 114 58 40 58405 329 599 1411 1586 17 452 29541 166 3318 81 136 46 1576 649 182 79
internal_value=0.000888278 0.000615234 -0.00289563 -0.000820363 -0.0034026 -0.00249256 0.0113269 0.004358 0.00930514 -0.00867361 0.0237584 -0.00143056 -0.00178617 -0.00527672 -0.010162 -0.0204836 0.00454258 -0.00066435 -0.0060551 -0.0234648 0.00336976 -0.00978111 -0.026011 -0.00200542 0.00285659 -0.0184942 0.0192079 0.000845885 0.00448342 0.00119899 -0.0234905 -0.00303435 0.000619218 0.00171432 -0.0035095 0.00217867 -0.00830395 -0.0195689 -0.000597606 0.00232709 0.005335 0.000413066 0.00947101 0.00390406 -0.0327527 0.00608744 0.0136436 -0.026032 -0.01408
internal_weight=51994.9 48241 2973.88 2253.05 1858.06 1822.98 394.982 278.257 257.311 114.67 142.641 1749.62 1739.43 1121.1 742.415 327.715 618.329 454.328 363.138 127.542 235.596 207.025 90.6317 414.701 116.393 50.4794 65.9138 45267.1 2655.28 1906.72 73.5822 46.6015 42611.8 19043 1554.57 17488.4 1035.1 118.548 473.243 17369.9 3869.25 1766.77 2102.49 900.745 50.6349 850.11 1201.74 132.671 93.8843
internal_count=119622 112914 8305 5913 5028 4866 885 692 599 342 257 4605 4592 3236 2263 1192 1356 1109 950 397 553 697 369 1071 328 188 140 104609 5056 3871 212 98 99553 41148 3617 37531 2637 346 1051 37185 7644 3745 3899 1839 182 1657 2060 427 261
is_linear=0
shrinkage=0.03


Tree=146
num_leaves=50
num_cat=0
split_feature=11 9 10 9 19 8 19 12 7 8 19 3 8 3 16 16 12 3 4 7 19 18 18 7 9 13 7 9 7 8 19 8 7 12 3 3 7 18 8 9 12 9 15 8 9 8 3 9 8
split_gain=61.0885 43.7492 46.074 43.5465 62.9693 62.5188 71.6021 75.0387 59.0941 41.0204 42.4467 52.9571 36.1718 34.9053 32.3105 68.378 109.442 52.8973 49.0878 51.9637 41.3669 45.2524 44.1302 38.0361 35.8055 56.364 32.5267 38.2185 33.6313 64.9314 48.3859 33.8591 30.8508 46.5393 38.6586 32.3706 30.1541 48.8949 34.863 30.1495 29.3671 28.5633 43.3272 28.6853 46.0451 53.4101 28.1174 55.6086 35.7928
threshold=2.5000000000000004 10485.500000000002 178088.06250000003 10199.300292968752 57.500000000000007 199999.89843750003 54.500000000000007 23.500000000000004 3362.700073242188 199999.89843750003 5.5000000000000009 2117.526489257813 124020.00000000001 2734.825073242188 6.5000000000000009 8.5000000000000018 9.5000000000000018 11628.225097656252 9202.4711914062518 2550.099975585938 11.500000000000002 1.0000000180025095e-35 4.5000000000000009 4333.1000976562509 18002.799804687504 8.5000000000000018 4266.5000000000009 11159.899902343752 5693.5000000000009 200002.00000000003 65.500000000000014 64001.000000000007 8485.1000976562518 21.500000000000004 5476.3334960937509 6215.6494140625009 6496.1000976562509 1.0000000180025095e-35 182650.00000000003 10831.100097656252 36.500000000000007 15429.500488281252 2.5000000000000004 196047.80468750003 12298.100097656252 106399.00000000001 4251.4167480468759 12865.200195312502 128007.00000000001
decision_type=2 2 2 2 2 2 2 2 2 2 2 2 2 2 2 2 2 2 2 2 2 2 2 2 2 2 2 2 2 2 2 2 2 2 2 2 2 2 2 2 2 2 2 2 2 2 2 2 2
left_child=1 3 14 5 9 -1 7 8 -7 10 -5 -12 -13 -8 17 16 36 20 23 -20 21 -3 -23 -17 -21 -26 41 32 29 31 46 -29 -28 34 -34 -36 37 -16 -39 -24 -18 43 -43 44 -22 -46 -30 -48 -49
right_child=-2 2 -4 4 -6 6 13 -9 -10 -11 11 12 -14 -15 15 18 40 -19 19 24 26 22 39 -25 25 -27 27 28 30 -31 -32 -33 33 -35 35 -37 -38 38 -40 -41 -42 42 -44 -45 45 -47 47 48 -50
leaf_value=0.00067301820789555477 0.010559815686723803 -0.051670496941208087 0.023592702423147399 0.034228953945063249 -0.068490517966322134 -0.0034779650707649689 0.035574584877057294 0.023095092158953504 -0.065454472880191475 0.015024739301290294 0.018693141477410285 -0.022411862739216235 -0.067477799404670191 -0.012204094182323984 0.021513976504813612 0.0032710827873433236 -0.047372493570641418 -0.040014090104420988 -0.041379675736077252 0.009109432838948571 0.022844409708407353 0.0070928646926470291 0.022673266524501242 -0.06909463532121457 -0.061636118543539044 0.013631853487167916 0.024344899242579779 0.02400571251192931 0.019424001952966365 0.019056027623683018 -0.052552049297048854 -0.02670924245267044 -0.072779740202960713 0.036892575732789312 0.027008362009535273 -0.039219086454281786 0.012934204009020196 -0.055463540456896408 -0.0055342462097630893 -0.048997060564305951 0.026525218958840902 -0.062843811540400488 0.021088333975128052 0.036439147369279161 0.019083202196208918 -0.069929013654390137 -0.014039022024089569 0.034022388076393968 0.0047445776167905473
leaf_weight=48779.225286964327 578.06960026174784 17.427451722323895 111.56064312160015 11.86177011579275 17.578918121755123 18.762936495244503 23.005757883191109 15.759193331003187 52.83997955173254 46.142688572406769 18.72882966697216 46.232054196298122 24.536560595035553 34.24751989543438 24.289270862936974 12.092479482293131 75.711186975240707 21.231078464537859 20.269557677209377 611.93155750632286 103.27786730229855 126.59264437109232 6.7916982024908092 14.228518791496752 16.874471448361874 19.077028825879097 165.57205238193274 13.409694552421568 156.58919538557529 54.0483358502388 11.70773797854781 101.73484990745783 9.6495014354586583 18.730096310377121 14.774265289306642 12.067771129310129 81.680271632969379 24.983687400817871 25.364135339856148 23.77321520447731 5.1704924553632727 9.1170801818370819 14.090009704232216 86.957219853997231 12.824944846332075 11.513315036892889 102.47194051742554 54.26072470843792 122.24737906455994
leaf_count=113384 894 80 110 23 79 38 13 17 228 62 31 164 106 72 37 22 332 84 76 1052 131 274 12 64 73 31 205 26 206 60 55 316 44 10 16 45 136 109 55 117 6 40 16 55 20 51 252 63 230
internal_value=0.00086181 0.000752748 0.00478375 0.000562723 -0.0148195 0.000614626 -0.0190813 -0.0361703 -0.0492141 -0.00842308 -0.0190975 -0.0261652 -0.0380369 0.00699454 0.00383106 -0.000412683 -0.0143192 0.00694217 0.00433713 0.00592017 0.00773995 -0.00580467 -0.000718535 -0.0358481 0.00739999 -0.0216965 0.00993957 0.00715867 0.0033228 -0.00807011 0.00763243 -0.020803 0.0178687 -0.00154912 -0.0212802 -0.00276649 0.000338881 -0.013445 -0.0303103 -0.0330715 -0.0426485 0.0197316 -0.011885 0.023151 0.0140966 -0.0230244 0.00925014 0.00353963 0.0137449
internal_weight=51981.1 51403 2314.09 49088.9 165.081 48923.8 144.615 87.3621 71.6029 147.502 101.359 89.4974 70.7686 57.2533 2202.53 931.673 237.199 1270.86 694.474 668.153 1249.63 174.585 157.158 26.321 647.883 35.9515 1075.04 837.264 616.47 169.193 447.277 115.145 220.794 55.2216 36.4915 26.842 156.317 74.6371 50.3478 30.5649 80.8817 237.78 23.2071 214.573 127.616 24.3383 435.569 278.98 176.508
internal_count=119622 118728 4511 114217 465 113752 368 283 266 386 324 301 270 85 4401 1993 675 2408 1318 1232 2324 483 403 86 1156 104 1841 1528 1208 402 806 342 320 115 105 61 337 201 164 129 338 313 56 257 202 71 751 545 293
is_linear=0
shrinkage=0.03


Tree=147
num_leaves=50
num_cat=0
split_feature=11 6 7 12 7 7 3 8 9 12 8 12 9 16 7 17 1 18 19 8 10 12 7 19 19 18 19 6 19 8 9 6 7 10 10 10 10 7 7 6 10 4 9 6 12 8 7 0 8
split_gain=57.6559 46.5777 46.4719 43.0739 47.7508 44.9703 43.6699 40.8046 41.2487 53.6576 50.9782 49.6025 40.7841 59.6342 45.5222 40.1415 37.0142 65.8109 54.2313 69.7382 45.8938 45.2658 64.3448 55.4221 58.2074 48.9994 121.027 65.0108 59.8521 42.975 37.0097 68.4441 41.6239 46.0377 42.0906 45.1493 70.7976 66.4093 47.8964 43.5697 38.6671 40.5429 37.7567 36.9814 36.8798 38.7973 57.8797 86.9598 67.0049
threshold=2.5000000000000004 156387.00000000003 7156.9001464843759 16.500000000000004 852.20001220703136 21883.100585937504 1397.2333984375002 11507.000000000002 1559.9000244140627 14.500000000000002 13379.000000000002 18.500000000000004 600.10000610351574 7.5000000000000009 11435.300292968752 2019.5000000000002 2.5000000000000004 1.5000000000000002 14.500000000000002 27478.500000000004 260103.21875000003 10.500000000000002 7656.1000976562509 60.500000000000007 59.500000000000007 4.5000000000000009 29.500000000000004 250377.60156250003 53.500000000000007 135545.80468750003 10485.500000000002 10406.300292968752 3570.099975585938 97231.214843750015 3086.200073242188 13422.899414062502 15772.963378906252 7448.5000000000009 7343.9001464843759 23005.000000000004 1.0000000180025095e-35 10017.100097656252 11459.500488281252 180158.00000000003 12.500000000000002 159995.00000000003 5804.3000488281259 1.5000000000000002 64001.000000000007
decision_type=2 2 2 2 2 2 2 2 2 2 2 2 2 2 2 2 2 2 2 2 2 2 2 2 2 2 2 2 2 2 2 2 2 2 2 2 2 2 2 2 2 2 2 2 2 2 2 2 2
left_child=1 3 -3 5 15 30 -6 12 9 -9 -11 16 -4 14 -14 -5 17 20 -19 -20 29 22 -18 24 25 27 -27 -23 -29 -10 -1 -32 -33 34 39 -36 -37 38 -38 -34 41 44 -39 -28 45 46 47 -41 -49
right_child=-2 2 7 4 6 -7 -8 8 11 10 -12 -13 13 -15 -16 -17 21 18 19 -21 -22 23 -24 -25 -26 26 43 28 -30 -31 31 32 33 -35 35 36 37 42 -40 40 -42 -43 -44 -45 -46 -47 -48 48 -50
leaf_value=0.0005688698799631251 0.010270098514931525 0.018703372414217153 0.023923178657235738 -0.010468485419822465 -0.023352205744221251 -0.027866170636141347 -0.0028169255434306113 0.018617897810642284 -0.063543599263491624 0.028369280656955854 -0.051969167095238786 0.011639232443361784 0.003469382945534834 -0.058615563986712291 -0.056362786103398461 0.054354343481870487 -0.059302765260547112 0.045469667666080342 -0.062895692419283888 0.014698751555394508 0.040233295639316463 -0.00061640878536939087 0.0044661960568560125 0.013526440455978657 -0.078189265521107054 -0.056819343117537342 -0.058673165096550413 -0.059524485099436392 0.0040709945756386839 0.00056811976635408518 -0.054733294666547284 0.015929284589926769 -0.056211881709457477 0.020567195022062126 -0.040439388863430174 0.043288841144283552 -0.0022616512356974632 -0.0063064961811432445 0.057089625482401034 -0.057397979455835121 0.040188604110150343 -0.034696252705029303 -0.046506957194637578 0.0020776747854884892 -0.018502066062190684 0.013663063953406948 0.011212888249369146 0.03503266596045599 -0.011695956347921059
leaf_weight=43087.33566282317 576.56860200688243 183.42696113884449 21.655245885252953 13.526476278901098 96.465969868004322 49.513994093984365 2754.2753489911556 273.09322848916054 21.548084586858749 11.094880729913713 19.784670114517212 480.82817081362009 62.223905578255653 28.1691535115242 14.0238189548254 23.595101643353701 14.407910540699957 49.503055483102798 11.045809850096701 185.30709379911423 8.8582818806171399 677.22307401895523 1228.5914517790079 130.71238488703966 10.323884040117262 56.750148482620716 9.8745894879102689 33.630384191870689 22.052620425820351 16.704669147729874 17.041724614799023 294.76902132853866 10.409773968160151 129.18871456384659 34.325921334326267 25.851620830595493 138.417565099895 35.801505535840988 13.424105793237684 30.598648481070995 28.063148245215416 23.220870368182659 50.951667107641697 103.98712414875627 54.322248287498951 406.5754604190588 227.4885586425662 34.282386414706707 142.05458688735962
leaf_count=100342 894 215 25 54 403 237 7683 375 92 13 87 776 123 121 60 15 53 43 46 268 6 1387 1993 193 46 243 42 144 35 29 74 437 50 168 130 23 299 85 6 135 19 99 215 209 170 582 416 51 411
internal_value=0.000836116 0.000730285 0.00398478 0.000479671 -0.00307161 0.000708419 -0.00351182 0.00321151 0.00383924 0.0143795 -0.0231039 0.00279265 -0.0135449 -0.0213155 -0.00753521 0.030734 0.00114427 0.0111841 0.0174083 0.0103337 -0.0212977 -0.000141536 0.00372703 -0.00474506 -0.00735855 -0.00654921 -0.0210292 -0.00317844 -0.0343382 -0.0355465 0.000740012 0.0050859 0.00569279 0.00351412 0.00175979 -0.00807001 -0.00386837 -0.00897783 0.00298551 0.00482858 0.00549984 0.00444003 -0.0299169 -0.00319091 0.00545506 0.00700251 0.000768931 -0.0107123 -0.00261126
internal_weight=51972.9 51396.3 3674.82 47721.5 2887.86 44833.6 2850.74 3491.39 3365.32 303.973 30.8796 3061.35 126.072 104.417 76.2477 37.1216 2580.52 292.967 245.856 196.353 47.111 2287.55 1243 1044.55 913.842 903.518 170.612 732.906 55.683 38.2528 44784.1 1696.79 1679.75 1384.98 1255.79 298.772 264.446 238.595 151.842 957.016 946.606 918.543 86.7532 113.862 895.322 841 434.424 206.936 176.337
internal_count=119622 118728 6624 112104 8155 103949 8086 6409 6080 475 100 5605 329 304 183 69 4829 484 357 314 127 4345 2046 2299 2106 2060 494 1566 179 121 103712 3370 3296 2859 2691 758 628 605 305 1933 1883 1864 300 251 1765 1595 1013 597 462
is_linear=0
shrinkage=0.03


Tree=148
num_leaves=50
num_cat=0
split_feature=11 6 7 7 16 7 6 12 12 19 16 19 12 3 16 10 4 4 4 7 16 12 10 7 1 3 6 3 10 6 10 10 19 18 19 4 1 3 3 6 10 19 6 18 19 3 7 7 18
split_gain=54.4135 43.9436 77.1651 50.7629 55.0533 47.8891 44.3278 42.0751 67.7599 54.101 69.4555 56.0331 44.929 58.8794 42.0924 41.1258 40.2534 39.7196 39.4874 92.2707 84.0935 51.5765 48.5848 75.944 57.8886 46.8779 39.6257 69.2548 66.4356 51.1355 48.8045 68.4746 68.1944 61.2675 69.4213 48.2689 61.4159 57.55 52.0294 68.2038 65.3444 48.8335 46.1476 52.2505 130.276 85.5462 74.7606 60.9487 65.7664
threshold=2.5000000000000004 180158.00000000003 7156.9001464843759 21883.100585937504 10.500000000000002 10049.600097656252 198806.50000000003 21.500000000000004 29.500000000000004 33.500000000000007 3.5000000000000004 11.500000000000002 22.500000000000004 1766.9224853515627 1.5000000000000002 219815.40625000003 3486.4160156250005 30412.087890625004 180.20000457763675 7656.1000976562509 2.5000000000000004 19.500000000000004 1.0000000180025095e-35 1415.5000610351565 2.5000000000000004 983.62228393554699 58019.400390625007 6215.6494140625009 72619.441406250015 104001.00000000001 3517.9001464843755 4149.8000488281259 25.500000000000004 3.5000000000000004 4.5000000000000009 5385.9030761718759 4.5000000000000009 1818.6250000000002 2734.825073242188 61831.201171875007 97231.214843750015 5.5000000000000009 52001.000000000007 1.5000000000000002 45.500000000000007 3753.7167968750005 7156.9001464843759 6190.9001464843759 1.0000000180025095e-35
decision_type=2 2 2 2 2 2 2 2 2 2 2 2 2 2 2 2 2 2 2 2 2 2 2 2 2 2 2 2 2 2 2 2 2 2 2 2 2 2 2 2 2 2 2 2 2 2 2 2 2
left_child=1 3 -3 7 -5 -4 -7 15 9 10 11 -9 13 -11 16 18 -14 -15 19 21 -21 22 -1 -24 -25 -26 28 30 42 -29 32 -32 -28 34 -33 37 38 -36 39 -37 41 -40 -20 44 -44 46 -45 48 -46
right_child=-2 2 5 4 -6 6 -8 8 -10 12 -12 -13 14 17 -16 -17 -18 -19 26 20 -22 -23 23 24 25 -27 27 29 -30 -31 31 33 -34 -35 35 36 -38 -39 40 -41 -42 -43 43 45 47 -47 -48 -49 -50
leaf_value=-0.0064343721476395176 0.0099880167685608787 0.026830867537825581 -0.0043764648571487921 -0.04500817492464193 0.01240730623365735 0.020599183667996627 0.0040302954829281338 -0.01143717457455787 0.0041635477054660303 0.019310519039216704 -0.033163982600971038 0.051234019080447987 0.014267810977196945 -0.044350029278585869 0.0019706103906900626 0.0088039505998410879 -0.052653353701031212 0.036506225953639712 0.00089556941019273907 -0.048291097123780415 -0.010453220335944353 -0.052421330742348365 0.036948733918536474 -0.041382117203153455 -0.065486040911721277 0.0035460815184291837 0.0082540178635172167 0.00027582255495165484 0.018747845404577936 -0.012167322437416066 -0.045508823508827116 -0.020458159472782234 0.0022138809641922548 0.0042825732746897029 -0.076614414405340656 0.032812476976845042 -0.0040539064843131255 0.016612324891454526 0.046011101848149653 0.003036447414669127 0.012342552105106049 -0.0061078191398140419 0.0054469620164573898 -0.0026896477613167699 -0.020667564059640566 -0.024755544096534077 0.048715427659522602 0.029343513384316056 -0.0024868931302960084
leaf_weight=697.06273014843464 575.08927948027849 129.80689068138599 598.40940842777491 44.419513270258904 22.717156738042831 155.73897998034954 2172.7057093270123 68.693585805594921 461.98464331403375 21.55412682145834 165.20070390403271 15.791137151420115 11.864128604531286 63.780228421092033 398.22441802546382 552.58305902779102 25.425673641264439 5.9806175604462615 18031.060203228146 65.234887421131134 278.73611303418875 17.189993403851986 58.426934376358986 27.200605921447277 8.9301462322473508 1029.5720176920295 2508.6094534136355 716.41894470155239 170.8222476541996 508.00869802758098 28.699856635183096 165.53184406459332 5107.1181971095502 2877.2871537432075 6.1487334668636313 118.09904246777296 2530.6327477321029 193.59465038776398 16.616525277495384 167.32580982148647 296.00476382672787 615.40385287255049 2191.7481170222163 7098.0753710083663 332.90785906463861 158.98556010425091 25.554298274219036 35.562867820262909 387.51877827942371
leaf_count=1801 894 113 1194 264 53 209 3937 242 1039 43 692 23 20 279 985 946 118 13 42165 262 774 78 45 99 37 2008 4762 2024 232 1466 111 539 10316 6053 27 124 5552 270 21 399 461 1440 4945 19844 1060 612 29 54 948
internal_value=0.000811239 0.000708535 0.00419695 0.0004879 -0.0255804 0.00319313 0.00513851 0.000524164 -0.00493393 -0.0103464 -0.0218488 0.000276771 -0.004895 -0.0240279 -0.000883385 0.000667921 -0.0313617 -0.0374182 0.000571174 -0.00336834 -0.0176293 -0.000700047 -0.000211857 0.00364667 0.00182089 0.00295247 0.000765301 0.00196697 9.51808e-05 -0.00488677 0.00254053 0.000735255 0.00420349 0.000925217 -0.00142553 -0.000626689 -0.00139327 0.0137425 0.00415544 0.0153568 0.000710351 -0.00473755 -1.75627e-05 -0.00162696 0.00174296 -0.00299099 -0.00250524 -0.00899559 -0.0108881
internal_weight=51960.1 51385 3056.66 48328.3 67.1367 2926.85 2328.44 48261.2 1238.5 776.515 249.685 84.4847 526.829 91.315 435.514 47022.7 37.2898 69.7608 46470.1 2182.35 343.971 1838.38 1821.19 1124.13 1065.7 1038.5 44287.7 15855.5 28432.2 1224.43 14631.1 7015.34 7615.73 6986.65 4109.36 3943.83 3744.08 199.743 1213.45 285.425 928.025 632.02 28261.4 10230.4 2947.74 7282.62 7123.63 755.99 720.427
internal_count=119622 118728 5453 113275 317 5340 4146 112958 3454 2415 957 265 1458 335 1123 109504 138 292 108558 5104 1036 4068 3990 2189 2144 2045 103454 33565 69889 3490 30075 14997 15078 14886 8833 8294 7997 297 2445 523 1922 1461 69657 27492 7007 20485 19873 2062 2008
is_linear=0
shrinkage=0.03


Tree=149
num_leaves=50
num_cat=0
split_feature=11 2 0 9 2 13 8 12 1 8 2 12 9 18 0 18 8 2 9 8 1 14 8 2 7 7 7 1 8 2 4 7 10 18 4 9 2 7 12 8 8 9 8 0 7 9 2 2 13
split_gain=51.3512 39.777 83.5687 42.0498 63.4582 47.8126 76.2843 43.298 64.0783 83.3264 65.7191 58.6506 46.4952 39.6777 38.5023 37.8722 37.1152 93.9647 51.5869 51.9152 57.2346 43.5799 46.1843 74.1838 41.0259 77.2375 54.7981 40.1722 38.9751 38.7379 37.6996 81.4155 88.6522 86.6717 67.1881 41.6382 40.2109 44.4188 51.9234 40.8242 39.524 76.6262 66.5306 67.1461 52.3254 48.3898 45.0262 43.1422 42.0162
threshold=2.5000000000000004 40529.666015625007 5.5000000000000009 10485.500000000002 9000.7500000000018 5.5000000000000009 182650.00000000003 21.500000000000004 1.5000000000000002 99999.902343750015 18293.166992187504 22.500000000000004 1576.9000244140627 1.0000000180025095e-35 6.5000000000000009 2.5000000000000004 15999.899902343752 40001.000000000007 1047.3000488281252 17979.000000000004 4.5000000000000009 5.5000000000000009 14396.200195312502 32826.541015625007 5899.9001464843759 5319.9001464843759 8244.7001953125018 9.5000000000000018 20000.100585937504 32178.869140625004 400.21200561523443 7501.0002441406259 8685.5004882812518 4.5000000000000009 100.02700042724611 3127.900024414063 35650.339843750007 6419.1000976562509 17.500000000000004 49999.000000000007 26397.500000000004 4719.1000976562509 70003.000000000015 1.5000000000000002 3202.900024414063 6905.5000000000009 38360.058593750007 27009.318359375004 6.5000000000000009
decision_type=2 2 2 2 2 2 2 2 2 2 2 2 2 2 2 2 2 2 2 2 2 2 2 2 2 2 2 2 2 2 2 2 2 2 2 2 2 2 2 2 2 2 2 2 2 2 2 2 2
left_child=1 3 -3 7 -5 6 13 16 15 10 -10 12 -12 -6 -4 -9 17 21 19 29 28 -1 27 24 25 -24 -26 -23 -21 -18 31 32 34 -33 40 -35 37 38 -34 -38 48 46 44 45 -43 -44 -42 -46 -20
right_child=-2 2 14 4 5 -7 -8 8 9 -11 11 -13 -14 -15 -16 -17 18 -19 30 20 -22 22 23 -25 26 -27 -28 -29 -30 -31 -32 33 36 35 -36 -37 39 -39 -40 -41 41 42 43 -45 47 -47 -48 -49 -50
leaf_value=0.029111096741036194 0.0097133626699604271 0.0020670486933560381 -0.060352842823367059 -0.052458261858186403 0.0041381124700521025 0.0087916726673693841 0.0089398386135877677 0.051092098288422413 -0.032309596080383876 -0.046050548092876883 0.010175007303021105 0.00029074315531997318 -0.048837365838935172 -0.060396175063811709 0.00012121939143750626 -0.01038490306947211 -0.046207814136327248 -0.059349876108152039 0.0075940996955786398 0.027577754247282701 -0.058859099945760981 -5.7487156964873425e-05 0.0074985811139882301 -0.018012923580152034 0.030782186985825289 -0.056979008182400627 -0.025211901176052744 0.0080513973647255016 -0.016451950870823556 0.0085806403103737827 -5.99803954629741e-05 -0.048614785530611111 0.0046226302334448893 0.024458568214424079 -0.058035007349333444 -0.031336824497085573 -0.05987727239238963 0.025480964699360426 -0.054606106346865003 -0.0031911371283176262 -0.033248131769902219 -0.05019038022538249 -0.048992718227749428 -0.069062361361284366 0.032781642377267869 0.014211546820924686 0.030039841241755336 -0.021817211416301344 -0.05183145770564019
leaf_weight=53.453561261296272 573.63235594704747 15546.132090725005 28.236299201846123 16.535833403468132 11.754899904131888 992.25127159431577 61.806135177612305 26.054323375225067 77.643008310347795 51.450773268938065 17.003786690533161 518.46363184228539 40.964934729039669 31.691465944051743 14.260722562670706 13.792935773730276 60.335506312549114 22.448347486555576 141.04435795545578 42.261603064835072 13.307563655078409 5484.4638064838946 1279.2919636890292 103.10044874623418 123.65021920204163 16.942096680402756 18.022499665617943 611.12067487835884 31.641179285943508 14.383270248770712 24723.393708199263 75.260615512728691 515.25494593381882 30.262839183211327 27.207699850201607 19.988151326775551 16.489026322960854 93.905726283788681 13.674656488001345 37.298949792981148 162.34494449943304 9.8488285690546018 15.543245442211626 20.234990850090981 71.023310903459787 36.509394213557243 10.789742633700369 15.950105361640452 11.587854564189909
leaf_count=60 894 32579 121 72 19 1909 81 29 363 213 44 1385 200 125 28 48 246 96 295 63 60 12472 2626 297 164 77 66 1090 106 30 60812 329 975 47 121 77 69 115 61 79 603 45 71 86 85 70 11 53 55
internal_value=0.000787124 0.000687448 0.00195221 0.000136441 0.00587344 0.00675231 -0.0124735 -4.79183e-05 -0.00720026 -0.00929068 -0.00639908 -0.00290904 -0.0315274 -0.0429357 -0.0400596 0.0298121 0.000109241 0.00193856 -0.000429058 -0.0173095 -0.0015864 0.00211747 0.00192852 0.00656858 0.00833112 0.00665584 0.0236591 0.00075548 0.00872661 -0.0356611 -0.000324119 -0.00525563 -0.00284861 -0.0282441 -0.0121364 0.00226504 0.00431788 0.00646707 0.00309136 -0.0205686 -0.00961295 -0.0152748 -0.000911654 -0.0226889 0.0153473 -0.00466164 -0.029304 0.0227687 0.0030825
internal_weight=51943.7 51370.1 15588.6 35781.4 1114.04 1097.5 105.253 34667.4 745.373 705.526 654.075 576.432 57.9687 43.4464 42.497 39.8473 33922 7712.49 26209.5 161.929 87.2103 7690.05 7636.59 1541.01 1437.91 1296.23 141.673 6095.58 73.9028 74.7188 26047.6 1324.22 1198.71 125.512 522.084 50.251 676.623 622.835 528.93 53.788 494.877 342.245 169.11 72.2876 96.8222 52.0526 173.135 86.9734 152.632
internal_count=119622 118728 32728 86000 2206 2134 225 83794 2282 2205 1992 1629 244 144 149 77 81512 16948 64564 505 229 16852 16792 3230 2933 2703 230 13562 169 276 64059 3247 2794 453 1495 124 1299 1151 1036 148 1374 1024 410 227 183 141 614 138 350
is_linear=0
shrinkage=0.03


Tree=150
num_leaves=50
num_cat=0
split_feature=3 2 11 14 1 8 13 3 19 8 7 6 7 19 19 9 19 1 7 7 2 9 6 2 19 0 3 8 6 3 2 8 19 14 19 8 8 19 9 7 9 7 19 3 2 13 18 9 2
split_gain=41.4827 88.1633 41.8391 41.2342 53.9442 32.4228 30.2113 77.1424 56.1487 88.5859 72.5555 47.1739 41.2285 46.0956 57.2706 68.1988 72.2808 65.0998 59.8134 54.3496 53.8679 65.5817 79.6932 56.1368 53.5523 50.6067 40.6587 48.7119 40.1781 61.1604 44.1481 54.2727 41.3259 38.7986 53.3966 41.944 69.2833 66.3025 57.0561 43.0546 60.2917 41.8089 40.5699 38.9042 37.8812 37.1889 35.6335 35.2757 34.754
threshold=5153.7292480468759 19800.333007812504 2.5000000000000004 8.5000000000000018 5.5000000000000009 33994.500000000007 11.500000000000002 5252.0375976562509 42.500000000000007 146495.50000000003 10837.100097656252 156387.00000000003 7285.1000976562509 61.500000000000007 22.500000000000004 6122.4001464843759 17.500000000000004 4.5000000000000009 5353.9001464843759 6988.3000488281259 50413.140625000007 5776.1999511718759 39999.900390625007 76003.285156250015 27.500000000000004 1.5000000000000002 5252.0375976562509 146495.50000000003 59999.900390625007 5357.6267089843759 59899.400390625007 115797.00000000001 41.500000000000007 8.5000000000000018 62.500000000000007 25998.299804687504 30384.500000000004 24.500000000000004 3902.500122070313 7538.9001464843759 2166.700073242188 18251.200195312504 15.500000000000002 5301.5332031250009 123947.86328125001 5.5000000000000009 3.5000000000000004 6308.1000976562509 36077.533203125007
decision_type=2 2 2 2 2 2 2 2 2 2 2 2 2 2 2 2 2 2 2 2 2 2 2 2 2 2 2 2 2 2 2 2 2 2 2 2 2 2 2 2 2 2 2 2 2 2 2 2 2
left_child=2 -2 3 -1 -5 -6 11 -8 10 -10 -9 12 13 14 15 18 -17 19 -3 20 21 22 -16 28 -25 -26 27 -14 30 32 31 -22 -30 34 35 37 45 39 -39 -28 -41 44 43 -42 -36 -37 47 -21 -38
right_child=1 6 -4 4 5 -7 7 8 9 -11 -12 -13 26 -15 17 16 -18 -19 -20 46 23 -23 -24 24 25 -27 33 -29 29 -31 -32 -33 -34 -35 41 36 48 38 -40 40 42 -43 -44 -45 -46 -47 -48 -49 -50
leaf_value=0.0011099638149627538 -0.04246010926968994 -0.051330832718946402 0.0095115583442706084 -0.044156695010394972 0.020175800631654674 -0.032123285172575684 0.034477121398140645 0.029091701185611787 -0.047576752583703641 0.0041241360728407539 -0.051202644577232594 0.0033079983956973533 -0.035347183795410686 0.024100665053095792 -0.047197498875054394 -0.051318979022729777 0.01569138694027131 -0.06427102926649865 0.017997221548044857 0.0080740404695168137 -0.048549544295131156 0.025035120945764208 0.010960209653385651 -0.059066699642088744 0.0080950893689988191 -0.046589909920305629 0.026922510150439911 0.01795617829472641 0.012883276397300846 -0.054742953375489657 0.051582809158663742 0.03174869662437764 -0.060307562587944549 0.054179527491330447 -0.052496318377134234 0.014765273579764128 0.0080749471272028896 0.012479607765515181 -0.052681463284149466 -0.046024166087877239 0.044555634759431327 0.01882745486272628 0.025270841852762783 -0.04455083128992119 0.032942825593478123 -0.043265969332959335 0.029648279654538302 -0.062322397398408537 -0.0064341852792827135
leaf_weight=46341.99351009354 47.238035537302494 11.646428555250166 534.58914831280708 41.792947813868523 31.61080376803875 16.103332452476025 27.463759914040565 37.233715545386076 86.606952726840973 45.495651379227638 13.913144551217554 1658.663061581552 75.431148625910282 78.580125235021114 35.31139974296093 31.098726287484169 27.121396638453007 16.469355851411819 292.26653464883566 30.101880311965942 21.858375295996666 81.512091174721718 53.084025919437408 14.177740544080732 134.4988649636507 17.175421521067619 18.631233766674995 19.398157566785812 26.174528822302818 70.640388920903206 9.8350142240524274 11.593480870127676 9.4497029036283475 10.139196038246153 45.627624366432428 11.771157324314116 167.54506856203079 354.0234390757978 12.521703891456125 50.913059234619141 5.531241878867152 11.848407194018362 27.242080472409725 21.750666208565235 5.2029523104429236 63.846028406172991 64.433734022080898 8.1385350823402387 1312.7261745594442
leaf_count=106111 285 52 834 230 56 62 37 67 408 78 75 3045 277 116 177 139 50 69 540 59 102 139 112 59 244 57 28 24 43 304 7 14 40 13 222 16 483 734 59 254 6 23 54 115 5 290 94 34 3719
internal_value=0.000885844 -0.00166309 0.00116675 0.00107067 -0.0192717 0.00252507 -0.00128733 -0.0124111 -0.0194382 -0.0297712 0.00724976 -0.000810727 -0.00290674 0.00200422 0.000207862 0.00964226 -0.0201027 -0.00544436 0.0153405 -0.00379663 -0.00799187 0.00562581 -0.0122721 -0.0153277 -0.0033093 0.00190262 -0.00522492 -0.0244435 -0.0286561 -0.0385805 -0.00429272 -0.0207204 -0.00653136 -0.00436498 -0.00464641 -0.00381105 -0.00622279 0.00383734 0.0102536 -0.0151188 -0.0225477 -0.0319215 -0.000625999 -0.026485 -0.0437509 -0.0342324 0.0160331 -0.00690812 -0.00479196
internal_weight=52142 5175.93 46966.1 46431.5 89.5071 47.7141 5128.69 210.713 183.249 132.103 51.1469 4917.98 3259.32 1045.17 966.588 362.133 58.2201 604.455 303.913 587.985 485.311 169.908 88.3954 315.404 165.852 151.674 2214.15 94.8293 149.551 106.265 43.2869 33.4519 35.6242 2119.32 2109.18 2046.5 1555.89 490.613 366.545 124.068 105.437 62.679 54.524 27.2819 50.8306 75.6172 102.674 38.2404 1480.27
internal_count=120061 12768 107293 106459 348 118 12483 665 628 486 142 11818 8773 2451 2335 781 189 1554 592 1485 1298 428 289 870 360 301 6322 301 510 387 123 116 83 6021 6008 5758 4508 1250 793 457 429 250 175 121 227 306 187 93 4202
is_linear=0
shrinkage=0.03


Tree=151
num_leaves=50
num_cat=0
split_feature=0 3 14 3 19 14 15 1 19 10 2 8 6 9 8 9 8 12 12 8 9 19 10 5 2 19 12 9 8 8 8 19 19 3 19 3 13 2 2 9 10 10 1 3 19 2 9 9 9
split_gain=40.9151 54.17 53.2121 63.6356 51.4672 49.6709 43.0831 77.7005 60.6779 49.1626 58.0453 66.1806 70.9939 66.6615 44.0871 92.9369 59.6962 52.0671 44.0423 80.5567 41.035 40.3707 46.1892 40.1496 39.9967 39.9669 54.2134 54.4929 39.9319 45.1401 85.0067 55.6746 60.2953 54.9642 39.5109 39.2638 90.2669 68.0045 116.845 86.6637 95.0435 54.7813 59.4682 50.85 53.9044 52.8715 50.709 45.923 56.8457
threshold=1.5000000000000002 2569.851684570313 6.5000000000000009 6028.3085937500009 1.0000000180025095e-35 5.5000000000000009 2.5000000000000004 1.5000000000000002 25.500000000000004 10252.103027343752 16238.066406250002 44574.500000000007 20000.100585937504 4359.9001464843759 10978.399902343752 1811.5000000000002 7200.5000000000009 9.5000000000000018 10.500000000000002 12924.100097656252 9419.3999023437518 62.500000000000007 35200.732421875007 0.45804196596145635 105047.69921875001 25.500000000000004 10.500000000000002 3539.700073242188 12000.100097656252 16237.000000000002 20400.299804687504 31.500000000000004 56.500000000000007 2340.329223632813 49.500000000000007 3358.7224121093755 8.5000000000000018 31748.536132812504 44927.859375000007 1663.100036621094 48280.341796875007 53113.101562500007 9.5000000000000018 983.62228393554699 5.5000000000000009 9376.3378906250018 12865.200195312502 7091.1000976562509 1379.7000122070315
decision_type=2 2 2 2 2 2 2 2 2 2 2 2 2 2 2 2 2 2 2 2 2 2 2 2 2 2 2 2 2 2 2 2 2 2 2 2 2 2 2 2 2 2 2 2 2 2 2 2 2
left_child=2 4 5 -4 -2 -1 23 8 18 10 11 12 25 -14 16 17 -10 28 19 -8 -6 -17 -23 35 -20 26 -9 -28 -16 33 -31 -32 -33 -30 -27 37 -37 43 39 40 -39 -42 -43 45 47 -7 -46 48 -45
right_child=1 -3 3 -5 20 6 7 9 14 -11 -12 -13 13 -15 15 21 -18 -19 24 -21 -22 22 -24 -25 -26 34 27 -29 29 30 31 32 -34 -35 -36 36 -38 38 -40 -41 41 42 -44 44 46 -47 -48 -49 -50
leaf_value=0.024850411650756112 -0.02769150592722314 0.00082517603568139377 -0.043898085811113534 0.036663794431622661 0.0034903903433318052 0.012431425755211471 -0.041114436249876825 0.021154743859421992 -0.040620676473351873 -0.0014601976624926789 0.01002409502060227 -0.020756409358491667 -0.060066086301787509 0.033157266726895028 -0.065050399291272487 -0.0024158323989602365 0.017216430995562124 -0.055329435585160541 0.0015080892525030345 0.018032217767946623 0.016281480005449413 -0.063035850421389539 0.037058797868406004 0.020727661219443194 -0.037828050436644174 0.024410718067441068 -0.059961130758601031 0.016720164462930336 0.017188023763460829 -0.062696919892414701 0.029013927414259854 -0.036605123421401958 0.027051827510779579 -0.0301982834062571 -0.009137126916063663 -0.0029424114149945928 -0.023977199395333042 -0.027547345626640175 -0.0087928823936358324 0.011725311051273795 0.054878871806122768 -0.032416455587605503 0.057628280696057049 0.0070039492966757393 -0.0016743630592711608 -0.003734083300193754 -0.037286612721866078 0.018001564375806408 -0.023508587168314526
leaf_weight=71.042453221976757 46.758979089558125 25971.921735089272 47.411773797124624 10.842370823025702 7441.8947709649801 435.72932962328196 22.366712868213654 29.140079662203789 18.180866315960884 715.58513855561614 1742.5981575809419 124.40972262620926 25.489676542580128 9.467644736170767 14.591125085949896 1428.2923500798643 137.7547277584672 36.115859337151051 833.91491012275219 282.26144898682833 232.78681137412786 19.121657297015194 5.2989925593137732 74.080254346132278 23.931550703942776 154.76762539148331 24.234591394662857 12.717714235186575 66.714278176426888 38.744824975728989 24.40060855075717 61.891360230743885 17.089349422603846 32.891380250453949 39.70084847509861 3311.5088334865868 194.38726765662432 109.9266666546464 435.50621987134218 1236.206777215004 23.911783546209335 21.984652221202854 9.4334661811590177 69.307374648749828 5795.1154783852398 312.81299756839871 36.210475787520409 37.073374591767788 265.30734682455659
leaf_count=101 147 58461 253 21 14040 862 74 36 60 1539 2956 347 110 7 60 3126 202 157 1779 411 302 82 5 70 87 194 100 19 91 160 34 213 21 101 88 10194 934 430 1413 2688 14 82 6 206 15483 988 127 80 1100
internal_value=0.000859316 0.00148106 -0.000276755 -0.0289038 0.00368719 -0.000186029 -0.000283169 0.00181641 -0.0015088 0.00535588 0.00761134 -0.002401 0.00532642 -0.034818 -0.00481032 -0.00617595 0.0104731 -0.0216061 0.00389044 0.0136895 0.00387837 -0.00306977 -0.0413165 -0.00129178 0.000410719 0.0107123 -0.00944194 -0.0335701 -0.0168545 -0.0139454 -0.0247982 -0.0105946 -0.0228314 0.00154031 0.0175619 -0.00142446 -0.0041087 -0.00035367 0.00477993 0.0089977 -0.0114063 0.0206619 -0.00538002 -0.00171024 -0.00260156 0.00567592 -0.0018955 -0.0136787 -0.0171887
internal_weight=52132.8 33693.4 18439.5 58.2541 7721.44 18381.2 18310.2 5941.67 3063.56 2878.11 2162.53 419.928 295.518 34.9573 1901.09 1745.15 155.936 292.439 1162.47 304.628 7674.68 1452.71 24.4206 12368.5 857.846 260.561 66.0924 36.9523 256.323 241.732 142.126 103.381 78.9807 99.6057 194.468 12294.4 3505.9 8788.53 1836.97 1401.46 165.257 55.3299 31.4181 6951.56 6203.01 748.542 5831.33 371.688 334.615
internal_count=120061 72950 47111 274 14489 46837 46736 12059 6663 5396 3857 901 554 117 4312 4050 262 837 2351 485 14342 3213 87 34677 1866 437 155 119 680 620 428 268 234 192 282 34607 11128 23479 4633 3220 532 102 88 18846 16996 1850 15610 1386 1306
is_linear=0
shrinkage=0.03


Tree=152
num_leaves=50
num_cat=0
split_feature=3 2 12 11 14 4 12 13 6 2 3 19 2 6 7 19 19 12 9 8 7 2 2 7 6 9 7 6 13 9 19 2 2 8 3 6 8 8 19 9 7 12 7 9 2 18 19 2 2
split_gain=38.2748 84.4785 77.5289 40.5941 37.3865 51.5417 31.5717 34.5514 58.6348 46.2679 44.5662 89.1617 53.5037 42.6405 41.5522 43.3264 53.6388 74.8077 64.4619 69.2332 55.5134 49.6177 66.5028 53.298 61.7164 43.0813 42.2692 56.8938 54.6092 44.0802 44.7405 39.036 38.657 52.4117 37.5252 48.0187 37.5678 68.0677 55.9257 53.2983 47.0626 42.9848 40.6843 57.9909 39.754 50.045 46.2859 38.4748 49.4406
threshold=5153.7292480468759 19800.333007812504 51.500000000000007 2.5000000000000004 8.5000000000000018 62.189002990722663 43.500000000000007 11.500000000000002 150089.00000000003 109868.94921875001 5252.0375976562509 49.500000000000007 57600.300781250007 156387.00000000003 7285.1000976562509 61.500000000000007 22.500000000000004 10.500000000000002 6122.4001464843759 124020.00000000001 5353.9001464843759 50413.140625000007 72639.535156250015 7218.9001464843759 59999.900390625007 6428.1000976562509 5728.7001953125009 114004.30078125001 5.5000000000000009 9245.8002929687518 29.500000000000004 137998.50000000003 59899.400390625007 115797.00000000001 5252.0375976562509 118998.00000000001 25998.299804687504 30384.500000000004 24.500000000000004 3902.500122070313 7538.9001464843759 13.500000000000002 7538.9001464843759 2166.700073242188 78961.402343750015 3.5000000000000004 3.5000000000000004 47895.900390625007 39726.658203125007
decision_type=2 2 2 2 2 2 2 2 2 2 2 2 2 2 2 2 2 2 2 2 2 2 2 2 2 2 2 2 2 2 2 2 2 2 2 2 2 2 2 2 2 2 2 2 2 2 2 2 2
left_child=2 -2 3 4 -1 -6 7 13 10 -10 -9 12 -12 14 15 16 18 21 20 -20 -3 -18 23 24 32 -19 -24 28 -28 30 -30 -11 33 -23 35 -16 38 -38 42 40 -40 -42 -36 -44 -39 46 -46 48 -45
right_child=1 6 -4 -5 5 -7 -8 8 9 31 11 -13 -14 -15 34 -17 17 25 19 -21 -22 22 26 -25 -26 -27 27 -29 29 -31 -32 -33 -34 -35 36 -37 37 44 39 -41 41 -43 43 47 45 -47 -48 -49 -50
leaf_value=0.0010728536464389947 -0.041998270021329887 -0.050411552126599243 -0.054389934178802134 0.0093696838406461484 0.023115348417872654 -0.03120631359151008 0.027581325821717826 0.03881235760525651 -0.06359282086589374 0.0045012914314964594 -0.043027055371537927 -0.048547336203236341 0.020370796562546832 0.003001290468753335 -0.046094417727961794 0.023434430782419642 0.011677115363560754 -0.048957552899805391 -0.050888880271006319 0.014824934267369113 0.017443652022674356 -0.048778149966448241 0.025537475380386705 0.037219308916890841 -0.044896856786248371 -0.0044675958321733367 0.018174649514958927 0.019647422753884577 -0.0032623059521436578 0.020457399182763632 -0.059314555408894125 -0.062918405967023028 0.053801683860360383 0.03467546600677672 0.026012964806274397 -0.0032253368309688316 -0.034093191295647779 -0.0024762636807014408 -0.05345428280774752 -0.051029833522108332 0.015309464365003812 -0.026083156091347624 -0.045382139179003932 -0.041144220988817544 0.041913863779480948 -0.028773734681784038 -0.0093173020239298958 -0.02881400652860382 0.045399135518599074
leaf_weight=46306.866893995553 46.209023218601942 11.269533380866049 22.647169299423695 532.05828472226858 20.51015393435955 67.310568131506443 33.950350511819124 20.407970108091831 30.541249856352806 27.905159220099449 14.73316080495715 35.827306877821684 64.125127930194139 1640.7971074730158 45.209704734385014 78.474543161690235 180.86245149374008 50.643165342509747 30.332985118031502 27.520660817623138 292.25642311573029 17.320464760065082 54.360344350337982 11.518202513456343 82.466223195195198 31.945155128836632 26.521731823682785 53.630601614713669 18.332780346274376 12.000626325607298 42.59038282930851 10.690149150788782 9.4818394184112531 11.12222085893154 18.643012724816799 49.007522769272327 77.56835700571537 1142.8651038818061 10.025096774101256 13.066666401922701 328.39079108089209 24.246459014713764 50.082889899611473 8.1421505138278025 17.003546327352524 129.96474458649755 238.43448713421822 24.170248590409756 21.975943461060524
leaf_count=106017 285 51 100 830 28 318 42 24 139 48 88 186 128 3027 190 116 387 243 140 49 539 80 62 17 318 90 33 70 42 16 178 47 5 12 28 110 319 3252 44 63 625 107 254 49 23 496 620 97 29
internal_value=0.000833776 -0.001617 0.00110348 0.00113026 0.00103577 -0.0185197 -0.00125258 -0.00144503 -0.0135342 -0.0360041 -0.00203476 -0.00930339 0.00852612 -0.00093933 -0.00293404 0.00199851 0.000253836 -0.00522489 0.00939257 -0.0196292 0.0149243 -0.00101394 -0.00777795 -0.0244322 -0.0303306 -0.0317488 0.00281251 -0.00525757 -0.0186887 -0.0320956 -0.0424475 -0.0141727 0.00134338 -0.0161445 -0.00527302 -0.0237959 -0.00444379 -0.00667754 0.00274836 0.00849652 0.0106412 0.0124634 -0.0148086 -0.0221002 -0.00528604 -0.0136181 -0.00590704 -0.000621778 0.0220029
internal_weight=52116 5166.63 46949.4 46926.7 46394.7 87.8207 5120.42 5086.47 204.23 69.1366 135.094 114.686 78.8583 4882.24 3241.45 1042.65 964.176 602.796 361.38 57.8536 303.526 520.208 339.345 131.909 120.391 82.5883 207.436 153.076 99.4455 72.9238 60.9232 38.5953 37.9245 28.4427 2198.8 94.2172 2104.58 1605.84 498.743 375.729 362.662 352.637 123.014 104.371 1528.27 385.403 255.438 54.2883 30.1181
internal_count=120061 12768 107293 107193 106363 346 12483 12441 660 234 426 402 216 11781 8754 2448 2332 1553 779 189 590 1220 833 432 415 333 401 339 269 236 220 95 97 92 6306 300 6006 4710 1296 839 776 732 457 429 4391 1139 643 175 78
is_linear=0
shrinkage=0.03


Tree=153
num_leaves=50
num_cat=0
split_feature=3 2 12 11 12 13 3 19 8 7 19 3 8 9 12 3 12 9 7 7 4 18 7 15 7 19 9 4 7 7 12 9 8 12 18 18 3 7 10 19 12 2 3 8 2 12 19 7 8
split_gain=36.0527 81.2715 73.6067 38.3156 29.8288 32.6889 44.1727 50.9102 84.2401 66.9339 31.4 40.3225 40.6236 80.2254 34.8318 60.2859 45.1469 37.2637 34.4772 45.965 41.8539 39.2511 33.915 39.936 31.8406 39.3912 31.6366 31.6047 34.2239 54.2647 47.957 43.7743 42.137 59.0908 41.9469 46.5165 39.6965 39.6464 47.108 37.3833 35.4537 34.2575 35.0461 34.2571 34.1591 33.9316 47.8076 38.2282 33.546
threshold=5153.7292480468759 19800.333007812504 51.500000000000007 2.5000000000000004 43.500000000000007 11.500000000000002 5252.0375976562509 42.500000000000007 146495.50000000003 10837.100097656252 60.500000000000007 5417.1550292968759 32978.300781250007 2182.900024414063 19.500000000000004 7036.2397460937509 15.500000000000002 2399.3000488281255 8319.8999023437518 8757.1000976562518 17998.500000000004 1.5000000000000002 8021.1000976562509 2.5000000000000004 6390.3000488281259 53.500000000000007 3044.500122070313 12001.601074218752 10413.200195312502 9163.7001953125018 19.500000000000004 4325.3000488281259 25315.200195312504 13.500000000000002 4.5000000000000009 3.5000000000000004 5669.9001464843759 11435.300292968752 11215.800292968752 40.500000000000007 16.500000000000004 105047.69921875001 7917.7250976562509 16808.400390625004 66119.742187500015 9.5000000000000018 7.5000000000000009 7917.6000976562509 11700.800292968752
decision_type=2 2 2 2 2 2 2 2 2 2 2 2 2 2 2 2 2 2 2 2 2 2 2 2 2 2 2 2 2 2 2 2 2 2 2 2 2 2 2 2 2 2 2 2 2 2 2 2 2
left_child=2 -2 3 -1 5 10 -7 9 -9 -8 11 18 27 -14 16 -16 17 -15 20 -20 21 22 23 -3 -18 -26 -25 28 29 34 31 32 33 37 35 41 -31 -30 43 45 -33 42 -13 -39 48 47 -47 -36 -40
right_child=1 4 -4 -5 -6 6 7 8 -10 -11 -12 12 13 14 15 -17 24 -19 19 -21 -22 -23 -24 26 25 -27 -28 -29 30 36 -32 40 -34 -35 39 -37 -38 38 44 -41 -42 -43 -44 -45 -46 46 -48 -49 -50
leaf_value=0.0010047015745453748 -0.041586337405244304 -0.054206504709649453 -0.053247665965080702 0.0091111100949159592 0.026868933778865522 0.025862234720606073 0.028015892651220408 -0.04581670330828623 0.0050275296474817299 -0.049929475736583538 0.0066964589681442425 0.0067507951802864381 -0.03700799912966523 0.03237047681571488 0.019732993199425362 -0.027671521567100166 0.045861332082745829 -0.0023072567283289936 -0.062713862683575636 -0.013580529340844938 0.060796548429175513 0.0014482620622833127 0.022846496908879736 0.019949958799273977 -0.03863250107388945 0.0041208844236925689 -0.040732547749850211 -0.039785404226746077 0.024099079422148287 0.011714411482940021 -0.045726703000690656 -0.051753382249598204 0.025537281437858512 -0.0468070828818338 -0.018206553573770594 0.024018292882811484 -0.030672104873817916 0.0023348939135754872 0.038619519849433119 -0.037877217740929316 0.038552455823459515 -0.036834281299340389 -0.047871471292014856 -0.031768831502781168 0.027503395542150273 0.011776713995588594 -0.048954405386599335 0.042453207253714834 -0.049661940800805979
leaf_weight=46394.02447867021 45.280791770666838 33.811799079179764 22.442084290087223 530.76332700997591 33.807163801044226 23.105413869023323 37.248027816414833 84.554650131613016 44.901862934231758 13.512286961078642 443.66133891046047 266.00735977292061 59.679514192044735 28.234257504343987 137.74675266444683 29.276123765856028 5.8055612221360198 2278.3511577546597 18.419160172343254 246.04283036664128 9.1361666917800886 251.43218115717173 12.228913456201552 17.29869551956654 68.35354794934392 27.079291611909866 13.981940716505049 14.624757558107374 116.03506815433502 26.698361672461033 13.471972607076166 16.434962280094627 170.15691213682294 17.29279763251543 15.131782755255697 120.22221292555332 77.929731778800488 68.248815700411797 5.8798159211874035 35.077920377254486 5.1352012753486624 19.223695486783981 11.009180493652819 43.344254426658154 71.551257908344269 23.415996000170708 23.248048402369022 24.472350671887398 11.355017632246016
leaf_count=106363 285 149 100 830 42 36 67 407 76 74 855 550 252 44 199 122 10 5571 79 660 6 584 17 22 309 53 45 102 157 45 68 80 266 88 52 190 283 160 8 140 5 63 53 168 88 54 111 19 54
internal_value=0.000808825 -0.00157169 0.00107041 0.00109639 -0.00121737 -0.00140429 -0.0131901 -0.0181969 -0.0281814 0.007267 -0.000912886 -0.00167447 -0.000539844 -0.00262142 -0.00182441 0.0114238 -0.00274339 -0.00188278 -0.0088898 -0.0170026 -0.00254005 -0.00430019 -0.0229929 -0.0316048 -0.0223515 -0.0265011 -0.00717414 0.00404553 0.00458815 -8.85523e-05 0.0101633 0.0115963 0.0133879 0.00719295 0.00375714 0.00827968 -0.0198562 0.0101442 0.00206321 -0.0117643 -0.0302543 0.00189253 0.00458 -0.0109115 0.0183707 -0.00114641 -0.0184796 0.0192766 -0.0195439
internal_weight=52106.1 5158.92 46947.2 46924.8 5113.64 5079.83 203.322 180.217 129.457 50.7603 4876.51 4432.85 3830.49 2634.53 2574.85 167.023 2407.82 2306.59 602.352 264.462 337.89 328.754 77.3213 65.0924 101.238 95.4328 31.2806 1195.97 1181.34 642.437 538.906 525.434 503.864 333.707 537.809 416.462 104.628 316.414 200.379 121.346 21.5702 296.24 277.017 111.593 88.7861 86.2682 46.664 39.6041 17.2348
internal_count=120061 12768 107293 107193 12483 12441 660 624 483 141 11781 10926 9364 6560 6308 321 5987 5615 1562 739 823 817 233 216 372 362 67 2804 2702 1560 1142 1074 989 723 1232 856 328 635 478 376 85 666 603 328 150 236 165 71 62
is_linear=0
shrinkage=0.03


end of trees

feature_importances:
s0_credamount_770A=828
s0_annuity_780A=687
WEEK_NUM=670
ap1_credamount_590A_mean=666
ap1_annuity_853A_mean=663
ap1_annuity_853A_max=658
ap1_credamount_590A_max=514
s0_currdebt_22A=492
bura1_count=372
ap1_credacc_actualbalance_314A_mean=356
taxa_count=311
ap1_count=288
fe_dayofweek=242
per1_total_persons=226
fe_month=198
ap1_cancelreason_3545846M_nunique=157
burb1_count=97
ap1_actualdpd_943P_mean=69
taxb_count=46
fe_year=6

parameters:
[boosting: gbdt]
[objective: binary]
[metric: auc]
[tree_learner: serial]
[device_type: cpu]
[data_sample_strategy: bagging]
[data: ]
[valid: ]
[num_iterations: 500]
[learning_rate: 0.03]
[num_leaves: 50]
[num_threads: 2]
[seed: 42]
[deterministic: 0]
[force_col_wise: 0]
[force_row_wise: 0]
[histogram_pool_size: -1]
[max_depth: -1]
[min_data_in_leaf: 20]
[min_sum_hessian_in_leaf: 0.001]
[bagging_fraction: 0.8]
[pos_bagging_fraction: 1]
[neg_bagging_fraction: 1]
[bagging_freq: 5]
[bagging_seed: 400]
[bagging_by_query: 0]
[feature_fraction: 0.8]
[feature_fraction_bynode: 1]
[feature_fraction_seed: 30056]
[extra_trees: 0]
[extra_seed: 12879]
[early_stopping_round: 0]
[early_stopping_min_delta: 0]
[first_metric_only: 0]
[max_delta_step: 0]
[lambda_l1: 0]
[lambda_l2: 0]
[linear_lambda: 0]
[min_gain_to_split: 0]
[drop_rate: 0.1]
[max_drop: 50]
[skip_drop: 0.5]
[xgboost_dart_mode: 0]
[uniform_drop: 0]
[drop_seed: 17869]
[top_rate: 0.2]
[other_rate: 0.1]
[min_data_per_group: 100]
[max_cat_threshold: 32]
[cat_l2: 10]
[cat_smooth: 10]
[max_cat_to_onehot: 4]
[top_k: 20]
[monotone_constraints: ]
[monotone_constraints_method: basic]
[monotone_penalty: 0]
[feature_contri: ]
[forcedsplits_filename: ]
[refit_decay_rate: 0.9]
[cegb_tradeoff: 1]
[cegb_penalty_split: 0]
[cegb_penalty_feature_lazy: ]
[cegb_penalty_feature_coupled: ]
[path_smooth: 0]
[interaction_constraints: ]
[verbosity: -1]
[saved_feature_importance_type: 0]
[use_quantized_grad: 0]
[num_grad_quant_bins: 4]
[quant_train_renew_leaf: 0]
[stochastic_rounding: 1]
[linear_tree: 0]
[max_bin: 255]
[max_bin_by_feature: ]
[min_data_in_bin: 3]
[bin_construct_sample_cnt: 200000]
[data_random_seed: 175]
[is_enable_sparse: 1]
[enable_bundle: 1]
[use_missing: 1]
[zero_as_missing: 0]
[feature_pre_filter: 1]
[pre_partition: 0]
[two_round: 0]
[header: 0]
[label_column: ]
[weight_column: ]
[group_column: ]
[ignore_column: ]
[categorical_feature: ]
[forcedbins_filename: ]
[precise_float_parser: 0]
[parser_config_file: ]
[objective_seed: 16083]
[num_class: 1]
[is_unbalance: 1]
[scale_pos_weight: 1]
[sigmoid: 1]
[boost_from_average: 1]
[reg_sqrt: 0]
[alpha: 0.9]
[fair_c: 1]
[poisson_max_delta_step: 0.7]
[tweedie_variance_power: 1.5]
[lambdarank_truncation_level: 30]
[lambdarank_norm: 1]
[label_gain: ]
[lambdarank_position_bias_regularization: 0]
[eval_at: ]
[multi_error_top_k: 1]
[auc_mu_weights: ]
[num_machines: 1]
[local_listen_port: 12400]
[time_out: 120]
[machine_list_filename: ]
[machines: ]
[gpu_platform_id: -1]
[gpu_device_id: -1]
[gpu_use_dp: 0]
[num_gpu: 1]

end of parameters

pandas_categorical:null
